prev,curr,type,n
other-empty,Portrait_of_a_Man_(Raphael),external,13
other-search,Leonardo_da_Vinci,external,79096
other-empty,Raphael_Flauger,external,13
other-empty,Raphael_Hamilton,external,13
other-empty,Raphael_J._Moses,external,13
other-empty,Raphael_J._Sevilla,external,13
other-empty,Raphael_Macena,external,13
other-empty,Raphael_Pavlić,external,13
other-empty,Raphael_Ris,external,13
other-empty,Raphael_Success,external,13
other-empty,Raphael_catfish,external,13
other-empty,Raphaela_Keiser,external,13
other-empty,Richard_Raphael,external,13
other-search,Michelangelo,external,44420
other-search,David_(Michelangelo),external,34167
other-search,June_Diane_Raphael,external,28150
other-search,Pietà_(Michelangelo),external,24715
Robert_De_Niro,Raphael_De_Niro,link,24355
other-empty,Leonardo_da_Vinci,external,21799
other-empty,St._Raphael's_Girls'_Higher_Secondary_School,external,13
other-empty,The_Archangel_Raphael_and_Tobias_with_Two_Saints,external,13
other-search,Raphael,external,17513
Jon_Ossoff,Raphael_Warnock,link,13673
other-search,Raphael_Warnock,external,12132
other-search,Sally_Jessy_Raphael,external,12084
other-search,The_Last_Judgment_(Michelangelo),external,11108
June_Diane_Raphael,Paul_Scheer,link,11072
other-search,Arabelle_Raphael,external,10881
other-search,Raphael_(archangel),external,10776
other-empty,David_(Michelangelo),external,10670
other-search,Pre-Raphaelite_Brotherhood,external,10466
other-empty,Michelangelo,external,9789
other-external,SS_Michelangelo,external,13
other-external,Samson_Raphael_Hirsch,external,13
other-external,The_Deposition_(Michelangelo),external,13
Coventry_City_F.C.,Raphael_Borges_Rodrigues,link,7853
other-internal,Brutus_(Michelangelo),external,13
other-internal,Conservation-restoration_of_Leonardo_da_Vinci's_The_Last_Supper,external,13
Michelangelo,Pietà_(Michelangelo),link,7150
other-internal,Flavia_Titiana,external,13
other-search,List_of_works_by_Leonardo_da_Vinci,external,6834
Elle_(TV_series),June_Diane_Raphael,link,6567
other-search,Titian,external,6543
other-search,Donatello,external,6539
Leonardo_da_Vinci,Vitruvian_Man,link,6532
Leonardo_da_Vinci,The_Last_Supper_(Leonardo),link,6375
Paul_Scheer,June_Diane_Raphael,link,6314
Mona_Lisa,Leonardo_da_Vinci,link,6302
Michelangelo,Sistine_Chapel_ceiling,link,6265
Michelangelo,David_(Michelangelo),link,6204
other-internal,Michelangelo_(computer_virus),external,13
other-search,Raphael_Saadiq,external,5961
other-search,Raphael_Rowe,external,5958
Michelangelo,The_Last_Judgment_(Michelangelo),link,5942
Leonardo_da_Vinci,Mona_Lisa,link,5803
other-internal,Raphael_Montes,external,13
other-internal,"Salome_(Titian,_Rome)",external,13
other-search,Michelangelo_Antonioni,external,5514
other-search,Science_and_inventions_of_Leonardo_da_Vinci,external,5416
other-internal,The_Pre-Raphaelite,external,13
Leonardo_da_Vinci,Virgin_of_the_Rocks,link,5273
Michelangelo,The_Creation_of_Adam,link,5130
other-empty,June_Diane_Raphael,external,5117
other-other,List_of_paintings_by_Raphael,external,13
other-other,Piazzale_Michelangelo,external,13
other-other,Raphael_Warnock,external,13
other-other,"Risen_Christ_(Michelangelo,_Santa_Maria_sopra_Minerva)",external,13
other-empty,Pietà_(Michelangelo),external,4856
other-other,The_Michelangelo,external,13
other-other,The_Rape_of_Europa_(Titian),external,13
Leonardo_da_Vinci,Michelangelo,link,4570
Leonardo_da_Vinci,Lady_with_an_Ermine,link,4497
other-empty,Raphael,external,4440
Leonardo_da_Vinci,Polymath,link,4260
other-search,David_di_Donatello_for_Best_International_Film,external,13
Diahnne_Abbott,Raphael_De_Niro,link,4110
other-search,Raphael_Sbarge,external,4100
other-search,Vandalism_of_Michelangelo's_Pietà,external,3997
Michelangelo,Leonardo_da_Vinci,link,3981
other-search,Moses_(Michelangelo),external,3960
Michelangelo,Madonna_of_Bruges,link,3914
other-empty,Raphael_Warnock,external,3800
other-empty,Sally_Jessy_Raphael,external,3797
other-internal,Leonardo_da_Vinci,external,3773
Michelangelo,Moses_(Michelangelo),link,3668
Mary_Beard,Raphael_Cormack,link,3605
other-search,Molly_Raphael,external,13
other-search,Raphael_H._Cohen,external,13
other-search,Raphael_Hadane,external,13
other-search,Raphael_House,external,13
other-search,Raphael_Khouri,external,13
other-search,Raphael_Thoene,external,13
other-search,Raphael_Xavier,external,13
other-empty,Frederic_Raphael,external,3302
BoJack_Horseman,Raphael_Bob-Waksberg,link,3280
other-search,Saint_Dominic_(Titian),external,13
other-search,Shamira_Raphaela,external,13
other-empty,Pre-Raphaelite_Brotherhood,external,3228
other-search,List_of_works_by_Michelangelo,external,3212
other-search,St._Raphael_School,external,13
other-search,Raphael_Borges_Rodrigues,external,3188
other-search,Raphael_Bob-Waksberg,external,3146
Leonardo_da_Vinci,Salvator_Mundi_(painting),link,3062
other-search,Transfiguration_(Raphael),external,3058
other-search,Raphael_Onyedika,external,3033
other-empty,Raphael_(archangel),external,3028
1935,Sally_Jessy_Raphael,link,12
1964_New_York_World's_Fair,Pietà_(Michelangelo),link,12
Leonardo_da_Vinci,List_of_works_by_Leonardo_da_Vinci,link,2804
1996_UEFA_Super_Cup,Michelangelo_Rampulla,link,12
1996–97_Juventus_FC_season,Michelangelo_Rampulla,link,12
1st_Born_Second,Raphael_Saadiq,link,12
2003_AFL_draft,Raphael_Clarke,link,12
other-external,Leonardo_da_Vinci,external,2700
2009_IndyCar_Series,Raphael_Matos,link,12
other-empty,The_Last_Judgment_(Michelangelo),external,2669
2013_World_Championships_in_Athletics,Raphael_Holzdeppe,link,12
2014–15_West_Ham_United_F.C._season,Raphael_Spiegel,link,12
David_(Michelangelo),Michelangelo,link,2616
other-search,Raphael_(Teenage_Mutant_Ninja_Turtles),external,2612
2019_FIFA_U-17_World_Cup_squads,Raphael_Lea'i,link,12
Raphael_Bob-Waksberg,Long_Story_Short_(TV_series),link,2572
other-empty,Titian,external,2570
"Life,_Larry_and_the_Pursuit_of_Unhappiness",June_Diane_Raphael,link,2558
2020–21_Belgian_First_Division_A,Raphael_Holzhauser,link,12
other-empty,Raphael_Bob-Waksberg,external,2533
other-search,Donatello_(Teenage_Mutant_Ninja_Turtles),external,2528
other-empty,Raphaela_Neihausen,external,2526
other-search,Raphael_(singer),external,2488
2025–26_UEFA_Champions_League_league_phase,Raphael_Onyedika,link,12
2025–26_Vietnamese_Cup,Raphael_Utzig,link,12
other-search,Mickey_Raphael,external,2439
Raphael_Warnock,Jon_Ossoff,link,2410
21st-century_genocides,Raphael_Lemkin,link,12
68th_Annual_Grammy_Awards,Raphael_Saadiq,link,12
70th_David_di_Donatello,Vermiglio_(film),link,12
Chiney_Ogwumike,Raphael_Akpejiori,link,2323
other-search,Michelangelo_(Teenage_Mutant_Ninja_Turtles),external,2313
Adoration_of_the_Magi_(Leonardo),List_of_works_by_Leonardo_da_Vinci,link,12
Adrien_Douady,Raphael_Douady,link,12
other-search,Raphael_De_Niro,external,2240
Afghan_Girl,Leonardo_da_Vinci,link,12
Agostino_Vespucci,Leonardo_da_Vinci,link,12
Archangel,Raphael_(archangel),link,2194
Leonardo_da_Vinci,Château_d'Amboise,link,2184
Raphael_Warnock,Kelly_Loeffler,link,2177
Raphael_De_Niro,Diahnne_Abbott,link,2175
Alessandro_Borghi_(actor),David_di_Donatello_for_Best_Actor,link,12
June_Diane_Raphael,Casey_Wilson,link,2137
other-internal,Michelangelo,external,2132
Tony!_Toni!_Toné!,Raphael_Saadiq,link,2130
other-search,Assumption_of_the_Virgin_(Titian),external,2125
Grace_and_Frankie,June_Diane_Raphael,link,2121
Amaryllis_Fleming,Raphael_Wallfisch,link,12
other-search,"David_(Donatello,_bronze)",external,2119
other-search,The_Rape_of_Europa_(Titian),external,2118
American_Pre-Raphaelites,Peter_Bonnett_Wight,link,12
Leonardo_da_Vinci,Salaì,link,2099
other-search,Raphael_Veiga,external,2096
other-empty,Donatello,external,2083
Leonardo_da_Vinci,High_Renaissance,link,2081
other-empty,Michelangelo_Antonioni,external,2074
Anton_Raphael_Mengs,Giacomo_Casanova,link,12
Arabelle_Raphael,Sex_work,link,12
Archduchess_Maria_Josepha_of_Austria_(1751–1767),Anton_Raphael_Mengs,link,12
Arthur_J._Bressan_Jr.,Raphael_Sbarge,link,12
Kelly_Loeffler,Raphael_Warnock,link,1951
Weapons_(2025_film),June_Diane_Raphael,link,1914
Azoulay,Raphael_Isaiah_Azulai,link,12
Azurite_(pigment),The_Entombment_(Michelangelo),link,12
Baby_Boy_(film),Raphael_Saadiq,link,12
Bacchus_(Michelangelo),Florence,link,12
other-search,Raphael_(given_name),external,1893
Raphael,The_School_of_Athens,link,1870
Pietà_(Michelangelo),Michelangelo,link,1860
other-search,Raphael_Nathan,external,1852
Battle_of_Cascina_(Michelangelo),Doni_Tondo,link,12
Battle_of_the_Atlantic,Italian_submarine_Leonardo_da_Vinci_(1939),link,12
other-search,Raphael_Lemkin,external,1817
other-empty,Assumption_of_the_Virgin_(Titian),external,1814
other-search,Personal_life_of_Leonardo_da_Vinci,external,1810
other-search,Portrait_of_a_Young_Man_(Raphael),external,1805
Big_Country,The_Raphaels,link,12
other-empty,List_of_works_by_Leonardo_da_Vinci,external,1771
Biltmore_Estate,Raphael,link,12
Blow-Up_(short_story),Michelangelo_Antonioni,link,12
Teenage_Mutant_Ninja_Turtles,Donatello_(Teenage_Mutant_Ninja_Turtles),link,1746
BoJack_Horseman_season_1,Raphael_Bob-Waksberg,link,12
Bob_Kane,Leonardo_da_Vinci,link,12
Book_of_Judith,Michelangelo,link,12
2028_United_States_presidential_election,Raphael_Warnock,link,1724
David_(Michelangelo),David,link,1722
The_Last_Supper_(Leonardo),Leonardo_da_Vinci,link,1687
Burial_of_Jesus,The_Entombment_(Michelangelo),link,12
Camera_obscura,Leonardo_da_Vinci,link,12
Caprese_Michelangelo,Tuscany,link,12
Cardinal_and_Theological_Virtues_(Raphael),Raphael_Rooms,link,12
Catafalque,Michelangelo,link,12
Catholic_Church_and_Nazi_Germany,Raphael's_Verein,link,12
Teenage_Mutant_Ninja_Turtles,Raphael_(Teenage_Mutant_Ninja_Turtles),link,1586
other-search,Raphael_Ravenscroft,external,1582
other-search,Titian_hair,external,1579
other-external,Saint_George_and_the_Dragon_(Raphael),external,1577
Pre-Raphaelite_Brotherhood,Dante_Gabriel_Rossetti,link,1555
Zabriskie_Point_(film),Michelangelo_Antonioni,link,1552
other-empty,Raphael_Saadiq,external,1540
Church_of_Sts._Cyril_&_Methodius_and_St._Raphael,"Hell's_Kitchen,_Manhattan",link,12
Claude_Monet,Leonardo_da_Vinci,other,12
Complex_Simplicity,Raphael_Saadiq,link,12
David_(Michelangelo),Galleria_dell'Accademia,link,1477
Conservation-restoration_of_Leonardo_da_Vinci's_The_Last_Supper,List_of_works_by_Leonardo_da_Vinci,link,12
Pre-Raphaelite_Brotherhood,Nazarene_movement,link,1466
Donatello,"David_(Donatello,_bronze)",link,1465
Drena_De_Niro,Raphael_De_Niro,link,1459
Leonardo_da_Vinci,Francesco_Melzi,link,1457
Alan_Ritchson,Raphael_(Teenage_Mutant_Ninja_Turtles),link,1445
Raphael,Michelangelo,link,1441
Cultural_references_to_Leonardo_da_Vinci,Ever_After,link,12
Michelangelo_Antonioni,The_Passenger_(1975_film),link,1440
D.J._Gugenheim,Samson_Raphael_Hirsch,link,12
Da_Vinci's_self_supporting_bridge,Science_and_inventions_of_Leonardo_da_Vinci,other,12
Daisy_Miller_(film),Frederic_Raphael,link,12
Leonardo_da_Vinci,"Vinci,_Tuscany",link,1424
Teenage_Mutant_Ninja_Turtles,Michelangelo_(Teenage_Mutant_Ninja_Turtles),link,1417
"David_(Donatello,_bronze)",Domenico_Ghirlandaio,link,12
"David_(Donatello,_bronze)",Favourite,link,12
"David_(Donatello,_bronze)",Philistines,link,12
Raphael_Bob-Waksberg,Undone_(TV_series),link,1404
other-empty,Michelangelo_(Teenage_Mutant_Ninja_Turtles),external,1402
David_di_Donatello,Academy_Awards,link,12
David_di_Donatello,David_di_Donatello_for_Best_Foreign_Director,link,12
David_di_Donatello_for_Best_Actor,David_di_Donatello,link,12
David_di_Donatello_for_Best_Actress,Micaela_Ramazzotti,link,12
David_di_Donatello_for_Best_Actress,Virna_Lisi,link,12
David_di_Donatello_for_Best_Film,71st_David_di_Donatello,link,12
David_di_Donatello_for_Best_Film,Caesar_Must_Die,link,12
David_di_Donatello_for_Best_Film,David_di_Donatello,link,12
Robin_Cormack,Raphael_Cormack,link,1391
Leonardo_da_Vinci,Andrea_del_Verrocchio,link,1384
other-search,Masaccio,external,1381
other-search,Holy_Trinity_(Masaccio),external,1379
other-search,Sylvia_Raphael,external,1377
Depiction_of_Jesus,Michelangelo,link,12
other-search,Bacchus_(Michelangelo),external,1362
other-search,Raphael_Rooms,external,1358
Leonardo_da_Vinci,Da_Vinci_family,link,1357
Michelangelo_Antonioni,Blowup,link,1354
Pre-Raphaelite_Brotherhood,John_Everett_Millais,link,1344
Donatello,Arte_della_Lana,link,12
Donatello,Palazzo_Medici_Riccardi,link,12
Donatello,Sagrestia_Vecchia,link,12
Donatello_(Teenage_Mutant_Ninja_Turtles),April_O'Neil,link,12
Donatello_(Teenage_Mutant_Ninja_Turtles),Corey_Feldman,link,12
Donatello_(Teenage_Mutant_Ninja_Turtles),Teenage_Mutant_Ninja_Turtles_(2003_TV_series)_season_4,link,12
The_Creation_of_Adam,Michelangelo,link,1338
Draco_(legislator),Raphael_Sealey,link,12
Baker_Street_(song),Raphael_Ravenscroft,link,1323
other-search,Replicas_of_Michelangelo's_David,external,1321
other-empty,Science_and_inventions_of_Leonardo_da_Vinci,external,1318
El_Escorial,Titian,link,12
Engineering_drawing,Science_and_inventions_of_Leonardo_da_Vinci,link,12
Sistine_Chapel,The_Last_Judgment_(Michelangelo),link,1264
Ethnocide,Raphael_Lemkin,link,12
The_School_of_Athens,Raphael,link,1259
Ever_After,Cultural_references_to_Leonardo_da_Vinci,link,12
Ezra_Stiles,Raphael_Hayyim_Isaac_Carregal,link,12
Feast_of_Saint_Lawrence,The_Martyrdom_of_Saint_Lawrence_(Titian),other,12
Max_Minghella,Emanuel_Raphael_Belilios,link,1231
Flavia_Titiana,Pertinax_the_Younger,link,12
Flora_(Titian),Vanity_(Titian),link,12
other-internal,Raphael,external,1210
other-search,Flaying_of_Marsyas_(Titian),external,1203
Francesco_II_Sforza,Titian,link,12
Francesco_Maria_I_della_Rovere,Titian,link,12
Francesco_Vecellio,Titian,link,12
Diane_Cilento,Raphael_Cilento,link,1196
Michelangelo_Antonioni,L'Avventura,link,1193
Frederic_Raphael,Women_&_Men:_Stories_of_Seduction,link,12
Michelangelo,High_Renaissance,link,1164
Genocides_in_history_(before_1490),Raphael_Lemkin,link,12
Raphael,Leonardo_da_Vinci,link,1155
Gian_Lorenzo_Bernini,David_(Michelangelo),link,12
Gianni_Infantino,Raphael_Claus,other,12
Michelangelo,Raphael,link,1150
Gidea_Park,Raphael_Park,link,12
other-search,Yuval_Raphael,external,1150
Giulio_Romano,Raphael_Rooms,link,12
Giuseppe_Arcimboldo,Leonardo_da_Vinci,link,12
Raphael_Warnock,2022_United_States_Senate_election_in_Georgia,link,1145
Gordon_Raphael,Fobia,link,12
Gordon_Raphael,Moses_Schneider,link,12
Pre-Raphaelite_Brotherhood,Quattrocento,link,1125
Greek_mythology,Leonardo_da_Vinci,link,12
Greyhound,Pre-Raphaelite_Brotherhood,link,12
Georgia_(U.S._state),Raphael_Warnock,link,1117
Hanno_(elephant),Raphael,link,12
Pre-Raphaelite_Brotherhood,William_Holman_Hunt,link,1101
Hard_to_Explain,Gordon_Raphael,link,12
other-search,Michelangelo_phenomenon,external,1095
other-empty,Moses_(Michelangelo),external,1088
Raphael,Sistine_Madonna,link,1085
Henri_Matisse,Donatello,link,12
Leonardo_da_Vinci,Saint_John_the_Baptist_(Leonardo),link,1081
Hesperus,Anton_Raphael_Mengs,link,12
Sistine_Chapel,Michelangelo,link,1074
History_of_Western_civilization,Raphael,link,12
History_of_the_nude_in_art,"David_(Donatello,_bronze)",link,12
Homoeroticism,Michelangelo,link,12
Raphael_Warnock,Herschel_Walker,link,1052
other-empty,Vandalism_of_Michelangelo's_Pietà,external,1047
Il_Sodoma,Leonardo_da_Vinci,link,12
Mating_Season,June_Diane_Raphael,link,1032
Pietà_(Michelangelo),Vandalism_of_Michelangelo's_Pietà,link,1028
Infanta_María_Josefa_of_Spain,Anton_Raphael_Mengs,link,12
Leonardo_da_Vinci,Anchiano,link,1017
other-internal,David_(Michelangelo),external,1017
Italian_battleship_Leonardo_da_Vinci,Austria-Hungary,link,12
Italian_lira,Galatea_(Raphael),link,12
Italian_submarine_Leonardo_da_Vinci_(1939),CA-class_submarine,link,12
Jacques-Louis_David,Raphael,link,12
Salvator_Mundi_(painting),Leonardo_da_Vinci,link,1002
other-empty,Raphael_De_Niro,external,996
other-search,Penitent_Magdalene_(Donatello),external,995
Raphael_Warnock,Ebenezer_Baptist_Church,link,989
other-search,The_Deposition_(Michelangelo),external,977
John_Castle,Michelangelo_Antonioni,link,12
John_Rogers_Herbert,Pre-Raphaelite_Brotherhood,link,12
Leonardo_da_Vinci,Personal_life_of_Leonardo_da_Vinci,link,970
Leonardo_da_Vinci,Renaissance_humanism,link,967
Joseph_Needham,Leonardo_da_Vinci_Medal,link,12
Joseph_Noel_Paton,Pre-Raphaelite_Brotherhood,link,12
José_Luis_Perales,Raphael_(singer),link,12
June_Diane_Raphael,Fresh_Off_the_Boat,link,12
June_Diane_Raphael,Jon_Cryer,link,12
June_Diane_Raphael,Star_Trek:_Lower_Decks,link,12
other-search,Piazzale_Michelangelo,external,954
Vitruvian_Man,Leonardo_da_Vinci,link,953
Kahlil_Gibran,Leonardo_da_Vinci,link,12
Seven_Archangels,Raphael_(archangel),link,952
Raphael,Raphael_Rooms,link,945
Stop!_That!_Train!,June_Diane_Raphael,link,945
other-internal,Titian,external,942
Kimbell_Art_Museum,Michelangelo,link,12
Raphael_Rowe,M25_Three,link,931
Leonardo_da_Vinci,Bacchus_(Leonardo),link,925
Once_Upon_a_Time_(TV_series),Raphael_Sbarge,link,921
LGBTQ_nobility_and_royalty,Personal_life_of_Leonardo_da_Vinci,link,12
June_Diane_Raphael,Grace_and_Frankie,link,916
Michelangelo_Antonioni,Zabriskie_Point_(film),link,915
other-empty,Raphael_(Teenage_Mutant_Ninja_Turtles),external,910
Latymer_Upper_School,Raphael_Wallfisch,link,12
Club_América,Raphael_Veiga,link,909
Michelangelo_Antonioni,La_Notte,link,904
Leonardo_da_Vinci,Genghis_Khan,other,12
Leonardo_da_Vinci,John_Argyropoulos,link,12
Leonardo_da_Vinci,Predella,link,12
Raphael_Warnock,2020–21_United_States_Senate_special_election_in_Georgia,link,899
other-empty,Transfiguration_(Raphael),external,898
Liberation_of_Saint_Peter_(Raphael),Raphael_Rooms,link,12
Liechtenstein,Leonardo_da_Vinci,link,12
John_William_Waterhouse,Pre-Raphaelite_Brotherhood,link,894
List,Michelangelo,link,12
Sistine_Chapel_ceiling,Michelangelo,link,886
Long_Story_Short_(TV_series),Raphael_Bob-Waksberg,link,883
Syro-Malabar_Church,Raphael_Thattil,link,880
List_of_Family_Guy_characters,Leonardo_da_Vinci,link,12
Leonardo_da_Vinci,Republic_of_Florence,link,875
Michelangelo,Mannerism,link,875
Main_Page,Leonardo_da_Vinci,other,872
List_of_Italian_painters,Michelangelo_Anselmi,link,12
List_of_LGBTQ_Catholics,Leonardo_da_Vinci,link,12
List_of_LGBTQ_Catholics,Michelangelo,link,12
List_of_LGBTQ_artists,Michelangelo,link,12
Leonardo_da_Vinci,Caterina_di_Meo_Lippi,link,865
Renaissance,Leonardo_da_Vinci,link,861
List_of_Pre-Raphaelite_paintings,Daniel_Alexander_Williamson,link,12
List_of_Pre-Raphaelite_paintings,Dante_Gabriel_Rossetti,link,12
List_of_Pre-Raphaelite_paintings,Eos_(painting),link,12
List_of_Pre-Raphaelite_paintings,Evelyn_De_Morgan,link,12
List_of_Pre-Raphaelite_paintings,"I_Am_Half-Sick_of_Shadows,_Said_the_Lady_of_Shalott",link,12
List_of_Pre-Raphaelite_paintings,Joseph_Noel_Paton,link,12
List_of_Pre-Raphaelite_paintings,Love's_Shadow,link,12
List_of_Pre-Raphaelite_paintings,Margaret_Wilson_(Scottish_martyr),link,12
List_of_Pre-Raphaelite_paintings,Mary_Magdalene_(Sandys),link,12
List_of_Pre-Raphaelite_paintings,Morgan_le_Fay_(painting),link,12
List_of_Pre-Raphaelite_paintings,Queen_Eleanor_(painting),link,12
List_of_Pre-Raphaelite_paintings,Simeon_Solomon,link,12
List_of_Pre-Raphaelite_paintings,The_Boyhood_of_Raleigh,link,12
List_of_Pre-Raphaelite_paintings,Thoughts_of_the_Past,link,12
List_of_Rise_of_the_Teenage_Mutant_Ninja_Turtles_characters,Donatello_(Teenage_Mutant_Ninja_Turtles),link,12
List_of_S.H.I.E.L.D._members,Leonardo_da_Vinci,link,12
List_of_Sabrina_the_Teenage_Witch_(1996_TV_series)_characters,Sally_Jessy_Raphael,link,12
High_Renaissance,Raphael,link,858
Pre-Raphaelite_Brotherhood,Mannerism,link,846
List_of_authors_banned_in_Nazi_Germany,Leonardo_da_Vinci,link,12
Raphael_De_Niro,Robert_De_Niro_Sr.,link,842
other-empty,Donatello_(Teenage_Mutant_Ninja_Turtles),external,838
Blowup,Michelangelo_Antonioni,link,837
Blockers_(film),June_Diane_Raphael,link,835
Eintracht_Frankfurt,Raphael_Onyedika,link,829
Sally_Jessy_Raphael,Sally_(talk_show),link,828
Leonardo_da_Vinci,Leonardo's_fighting_vehicle,link,827
other-search,Saint_George_and_the_Dragon_(Raphael),external,824
Pre-Raphaelite_Brotherhood,Raphael,link,820
other-search,List_of_paintings_by_Raphael,external,813
List_of_mountain_men,Jacques_Raphael_Finlay,link,12
Michelangelo,St._Peter's_Basilica,link,810
List_of_new_jack_swing_artists,Raphael_Saadiq,link,12
List_of_paintings_by_Dante_Gabriel_Rossetti,Pre-Raphaelite_Brotherhood,link,12
List_of_paintings_by_Raphael,Madonna_of_the_Baldacchino,link,12
List_of_paintings_by_Raphael,Portrait_of_a_Cardinal_(Raphael),link,12
List_of_people_claimed_to_possess_an_eidetic_memory,Leonardo_da_Vinci,link,12
List_of_people_who_were_beheaded,Titian,link,12
Michelangelo,Tommaso_dei_Cavalieri,link,804
Raphael_Borges_Rodrigues,"Cristiano_(footballer,_born_1981)",link,803
Michelangelo_Antonioni,L'Eclisse,link,798
Raphael,Transfiguration_(Raphael),link,796
Raphael_Saadiq,Tony!_Toni!_Toné!,link,795
List_of_statues,Pietà_(Michelangelo),link,12
List_of_statues_of_Jesus,"Risen_Christ_(Michelangelo,_Santa_Maria_sopra_Minerva)",link,12
List_of_vegetarians,Leonardo_da_Vinci,link,12
other-search,List_of_Pre-Raphaelite_paintings,external,790
List_of_works_by_Michelangelo,Florence,link,12
List_of_works_by_Michelangelo,Porta_Pia,link,12
List_of_works_by_Titian,La_Bella,link,12
List_of_works_by_Titian,Portrait_of_Giacomo_di_Andrea_Dolfin,link,12
List_of_works_by_Titian,Portrait_of_Isabella_of_Portugal_(Titian),link,12
"Lives_of_the_Most_Excellent_Painters,_Sculptors,_and_Architects",Michelangelo,link,12
Longevity,Michelangelo,link,12
other-external,David_(Michelangelo),external,778
Luca_della_Robbia,Girolamo_della_Robbia,link,12
"Lucky_Man_(Emerson,_Lake_&_Palmer_song)",Pre-Raphaelite_Brotherhood,link,12
Zodiac_(film),June_Diane_Raphael,link,773
Jason_Mantzoukas,June_Diane_Raphael,link,772
John_Everett_Millais,Pre-Raphaelite_Brotherhood,link,768
other-empty,Arabelle_Raphael,external,764
Main_Page,Frederic_Raphael,other,12
other-empty,Raphael_Sbarge,external,762
Main_Page,Raphael_(Teenage_Mutant_Ninja_Turtles),other,12
Main_Page,Raphael_Bob-Waksberg,other,12
Main_Page,Titian_hair,other,12
Margarita_Luti,Galatea_(Raphael),link,12
other-search,Raphael_Obermair,external,747
Martin_Luther,Leonardo_da_Vinci,other,12
Raphael_(archangel),Archangel,link,743
Masaccio,International_Gothic,link,12
Mascarene_Islands,Raphael_Fishing_Company,link,12
Matter_of_Britain,Raphael_Holinshed,link,12
Maureen_Stapleton,Raphael_Soyer,link,12
Sally_(talk_show),Sally_Jessy_Raphael,link,739
other-empty,Raphael_Armattoe,external,739
Raphael_Cormack,Robin_Cormack,link,736
other-external,Michelangelo,external,734
Metamorphoses,Diana_and_Actaeon_(Titian),link,12
Lisa_del_Giocondo,Leonardo_da_Vinci,link,730
other-search,The_Tribute_Money_(Masaccio),external,730
Michelangelo,Bastiano_da_Sangallo,link,12
Michelangelo,Contrapposto,link,12
Michelangelo,John_the_Baptist,link,12
Michelangelo,Masaccio,link,12
Michelangelo,Nanny,link,12
Michelangelo,Palazzo_Farnese,link,12
Michelangelo_(Teenage_Mutant_Ninja_Turtles),April_O'Neil,link,12
Michelangelo_(Teenage_Mutant_Ninja_Turtles),Brandon_Mychal_Smith,link,12
Michelangelo_(Teenage_Mutant_Ninja_Turtles),Ninjutsu,link,12
Michelangelo_(Teenage_Mutant_Ninja_Turtles),Teenage_Mutant_Ninja_Turtles_(2003_TV_series),link,12
Michelangelo_(disambiguation),Michelangelo,link,12
Michelangelo_(disambiguation),SS_Michelangelo,link,12
Michelangelo_(given_name),Michelangelo_(Teenage_Mutant_Ninja_Turtles),link,12
Michelangelo_Antonioni,Antonioni_(surname),link,12
Michelangelo_Antonioni,Emilia-Romagna,link,12
Michelangelo_Antonioni,Italian_neorealism,link,12
Michelangelo_Antonioni,Richard_Brody,link,12
Michelangelo_Antonioni,University_of_Bologna,link,12
Michelangelo_Dying,Mexican_Summer,link,12
Michelangelo_Florio,John_Florio,link,12
Michelangelo_Rampulla,Andreas_Isaksson,link,12
Michelangelo_Rampulla,Fabián_Carini,link,12
Michelangelo_Signorile,David_Geffen,link,12
Michelangelo_and_the_Medici,Pope_Leo_X,link,12
Michelangelo,List_of_works_by_Michelangelo,link,728
Suleiman_the_Magnificent,Titian,link,728
Mike_Pondsmith,The_Lost_Notebooks_of_Leonardo_da_Vinci,link,12
other-search,The_Marriage_of_the_Virgin_(Raphael),external,723
other-empty,Raphael_Lemkin,external,718
Mony_Mony,The_Michelangelo,link,12
Moses_(Michelangelo),Sagrestia_Nuova,link,12
other-internal,Pre-Raphaelite_Brotherhood,external,713
other-search,Sisyphus_(Titian),external,712
other-external,Pietà_(Michelangelo),external,711
other-search,Galatea_(Raphael),external,710
Museo_Nazionale_Scienza_e_Tecnologia_Leonardo_da_Vinci,Human_torpedo,link,12
Museo_de_Arte_de_Ponce,Pre-Raphaelite_Brotherhood,link,12
Museo_del_Prado,Portrait_of_a_Cardinal_(Raphael),link,12
My_Little_Pony_(TV_special),Gerrianne_Raphael,link,12
Risky_Business,Raphael_Sbarge,link,708
other-search,Raphael_Cartoons,external,705
other-empty,Raphael_Rowe,external,704
other-search,List_of_works_by_Titian,external,703
Raphael_Bob-Waksberg,Tuca_&_Bertie,link,702
National_Gallery,Raphael,link,12
Neasden,St_Raphael's_Estate,link,12
Nerva,Lucius_Salvius_Otho_Titianus,link,12
Leonardo_da_Vinci,Double_hull,link,696
New_Historians,Raphael_Israeli,link,12
Hibernian_F.C.,Raphael_Sallinger,link,695
other-search,Danaë_(Titian_paintings),external,692
other-search,Gordon_Raphael,external,692
Ninja_Turtles:_The_Next_Mutation,Donatello_(Teenage_Mutant_Ninja_Turtles),link,12
Noga_Alon,Raphael_Yuster,link,12
other-search,Andrea_del_Sarto,external,688
Nude_(art),Titian,link,12
Nymph_and_Shepherd,Titian,link,12
Leonardo_da_Vinci,Paleontology,link,683
Sistine_Chapel_ceiling,The_Last_Judgment_(Michelangelo),link,683
Stoke_City_F.C.,Raphael-Pijus_Otegbayo,other,683
other-empty,Raphael_Rooms,external,683
Michelangelo_Antonioni,Beyond_the_Clouds_(1995_film),link,681
Olympian_spirits,Raphael_(archangel),link,12
St._Peter's_Basilica,Michelangelo,link,678
other-empty,Masaccio,external,678
Operation_Neuland,Italian_submarine_Leonardo_da_Vinci_(1939),link,12
Orleans_Collection,Madonna_and_Child_Enthroned_with_Saints_(Raphael),link,12
Michelangelo,Caprese_Michelangelo,link,674
other-search,SS_Michelangelo,external,673
other-search,"Risen_Christ_(Michelangelo,_Santa_Maria_sopra_Minerva)",external,671
Michelangelo,Republic_of_Florence,link,670
Palazzo_Pazzi,Donatello,link,12
Palazzo_Pitti,Raphael,link,12
June_Diane_Raphael,Elle_(TV_series),link,669
Paul_Jones_Semmes,Raphael_Semmes,link,12
Peale's_falcon,Titian_Peale,link,12
"Penitent_Magdalene_(Titian,_1565)",Titian,link,12
Perseus_and_Andromeda_(Titian),Diana_and_Callisto,link,12
Personal_life_of_Leonardo_da_Vinci,Attention_deficit_hyperactivity_disorder,link,12
Personal_life_of_Leonardo_da_Vinci,Hose_(clothing),link,12
Personal_life_of_Leonardo_da_Vinci,The_School_of_Athens,link,12
Perspective_(graphical),Donatello,link,12
Perspective_(graphical),The_Tribute_Money_(Masaccio),link,12
Piazzale_Michelangelo,Palazzo_Vecchio,link,12
Pietro_Perugino,Michelangelo,link,12
Pietà_(Michelangelo),Pope_John_XXIII,link,12
Pietà_(Michelangelo),Vertex_(geometry),link,12
Pre-Raphaelite_Brotherhood,Jane_Morris,link,654
Raphael_De_Niro,Virginia_Admiral,link,652
Raphael_Warnock,Tim_Scott,link,652
Portrait_of_Caracalla,Brutus_(Michelangelo),link,12
"Portrait_of_Charles_V_(Titian,_Munich)",Lambert_Sustris,link,12
Portrait_of_Maddalena_Doni,Raphael,link,12
Portrait_of_a_Young_Man_(Raphael),Linz,link,12
Portrait_of_a_Young_Man_(Raphael),Silesia,link,12
Portraiture_of_Elizabeth_I,Titian,link,12
Pre-Raphaelite_Brotherhood,East_of_Eden_(novel),link,12
Pre-Raphaelite_Brotherhood,Hogarth_Club,link,12
Primetime_Emmy_Award_for_Outstanding_Limited_or_Anthology_Series,The_Life_of_Leonardo_da_Vinci,link,12
Princess_Hélène_of_Orléans,"St_Raphael's_Church,_Surbiton",link,12
Prophet,Michelangelo,link,12
Eyes_Wide_Shut,Frederic_Raphael,link,640
Queen_Eleanor_(painting),Pre-Raphaelite_Brotherhood,link,12
Queen_Victoria,Raphael,other,12
other-empty,Personal_life_of_Leonardo_da_Vinci,external,636
Raffaele_Riario,Sleeping_Cupid_(Michelangelo),link,12
Raphael,Ancient_Roman_sarcophagi,link,12
Raphael,Architect,link,12
Raphael,Louvre,link,12
Raphael,Paolo_Uccello,link,12
Raphael,Sprezzatura,link,12
Raphael_(Teenage_Mutant_Ninja_Turtles),Teenage_Mutant_Ninja_Turtles_(2012_TV_series),link,12
Raphael_(Teenage_Mutant_Ninja_Turtles),Turtles_Forever,link,12
Raphael_(archangel),"Feast_of_Saint_Raphael,_Ollur",link,12
Raphael_(archangel),Islam,link,12
Raphael_(archangel),Koiak,link,12
Raphael_(archangel),Occidental_Mindoro,link,12
Raphael_(archangel),Oriental_Orthodox_Churches,link,12
Raphael_(archangel),Sarah,link,12
Raphael_(archangel),Tablet_(religious),link,12
Raphael_(given_name),Tel_Lachish,link,12
Raphael_(singer),Hepatitis,link,12
Raphael_(singer),My_Big_Night,link,12
Raphael_(singer),The_Most_Excellent,link,12
Raphael_(singer),Édith_Piaf,link,12
Raphael_Abramovitch,General_Jewish_Labour_Bund,link,12
Raphael_Bob-Waksberg,Adult_Swim,link,12
Raphael_Bob-Waksberg,"BoJack_Horseman:_The_BoJack_Horseman_Story,_Chapter_One",link,12
Raphael_Bob-Waksberg,Critics'_Choice_Television_Awards,link,12
Raphael_Bob-Waksberg,Main_Page,other,12
Raphael_Cartoons,Pope_Leo_X,link,12
Raphael_Cartoons,Sack_of_Rome_(1527),link,12
Raphael_Cilento,Australian_League_of_Rights,link,12
Raphael_De_Niro,Main_Page,other,12
Raphael_De_Niro,"SoHo,_Manhattan",link,12
Raphael_Demos,John_Putnam_Demos,link,12
Raphael_Dwamena,FK_Partizani_Tirana,link,12
Raphael_Dwamena,Nkawkaw,link,12
Raphael_Finkel,Quadtree,link,12
Raphael_I_Bidawid,Chaldean_Catholic_Church,link,12
Raphael_Lemkin,Talaat_Pasha,link,12
Raphael_Morgan,African_Orthodox_Church,link,12
Raphael_Nathan,October_7_attacks,link,12
Raphael_Obermair,TSV_1860_Rosenheim,link,12
Raphael_Rooms,List_of_paintings_by_Raphael,link,12
Raphael_Rowe,2013_Las_Vegas_Strip_shooting_and_crash,other,12
Raphael_Saadiq,TLC_(group),link,12
Raphael_Saadiq_production_discography,16_Carriages,link,12
Raphael_Saadiq_production_discography,Texas_Hold_'Em_(song),link,12
Raphael_Spiegel,Oakland_Roots_SC,link,12
Raphael_Veiga,"Dudu_(footballer,_born_1992)",link,12
Raphael_Warnock,"United_States_Senate_Committee_on_Agriculture,_Nutrition,_and_Forestry",link,12
Raphael_of_Brooklyn,Alexander_Nemolovsky,link,12
Raphael_of_Brooklyn,Antiochian_Village,link,12
Raphael_of_Brooklyn,Patriarch_Tikhon_of_Moscow,link,12
Raphaela_Neihausen,The_Naked_and_Famous,link,12
June_Diane_Raphael,How_Did_This_Get_Made?,link,631
Realism_(arts),Pre-Raphaelite_Brotherhood,link,12
Ali_MacGraw,Mickey_Raphael,link,629
Red_chalk,Leonardo_da_Vinci,link,12
Religious_affiliation_in_the_United_States_Senate,Raphael_Warnock,link,12
Renaissance_architecture,Raphael,link,12
Replicas_of_Michelangelo's_David,Replicas_of_Michelangelo's_Pietà,link,12
Leonardo_da_Vinci,Clos_Lucé,link,626
Reuleaux_triangle,Leonardo_da_Vinci,link,12
Revolver_(Beatles_album),Michelangelo_Antonioni,link,12
Raphael_De_Niro,Drena_De_Niro,link,625
Road_to_the_Multiverse,Michelangelo,link,12
Roman_Renaissance,Raphael,link,12
Michelangelo,Laurentian_Library,link,617
June_Diane_Raphael,Jason_Mantzoukas,link,616
Royal_Collection,Leonardo_da_Vinci,link,12
List_of_works_by_Leonardo_da_Vinci,Virgin_of_the_Rocks,link,610
Raphael,"Pantheon,_Rome",link,610
Saint_Anne,Virgin_and_Child_with_Saint_Anne_(Masaccio),link,12
"Saint_George_(Raphael,_Louvre)",Raphael,link,12
Saint_John_the_Baptist_(Donatello),Donatello,link,12
Saint_Margaret_and_the_Dragon_(Raphael),Raphael,link,12
Saint_Proculus_(Michelangelo),David_(Michelangelo),link,12
Saint_Proculus_(Michelangelo),Proculus_of_Bologna,link,12
Saint_Raphael,"Raphael,_Nicholas,_and_Irene_of_Lesbos",link,12
Saint_Raphael,Raphael_of_Brooklyn,link,12
Saint_Raphael,"Saint-Raphaël,_Var",link,12
Sally_Beamish,Raphael_Ensemble,link,12
Teenage_Mutant_Ninja_Turtles:_The_Last_Ronin,Michelangelo_(Teenage_Mutant_Ninja_Turtles),link,608
Sally_Jessy_Raphael,Multimedia_Entertainment,other,12
Salvador_Dalí,Leonardo_da_Vinci,link,12
Same-sex_relationship,Leonardo_da_Vinci,link,12
Samson_Raphael_Hirsch,Shimon_Schwab,link,12
Samson_Raphaelson,The_Jazz_Singer_(play),link,12
Samson_Raphaelson,The_Shop_Around_the_Corner,link,12
other-search,Raphael_Lea'i,external,607
Michelangelo,Daniele_da_Volterra,link,606
San_Pietro_in_Montorio,Transfiguration_(Raphael),link,12
Santa_Croce_Crucifix_(Donatello),Brunelleschi_Crucifix,link,12
Santa_Maria_della_Salute,Titian,link,12
"Santa_Maria_delle_Grazie,_Milan",Titian,link,12
Michelangelo_Antonioni,Monica_Vitti,link,603
Say_Anything_(BoJack_Horseman),Raphael_Bob-Waksberg,link,12
Sayings_of_Jesus_on_the_cross,Michelangelo,link,12
Science_and_inventions_of_Leonardo_da_Vinci,Civil_engineering,link,12
Science_and_inventions_of_Leonardo_da_Vinci,Optics,link,12
Science_and_inventions_of_Leonardo_da_Vinci,Plate_tectonics,link,12
Science_and_inventions_of_Leonardo_da_Vinci,Rhombicuboctahedron,link,12
other-search,Luca_della_Robbia,external,601
Self-portrait,Leonardo_da_Vinci,link,12
Selling_a_Vibe,Gordon_Raphael,link,12
Sergei_Parajanov,Michelangelo_Antonioni,link,12
David_(Michelangelo),Masterpiece,link,596
Leonardo_(Teenage_Mutant_Ninja_Turtles),Donatello_(Teenage_Mutant_Ninja_Turtles),link,593
Raphael_(archangel),Book_of_Tobit,link,593
"Sioux_Falls,_South_Dakota",David_(Michelangelo),link,12
Titian,Bacchus_and_Ariadne,link,588
David_(disambiguation),David_(Michelangelo),link,586
Robert_De_Niro_Sr.,Raphael_De_Niro,link,586
Socrates,Leonardo_da_Vinci,other,12
Inside_the_World's_Toughest_Prisons,Raphael_Rowe,link,582
Sovereign_Military_Order_of_Malta,Titian,link,12
Spanish_Steps,Michelangelo,link,12
Spanish_and_Portuguese_Synagogue_of_Montreal,Jacob_Raphael_Cohen,link,12
other-search,Madonna_del_Prato_(Raphael),external,581
"St._Bernard_Catholic_Church_(Madison,_Wisconsin)","Saint_Raphael's_Cathedral_(Madison,_Wisconsin)",link,12
Michelangelo_Antonioni,Red_Desert_(film),link,578
Stanley_Spencer,Pre-Raphaelite_Brotherhood,link,12
Stanley_Tucci_on_screen_and_stage,Leonardo_da_Vinci,link,12
Steven_Anderson_(pastor),Michelangelo_Signorile,link,12
Stewie_Griffin,Leonardo_da_Vinci,link,12
Stone_Tower_(Ptolemy),Maes_Titianus,link,12
Year_One_(film),June_Diane_Raphael,link,574
SC_Paderborn_07,Raphael_Obermair,link,573
Superior_general_of_the_Society_of_Jesus,Michelangelo_Tamburini,link,12
Supper_at_Emmaus_(Titian),Pilgrims_at_Emmaus,link,12
Auburn_hair,Titian_hair,link,569
other-empty,Holy_Trinity_(Masaccio),external,568
Sylvia_Raphael,Black_September,link,12
Michelangelo,Polymath,link,567
Syro-Malabar_Catholic_Eparchy_of_Great_Britain,Raphael_Thattil,link,12
Pre-Raphaelite_Brotherhood,William_Michael_Rossetti,link,564
other-empty,List_of_works_by_Michelangelo,external,564
Teenage_Mutant_Ninja_Turtles_(2003_TV_series),Michelangelo_(Teenage_Mutant_Ninja_Turtles),link,12
Teenage_Mutant_Ninja_Turtles_action_figures,Raphael_(Teenage_Mutant_Ninja_Turtles),link,12
Pre-Raphaelite_Brotherhood,John_William_Waterhouse,link,562
Tempera,Pre-Raphaelite_Brotherhood,link,12
Terribilità,Michelangelo,link,12
The_Baptism_of_Christ_(Verrocchio_and_Leonardo),List_of_works_by_Leonardo_da_Vinci,link,12
Raphael,Margarita_Luti,link,558
The_Death_of_Leonardo_da_Vinci,Petit_Palais,link,12
The_Electric_Michelangelo,Sarah_Hall_(writer),link,12
other-empty,List_of_works_by_Titian,external,556
The_Feast_in_the_House_of_Levi,Titian,link,12
other-empty,"David_(Donatello,_bronze)",external,555
Michelangelo_Antonioni,Michelangelo_Antonioni_filmography,link,554
The_Last_Judgment_(Michelangelo),Cappella_Paolina,link,12
The_Last_Judgment_(Michelangelo),Saint,link,12
other-search,Raphael_Semmes,external,553
Leonardo_(Teenage_Mutant_Ninja_Turtles),Raphael_(Teenage_Mutant_Ninja_Turtles),link,551
Leonardo_da_Vinci,Science_and_inventions_of_Leonardo_da_Vinci,link,551
Raphael_Bob-Waksberg,BoJack_Horseman,link,550
other-search,Frederic_Raphael,external,550
The_Starry_Night,Leonardo_da_Vinci,other,12
The_Tribute_Money_(Titian),Render_unto_Caesar,link,12
Thomas_Cooper_Gotch,Pre-Raphaelite_Brotherhood,link,12
Three_Graces_(Raphael),Musée_Condé,link,12
Titian,Galleria_Borghese,link,12
Titian,Giorgio_Vasari,link,12
Titian,Lorenzo_Lotto,link,12
Titian,Marco_Vecellio,link,12
Titian_(disambiguation),Titian_hair,link,12
Titian_hair,Orange_(colour),link,12
David_(Michelangelo),Madonna_of_Bruges,link,541
Dave_Toschi,June_Diane_Raphael,link,540
Main_Page,Michelangelo,other,540
Titian,Venus_of_Urbino,link,540
Tosca_Musk,Raphael_Warnock,link,12
Trans-Am_Series,Raphael_Matos,link,12
Traveller_(Chris_Stapleton_album),Mickey_Raphael,link,12
Raphael,Raphael_(disambiguation),link,538
Genocide,Raphael_Lemkin,link,536
Polymath,Leonardo_da_Vinci,link,536
other-internal,Pietà_(Michelangelo),external,536
Leonardo_da_Vinci,The_Baptism_of_Christ_(Verrocchio_and_Leonardo),link,535
Two_Suns_in_the_Sunset,Raphael_Ravenscroft,link,12
Science_and_inventions_of_Leonardo_da_Vinci,Vitruvian_Man,link,533
Dante_Gabriel_Rossetti,Pre-Raphaelite_Brotherhood,link,532
other-search,Raphael_Cormack,external,532
The_Passenger_(1975_film),Michelangelo_Antonioni,link,531
Donatello_(Teenage_Mutant_Ninja_Turtles),Donatello,link,527
Vandalism_of_Michelangelo's_Pietà,Qantas,link,12
Lillehammer_affair,Sylvia_Raphael,link,526
other-empty,The_Rape_of_Europa_(Titian),external,525
other-empty,Mickey_Raphael,external,524
Vivrant_Thing,Get_Involved_(Raphael_Saadiq_and_Q-Tip_song),link,12
Cosimo_de'_Medici,"David_(Donatello,_bronze)",link,522
Raphael,Urbino,link,520
Jason_Connery,Raphael_Cilento,link,517
Pre-Raphaelite_Brotherhood,James_Collinson,link,517
Raphael,Giovanni_Santi,link,515
William_Beckford_(novelist),Saint_Catherine_of_Alexandria_(Raphael),link,12
other-search,Michelangelo_and_the_Medici,external,514
William_Michael_Rossetti,Pre-Raphaelite_Brotherhood,link,12
Wilton_Sampaio,Raphael_Claus,link,12
Adam_Conover,Raphael_Bob-Waksberg,link,512
other-search,Leda_and_the_Swan_(Michelangelo),external,511
Raphael_(Teenage_Mutant_Ninja_Turtles),Leonardo_(Teenage_Mutant_Ninja_Turtles),link,510
other-empty,Danaë_(Titian_paintings),external,508
Young_Man_with_an_Apple_(Raphael),Raphael,link,12
List_of_works_by_Leonardo_da_Vinci,Mona_Lisa,link,507
other-search,Samson_Raphael_Hirsch,external,507
other-empty,List_of_paintings_by_Raphael,external,506
Ziegfeld_Follies,Dorothy_Wegman_Raphaelson,link,12
List_of_Teenage_Mutant_Ninja_Turtles_characters,Donatello_(Teenage_Mutant_Ninja_Turtles),link,502
List_of_most_expensive_paintings,Leonardo_da_Vinci,link,501
L'Avventura,Michelangelo_Antonioni,link,500
Raphael_De_Niro,Robert_De_Niro,link,500
other-empty,44th_David_di_Donatello,external,12
other-empty,50th_David_di_Donatello,external,12
other-empty,51st_David_di_Donatello,external,12
David_(Michelangelo),Piazza_della_Signoria,link,499
June_Diane_Raphael,NTSF:SD:SUV::,link,499
List_of_works_by_Leonardo_da_Vinci,The_Virgin_and_Child_with_Saint_Anne_(Leonardo),link,499
How_Did_This_Get_Made?,June_Diane_Raphael,link,498
List_of_works_by_Leonardo_da_Vinci,Sala_delle_Asse,link,498
List_of_works_by_Leonardo_da_Vinci,Adoration_of_the_Magi_(Leonardo),link,493
other-search,Striped_Raphael_catfish,external,492
Michelangelo_Antonioni,Identification_of_a_Woman,link,491
other-empty,Titian_hair,external,491
David_(Michelangelo),House_of_Medici,link,490
Leonardo_da_Vinci,Notary,link,490
Nancy_Drew,Titian_hair,link,490
other-search,Raphael_of_Brooklyn,external,490
Pietà_(Michelangelo),Bacchus_(Michelangelo),link,489
other-search,Three_Graces_(Raphael),external,488
Lady_with_an_Ermine,Leonardo_da_Vinci,link,486
other-empty,David_di_Donatello_for_Best_Adapted_Screenplay,external,12
other-empty,Desco_da_parto_(Masaccio),external,12
David_(Michelangelo),Pietà_(Michelangelo),link,483
List_of_current_United_States_senators,Raphael_Warnock,link,479
KF_Egnatia,Raphael_Dwamena,link,478
List_of_works_by_Leonardo_da_Vinci,The_Last_Supper_(Leonardo),link,476
other-empty,Piazzale_Michelangelo,external,476
other-empty,Hillary_Raphael,external,12
other-search,Raphael_Mechoulam,external,475
Raphael_(archangel),Ophite_Diagrams,link,473
other-empty,James_Raphael_Anaparambil,external,12
other-empty,Jean-Claude_Raphael,external,12
Lucy_Pearl,Raphael_Saadiq,link,471
Raphael_(Teenage_Mutant_Ninja_Turtles),Sai_(weapon),link,471
Renaissance,Michelangelo,link,471
other-empty,Portrait_of_a_Young_Man_(Raphael),external,471
other-search,Judith_and_Holofernes_(Donatello),external,470
other-search,Saint_George_(Donatello),external,470
other-empty,Michelangelo_phenomenon,external,469
other-empty,Raphael_Rom,external,469
other-empty,Leonardo_da_Vinci_University_Group,external,12
Assumption_of_Mary,Assumption_of_the_Virgin_(Titian),link,465
other-empty,"Madonna_and_Child_(Donatello,_Louvre)",external,12
June_Diane_Raphael,Jessica_St._Clair,link,464
Michael_(archangel),Raphael_(archangel),link,463
other-empty,Michelangelo_Fumagalli,external,12
other-empty,Michelangelo_Minieri,external,12
other-empty,Michelangelo_Tonti,external,12
2020–21_United_States_Senate_special_election_in_Georgia,Raphael_Warnock,link,460
Murder_of_Sophie_Lancaster,Suicide_of_Nicola_Ann_Raphael,link,460
other-internal,Michelangelo_Antonioni,external,459
Isabella_Stewart_Gardner_Museum_theft,The_Rape_of_Europa_(Titian),link,458
Raphael,High_Renaissance,link,457
Long_Shot_(2019_film),June_Diane_Raphael,link,456
Raphael_Ravenscroft,Scarlett_Raven,link,454
other-empty,Raphael_Beck_(badminton),external,12
other-empty,Raphael_Davis,external,12
other-empty,Raphael_Grinage,external,12
other-empty,Raphael_Haftka,external,12
other-empty,Raphael_Hartkopf,external,12
other-empty,Raphael_II_of_Constantinople,external,12
other-empty,Raphael_I_of_Constantinople,external,12
other-empty,Raphael_Lapin,external,12
other-empty,Raphael_Okafor,external,12
other-empty,Raphael_Selbourne,external,12
other-empty,Raphael_Tuck,external,12
other-empty,Raphael_von_Bargen,external,12
Virginia_Admiral,Raphael_De_Niro,link,453
Leonardo_da_Vinci,Cecilia_Gallerani,link,452
The_Last_Judgment_(Michelangelo),Michelangelo,link,450
other-empty,"St._Raphael_Cathedral,_Surat_Thani",external,12
Leonardo_da_Vinci,Ludovico_Sforza,link,446
other-empty,Raphael_(singer),external,446
Albigensian_Crusade,Raphael_Lemkin,link,445
other-empty,Titus_Flavius_Postumius_Titianus,external,12
other-empty,Raphael_Borges_Rodrigues,external,445
other-search,Crucifix_(Michelangelo),external,445
Raphael_(Teenage_Mutant_Ninja_Turtles),Raphael,link,443
Is_This_It,Gordon_Raphael,link,442
Michelangelo_Antonioni,Enrica_Antonioni,link,439
other-search,Diana_and_Actaeon_(Titian),external,439
2026–27_Coventry_City_F.C._season,Raphael_Borges_Rodrigues,link,438
Arabelle_Raphael,Pansexuality,link,437
Raphael_Bob-Waksberg,Lisa_Hanawalt,link,436
other-external,"Penitent_Magdalene_(Titian,_1565)",external,12
other-external,Raphael_Onyedika,external,12
other-external,Raphael_Patai,external,12
other-external,Raphaelle_Peale,external,12
The_School_of_Athens,Raphael_Rooms,link,433
Leonardo_(Teenage_Mutant_Ninja_Turtles),Michelangelo_(Teenage_Mutant_Ninja_Turtles),link,432
other-external,The_Raphaels,external,12
other-external,Venus_and_Adonis_(Titian),external,12
Pietà_(Michelangelo),The_Deposition_(Michelangelo),link,429
other-search,Raphael_Akpejiori,external,429
Moses_(Michelangelo),San_Pietro_in_Vincoli,link,427
other-internal,Gordon_Raphael,external,12
other-internal,Hôtel_Raphael,external,12
other-internal,John_Raphael_Smith,external,12
Pietà_(Michelangelo),David_(Michelangelo),link,423
other-empty,Raphael_(given_name),external,422
La_Notte,Michelangelo_Antonioni,link,421
other-internal,Michelangelo_Buonarroti_the_Younger,external,12
other-internal,Mickey_Raphael,external,12
Gabriel,Raphael_(archangel),link,420
other-internal,Raphael_(archangel),external,420
other-internal,Pietà_(Titian),external,12
other-internal,Raphael_Kalinowski,external,12
other-internal,Raphael_Soyer,external,12
other-internal,Raphaelle_Peale,external,12
other-internal,Saint_George_and_the_Dragon_(Raphael),external,12
other-internal,Saint_Michael_(Raphael),external,12
2022_United_States_Senate_election_in_Georgia,Raphael_Warnock,link,417
other-internal,Self-portrait_(Raphael),external,12
Raphael,List_of_paintings_by_Raphael,link,416
other-internal,The_Death_of_Leonardo_da_Vinci,external,12
other-internal,The_Three_Ages_of_Man_(Titian),external,12
List_of_Teenage_Mutant_Ninja_Turtles_characters,Raphael_(Teenage_Mutant_Ninja_Turtles),link,415
other-search,Raphael_Montes,external,414
other-other,Crucifix_(Michelangelo),external,12
Pietà_(Michelangelo),St._Peter's_Basilica,link,413
other-other,List_of_works_by_Michelangelo,external,12
Leonardo_da_Vinci,Sodomy,link,411
Raphael_Saadiq,Instant_Vintage,link,411
June_Diane_Raphael,Ass_Backwards,link,410
other-search,66th_David_di_Donatello,external,12
other-search,69th_David_di_Donatello,external,12
other-search,Battle_of_Cascina_(Michelangelo),external,409
Raphael_Saadiq,Raphael_Saadiq_production_discography,link,403
List_of_works_by_Leonardo_da_Vinci,Salvator_Mundi_(painting),link,402
Christ_the_Redeemer_(statue),David_(Michelangelo),link,401
David_(Michelangelo),Donatello,link,401
Leonardo_da_Vinci,Amboise,link,401
List_of_works_by_Leonardo_da_Vinci,Saint_Jerome_in_the_Wilderness_(Leonardo),link,401
other-search,Raphael_Sallinger,external,400
Donatello_(Teenage_Mutant_Ninja_Turtles),Michelangelo_(Teenage_Mutant_Ninja_Turtles),link,399
other-search,Lawrence_Raphael,external,12
Australia_men's_national_soccer_team,Raphael_Borges_Rodrigues,link,397
other-search,List_of_things_named_after_Leonardo_da_Vinci,external,12
other-empty,List_of_Pre-Raphaelite_paintings,external,396
other-search,Michelangelo_Cinganelli,external,12
Pre-Raphaelite_Brotherhood,Ford_Madox_Brown,link,394
other-search,Piazzale_Donatello,external,12
Raphael_Saadiq,D'Wayne_Wiggins,link,393
other-search,Raphael_Ayagwa,external,12
other-search,Raphael_Pessoa,external,12
other-search,Raphael_Schifferl,external,12
other-search,Raphael_of_Bershad,external,12
Philippines_national_football_team,Raphael_Obermair,link,392
2026_United_States_Senate_election_in_Georgia,Raphael_Warnock,link,391
List_of_works_by_Leonardo_da_Vinci,The_Virgin_and_Child_with_Saint_Anne_and_Saint_John_the_Baptist,link,391
other-search,Shaun_Raphael_Mena,external,12
David_(Michelangelo),Florence_Cathedral,link,389
Leonardo_da_Vinci,List_of_most_expensive_paintings,link,388
Raphael_(Teenage_Mutant_Ninja_Turtles),Michelangelo_(Teenage_Mutant_Ninja_Turtles),link,388
other-empty,Italian_battleship_Leonardo_da_Vinci,external,388
other-search,The_Michelangelo,external,388
other-search,Andrea_del_Sarto_(poem),external,387
Salvator_Mundi_(painting),List_of_works_by_Leonardo_da_Vinci,link,386
Škoda_30.5_cm_/45_K10,Italian_battleship_Leonardo_da_Vinci,link,12
1._FC_Nürnberg,Raphael_Schäfer,link,11
1519,Leonardo_da_Vinci,link,11
List_of_Teenage_Mutant_Ninja_Turtles_characters,Michelangelo_(Teenage_Mutant_Ninja_Turtles),link,385
16_Carriages,Raphael_Saadiq,link,11
June_Diane_Raphael,Stop!_That!_Train!,link,384
Michelangelo,Cecchino_dei_Bracci,link,384
1972,Vandalism_of_Michelangelo's_Pietà,link,11
"Alfred,_Lord_Tennyson",Pre-Raphaelite_Brotherhood,link,382
Michelangelo_Antonioni,The_Mystery_of_Oberwald,link,382
other-empty,Raphael_Onyedika,external,380
2007_Atlantic_Championship,Raphael_Matos,link,11
List_of_works_by_Leonardo_da_Vinci,Lady_with_an_Ermine,link,378
2008_Indy_Lights,Raphael_Matos,link,11
2008_Kandhamal_violence,Raphael_Cheenath,link,11
other-search,Leonardo_da_Vinci_(2024_film),external,376
Donatello_(Teenage_Mutant_Ninja_Turtles),Bō,link,375
John_Keats,Pre-Raphaelite_Brotherhood,link,374
Pre-Raphaelite_Brotherhood,William_Morris,link,374
Raphael,Pre-Raphaelite_Brotherhood,link,374
2024_Campeonato_Brasileiro_Série_A,Raphael_Veiga,link,11
June_Diane_Raphael,Weapons_(2025_film),link,372
The_Last_Judgment_(Michelangelo),Sistine_Chapel,link,372
2025–26_Club_América_season,Raphael_Veiga,link,11
Pre-Raphaelite_Brotherhood,Edward_Burne-Jones,link,370
Red_Desert_(film),Michelangelo_Antonioni,link,370
2026_UEFA_European_Under-17_Championship_squads,Raphael_Canut,link,11
2026_Uzbekistan_Super_League,Raphael_Ayagwa,link,11
other-search,Ezekiel's_Vision_(Raphael),external,370
2028_Democratic_Party_presidential_primaries,Raphael_Warnock,link,368
70th_David_di_Donatello,David_di_Donatello,link,11
70th_David_di_Donatello,The_Art_of_Joy_(TV_series),link,11
71st_David_di_Donatello,Aurora_Quattrocchi,link,11
71st_David_di_Donatello,Matilda_De_Angelis,link,11
other-search,Michelangelo_Pistoletto,external,368
other-empty,Yuval_Raphael,external,367
Donatello,Saint_George_(Donatello),link,366
Abduction_of_a_Sabine_Woman,David_(Michelangelo),link,11
other-empty,David_di_Donatello,external,366
High_Renaissance,Michelangelo,link,365
other-search,Raphael_Tuju,external,365
other-empty,The_Deposition_(Michelangelo),external,363
Albert_O._Hirschman,Raphael_Abramovitch,link,11
other-search,Battle_of_the_Centaurs_(Michelangelo),external,362
other-search,Raphael_Tuck_&_Sons,external,361
Alte_Pinakothek,Raphael,link,11
other-search,Pietà_(Titian),external,360
American_Pre-Raphaelites,Henry_Kirke_Brown,link,11
American_Pre-Raphaelites,John_Ruskin,link,11
Monica_Vitti,Michelangelo_Antonioni,link,359
Amor-Attis,"David_(Donatello,_bronze)",link,11
List_of_works_by_Leonardo_da_Vinci,Annunciation_(Leonardo),link,358
Michelangelo,Mononym,link,358
Andrea_del_Sarto,Leonardo_da_Vinci,link,11
Andrea_del_Sarto,Saint_John_the_Baptist_as_a_Boy_(Andrea_del_Sarto),link,11
Angelo,Michelangelo_(given_name),link,11
Angelo_Reyes,Raphael_Lotilla,link,11
Anton_Raphael_Mengs,Our_Lady_of_Sorrows,link,11
June_Diane_Raphael,Cheaper_by_the_Dozen_(2022_film),link,355
Archeparchy_of_Changanacherry,Raphael_Thattil,link,11
Ashmolean_Museum,Pre-Raphaelite_Brotherhood,link,11
Assumption_of_the_Virgin_(Titian),Pietà_(Titian),link,11
other-empty,Raphael_Ravenscroft,external,353
other-search,Raphael_Thattil,external,351
Bargello,Crucifix_(Michelangelo),link,11
"David_(Donatello,_bronze)","David_(Donatello,_marble)",link,348
Batman_vs._Teenage_Mutant_Ninja_Turtles,Michelangelo_(Teenage_Mutant_Ninja_Turtles),link,11
other-search,Venus_and_Adonis_(Titian),external,348
Battle_of_the_Centaurs_(Michelangelo),Madonna_of_the_Stairs,link,11
Pietà_(Michelangelo),Pietà,link,347
Pre-Raphaelite_Brotherhood,Frederic_George_Stephens,link,347
Bebop_and_Rocksteady,Donatello_(Teenage_Mutant_Ninja_Turtles),link,11
David_(Michelangelo),Replicas_of_Michelangelo's_David,link,345
László_Tóth,Vandalism_of_Michelangelo's_Pietà,link,345
other-search,Raphael_Dwamena,external,345
other-search,The_Deposition_(Raphael),external,345
Billboard_Year-End_Hot_100_singles_of_1995,Raphael_Saadiq,link,11
other-search,Leonardo_da_Vinci_(Isaacson_book),external,344
Donatello,Equestrian_statue_of_Gattamelata,link,343
Pre-Raphaelite_Brotherhood,Proserpine_(Rossetti),link,343
"Charles_V,_Holy_Roman_Emperor","Portrait_of_Charles_V_(Titian,_Munich)",link,342
Leonardo_da_Vinci,Tribology,link,342
Human_hair_color,Titian_hair,link,341
Leonardo_da_Vinci,Francis_I_of_France,link,341
Raphael,La_Fornarina,link,341
LGBTQ_slang,Personal_life_of_Leonardo_da_Vinci,link,340
List_of_works_by_Leonardo_da_Vinci,Saint_John_the_Baptist_(Leonardo),link,340
Bryan_Caraway,Raphael_Assunção,link,11
Buffalo_Public_Schools,"Leonardo_da_Vinci_High_School_(Buffalo,_New_York)",link,11
Burial_of_Jesus,The_Entombment_of_Christ_(Titian),link,11
Lost_artworks,Portrait_of_a_Young_Man_(Raphael),link,336
other-internal,Donatello,external,336
other-search,Angel_(Michelangelo),external,336
Cardinal_and_Theological_Virtues_(Raphael),Lunette,link,11
other-search,Raphael_Guzzo,external,336
John_the_Baptist,Titian,link,335
Carmelites,Raphael_Kalinowski,link,11
The_Last_Judgment_(Michelangelo),Sistine_Chapel_ceiling,link,335
other-empty,Samson_Raphael_Hirsch,external,335
Catapult,Leonardo_da_Vinci,link,11
Chabad,Haim_Raphael_HaLevi_ben_Aaron_of_Staroselye,link,11
August_2,Italian_battleship_Leonardo_da_Vinci,link,333
Charites,Raphael,link,11
Nigeria_national_football_team,Raphael_Onyedika,link,332
other-search,Crucifixion_(Titian),external,332
Chiostro_del_Bramante,Sibyls_(Raphael),link,11
Titian,Venetian_painting,link,331
"Christ_and_the_Adulteress_(Titian,_Vienna)",Jesus_and_the_woman_taken_in_adultery,link,11
Christianity,Leonardo_da_Vinci,link,11
Church_of_the_Gesù,Michelangelo,link,11
other-search,Raphael_Bostic,external,330
Civil_wars_of_the_Tetrarchy,Raphael,link,11
Italian_Renaissance,Leonardo_da_Vinci,link,329
List_of_works_by_Leonardo_da_Vinci,Portrait_of_a_Musician,link,329
other-search,Raphael_and_La_Fornarina,external,329
Donatello_(Teenage_Mutant_Ninja_Turtles),Raphael_(Teenage_Mutant_Ninja_Turtles),link,328
Pre-Raphaelite_Brotherhood,Joshua_Reynolds,link,328
other-search,Cain_and_Abel_(Titian),external,328
Pietà,Pietà_(Michelangelo),link,327
other-empty,Bacchus_(Michelangelo),external,327
Michelangelo,Terribilità,link,325
Crucifix_(Michelangelo),Brunelleschi_Crucifix,other,11
Crucifix_(Michelangelo),Jacopo_Sansovino,link,11
Crucifixion_of_Jesus,Raphael,link,11
Danaë_(Titian_paintings),The_Rape_of_Europa_(Titian),link,11
FC_Red_Bull_Salzburg,Raphael_Duarte,link,322
Florence,Piazzale_Michelangelo,link,322
Pietà_(Michelangelo),Calvary,link,322
David_(Michelangelo),Antonio_Rossellino,link,11
David_(Michelangelo),Fiber_Bragg_grating,link,11
other-search,Michelangelo_(computer_virus),external,322
other-search,The_Crucifixion_of_Saint_Peter_(Michelangelo),external,322
David_and_Goliath_(disambiguation),David_and_Goliath_(Titian),link,11
David_di_Donatello,Alberto_Sordi,link,11
David_di_Donatello,List_of_film_awards,link,11
David_di_Donatello_for_Best_Actor,70th_David_di_Donatello,link,11
David_di_Donatello_for_Best_Actor,Vittorio_Gassman,link,11
David_di_Donatello_for_Best_Actress,Laura_Morante,link,11
David_di_Donatello_for_Best_Actress,Silvana_Mangano,link,11
David_di_Donatello_for_Best_Actress,The_Life_Ahead,link,11
David_di_Donatello_for_Best_Film,A_Brighter_Tomorrow,link,11
David_di_Donatello_for_Best_Film,Human_Capital_(2013_film),link,11
David_di_Donatello_for_Best_Film,The_Hand_of_God_(film),link,11
David_di_Donatello_for_Best_Film,There's_Still_Tomorrow,link,11
other-search,Raphael_Assunção,external,321
"Delamar,_Nevada",Joseph_Raphael_De_Lamar,link,11
Depictions_of_nudity,The_Three_Ages_of_Man_(Titian),link,11
William_Holman_Hunt,Pre-Raphaelite_Brotherhood,link,319
Casey_Wilson,June_Diane_Raphael,link,318
Diego_Verdaguer,Raphael_(singer),other,11
Diocese_of_Alleppey,James_Raphael_Anaparambil,link,11
other-search,David_di_Donatello,external,318
other-search,Saint_Michael_(Raphael),external,318
Divina_proportione,List_of_works_by_Leonardo_da_Vinci,link,11
Donatello_(Teenage_Mutant_Ninja_Turtles),Mitchell_Whitfield,link,11
Donatello_(Teenage_Mutant_Ninja_Turtles),TMNT_(film),link,11
Dosso_Dossi,Titian,link,11
Double_hull,Leonardo_da_Vinci,link,11
The_Internship,Tobit_Raphael,link,316
Drawing,Raphael,link,11
Dubrovnik_Cathedral,Titian,link,11
Raphael_Warnock,Zell_Miller,link,315
EV_Zug,Raphael_Diaz,link,11
other-internal,June_Diane_Raphael,external,315
Earwolf,June_Diane_Raphael,link,11
other-search,The_Death_of_Leonardo_da_Vinci,external,313
other-search,SS_Leonardo_da_Vinci_(1958),external,312
Epic_Rap_Battles_of_History,Donatello,link,11
Cate_Le_Bon,Michelangelo_Dying,link,311
other-empty,Raphael_Nathan,external,311
other-external,The_Tribute_Money_(Masaccio),external,311
Pietà_(Michelangelo),Rondanini_Pietà,link,310
Raphael_Bob-Waksberg,Repentance_in_Judaism,link,310
Evelio_Javier,Raphael_Lotilla,link,11
FC_Rot-Weiß_Erfurt,Raphael_Assibey-Mensah,link,11
Family_tree_of_Roman_emperors,Lucius_Salvius_Otho_Titianus,link,11
Filippo_Brunelleschi,Michelangelo,link,11
Fine_art,Michelangelo,link,11
List_of_works_by_Leonardo_da_Vinci,Leonardo_da_Vinci,link,307
First_Blood_(Dexter),Raphael_Sbarge,link,11
other-empty,Replicas_of_Michelangelo's_David,external,307
other-search,"David_(Donatello,_marble)",external,307
Florence,Masaccio,link,11
other-empty,Raphael_Cartoons,external,306
other-internal,Raphael_Warnock,external,306
Michelangelo_Antonioni,"Chung_Kuo,_Cina",link,305
Francesco_Maria_I_della_Rovere,Raphael,link,11
Raphael_(archangel),Pool_of_Bethesda,link,305
Frederic_Raphael,Christiane_Kubrick,link,11
Frederic_Raphael,Swinging_Sixties,link,11
From_Beijing_with_Love,Leonardo_da_Vinci,link,11
Gabriel,Leonardo_da_Vinci,link,11
Pre-Raphaelite_Brotherhood,Thomas_Woolner,link,303
Galleria_Nazionale_d'Arte_Antica,Raphael,link,11
other-search,Self-portrait_(Raphael),external,302
George_the_Poet,St_Raphael's_Estate,link,11
D'Wayne_Wiggins,Raphael_Saadiq,link,301
Pietà_(Michelangelo),Carrara_marble,link,301
Raphael_Saadiq,The_Way_I_See_It,link,301
Raphael_Warnock,United_States_Senate,link,301
Gian_Lorenzo_Bernini,"David_(Donatello,_bronze)",link,11
Giorgione,Christ_Carrying_the_Cross_(Titian),link,11
Giotto,Leonardo_da_Vinci,other,11
other-search,The_Entombment_(Michelangelo),external,301
other-search,The_Martyrdom_of_Saint_Lawrence_(Titian),external,301
Giuliano_de'_Medici,Michelangelo,link,11
David_(Michelangelo),"David_(Donatello,_marble)",other,300
Pre-Raphaelite_Brotherhood,Ophelia_(Millais),link,300
other-search,Raphael_Geminder,external,300
Gordon_Raphael,Blonde_Redhead,link,11
Gordon_Raphael,Colleen_Green,link,11
Gordon_Raphael,Hinds_(band),link,11
Gordon_Raphael,Riff_After_Riff_After_Motherfucking_Riff,link,11
Gordon_Raphael,Skin_(musician),link,11
Donatello_(Teenage_Mutant_Ninja_Turtles),Leonardo_(Teenage_Mutant_Ninja_Turtles),link,299
Israfil,Raphael_(archangel),link,299
Michelangelo,Sin_(2019_film),link,299
Grand_Duchess_Tatiana_Nikolaevna_of_Russia,David_(Michelangelo),link,11
other-empty,"Risen_Christ_(Michelangelo,_Santa_Maria_sopra_Minerva)",external,299
other-empty,Raphael_Tuju,external,298
other-search,Perseus_and_Andromeda_(Titian),external,298
Guidobaldo_da_Montefeltro,Raphael,link,11
Head_of_Christ_(Leonardo),List_of_works_by_Leonardo_da_Vinci,link,11
Henry_Benedict_Stuart,Anton_Raphael_Mengs,link,11
Michelangelo_(Teenage_Mutant_Ninja_Turtles),Teenage_Mutant_Ninja_Turtles,link,294
Hermitage_Museum,Titian,link,11
The_Guardian_(TV_series),Raphael_Sbarge,link,294
Uriel,Raphael_(archangel),link,294
History_of_Italy,David_(Michelangelo),link,11
History_of_Italy,Leonardo_da_Vinci,link,11
Raphael_Warnock,Union_Theological_Seminary,link,293
other-empty,Venus_and_Adonis_(Titian),external,292
Human_brain,Leonardo_da_Vinci,link,11
Humanism,David_(Michelangelo),link,11
Pre-Raphaelite_Brotherhood,John_Ruskin,link,291
Human–canine_bond,Titian,link,11
Leonardo_da_Vinci,Donatello,link,290
The_Beast_in_Me_(TV_series),Raphael_Sbarge,link,290
Pre-Raphaelite_Brotherhood,Christ_in_the_House_of_His_Parents,link,289
other-empty,Anton_Raphael_Mengs,external,289
Isabeau_of_Bavaria,Leonardo_da_Vinci,other,11
Italian_Renaissance,"David_(Donatello,_bronze)",link,11
other-search,Anton_Raphael_Mengs,external,287
Italian_ship_Leonardo_da_Vinci,Italian_submarine_Leonardo_da_Vinci_(1939),link,11
Italian_submarine_Leonardo_da_Vinci_(1939),Jim_Wilson_(librarian),link,11
Italy_in_the_Eurovision_Song_Contest_2011,Raphael_Gualazzi,link,11
J._Paul_Getty_Museum,Raphael,link,11
Italy,Leonardo_da_Vinci,link,286
Jack_Horkheimer,Sally_Jessy_Raphael,link,11
List_of_suicides_attributed_to_bullying,Suicide_of_Nicola_Ann_Raphael,link,286
Jacob_Cohen,Jacob_Raphael_Cohen,link,11
Jacques_Raphael_Finlay,John_Finlay_(fur_trader),link,11
James_Horncastle,Raphael_Honigstein,link,11
Arabelle_Raphael,Lusty_Lady,link,285
Mona_Lisa,Raphael,link,285
David_(Michelangelo),Joshua,link,284
Ebenezer_Baptist_Church,Raphael_Warnock,link,284
High_Renaissance,Leonardo_da_Vinci,link,284
Michelangelo,Antonio_da_Sangallo_the_Younger,link,284
Moses_(Michelangelo),Horns_of_Moses,link,284
My_Science_Project,Raphael_Sbarge,link,284
Sandro_Botticelli,Pre-Raphaelite_Brotherhood,link,284
other-search,Lucan_portrait_of_Leonardo_da_Vinci,external,284
David_(Michelangelo),Carrara_marble,link,283
Penélope_Cruz,David_di_Donatello,link,283
Joel_(prophet),Prophet_Joel_(Michelangelo),link,11
"David_(Donatello,_bronze)",Donatello,link,282
John_Raphael_Smith,Francis_Leggatt_Chantrey,link,11
The_Last_Supper_(Leonardo),Conservation-restoration_of_Leonardo_da_Vinci's_The_Last_Supper,link,282
Jonah,The_Last_Judgment_(Michelangelo),link,11
Joseph_Sokolsky,Raphael_Popov,link,11
Joseph_Strauss_(engineer),Raphael_Strauss,link,11
Joseph_of_Damascus,Raphael_of_Brooklyn,link,11
Codex_Leicester,Leonardo_da_Vinci,link,281
Gian_Lorenzo_Bernini,Michelangelo,link,281
Michelangelo,Hercules,link,281
Julia_Margaret_Cameron,Pre-Raphaelite_Brotherhood,link,11
June_Diane_Raphael,Animal_Practice,link,11
June_Diane_Raphael,Bob_Odenkirk,link,11
June_Diane_Raphael,Martin_Sheen,link,11
June_Diane_Raphael,Rob_Huebel,other,11
June_Diane_Raphael,The_Dry_Land,link,11
Leonardo_da_Vinci,The_Battle_of_Anghiari_(Leonardo),link,280
Lorenzo_de'_Medici,Michelangelo,link,280
Raphael_(disambiguation),Raphael_(archangel),link,279
SS_Michelangelo,SS_Raffaello,link,279
Kenneth_Clark,Leonardo_da_Vinci,link,11
Khazar_hypothesis_of_Ashkenazi_ancestry,Raphael_Patai,link,11
Gabriel_Otegbayo,Raphael-Pijus_Otegbayo,link,277
List_of_Catholic_saints,Raphael_(archangel),link,277
Kucha,Maes_Titianus,link,11
Kunsthistorisches_Museum,Titian,link,11
Donatello,House_of_Medici,link,276
L.A.'s_Finest,Raphael_Saadiq,link,11
Leonardo_da_Vinci,Bernardo_Bandini_Baroncelli,link,276
Israel_Katz,Raphael_Mechoulam,link,275
Latin_ballad,Raphael_(singer),link,11
L'Eclisse,Michelangelo_Antonioni,link,274
Michelangelo,Bacchus_(Michelangelo),link,274
Leonardo's_aerial_screw,Museo_Nazionale_Scienza_e_Tecnologia_Leonardo_da_Vinci,link,11
Leonardo_da_Vinci,A_Treatise_on_Painting,link,11
Leonardo_da_Vinci,Apostolic_Palace,link,11
Leonardo_da_Vinci,Duncan_Dowson,link,11
Leonardo_da_Vinci,Gesso,link,11
Leonardo_da_Vinci,Leucippus,other,11
Leonardo_da_Vinci,Prior_(ecclesiastical),link,11
Leonardo_da_Vinci,The_Starry_Night,other,11
Leonardo_da_Vinci,Valdichiana,link,11
"Leonardo_da_Vinci,_A_Memory_of_His_Childhood",Psychobiography,link,11
Leonardo_da_Vinci_(Isaacson_book),Aspen_Institute,link,11
Leonardo_da_Vinci_(disambiguation),Italian_battleship_Leonardo_da_Vinci,link,11
Less_than_Zero_(film),Michelangelo_Antonioni,link,11
Let_Them_Talk_(film),Raphael_(singer),link,11
other-internal,List_of_works_by_Leonardo_da_Vinci,external,274
Cesare_Borgia,Leonardo_da_Vinci,link,273
Lifesigns_(Star_Trek:_Voyager),Raphael_Sbarge,link,11
Michelangelo,Doni_Tondo,link,273
List_of_Alain_Delon_performances,Michelangelo_Antonioni,link,11
Mona_Lisa,List_of_works_by_Leonardo_da_Vinci,link,272
other-empty,Flaying_of_Marsyas_(Titian),external,272
List_of_Celebrity_Family_Feud_episodes,June_Diane_Raphael,link,11
List_of_DC_Comics_characters:_Z,Leonardo_da_Vinci,link,11
List_of_Drunk_History_episodes,June_Diane_Raphael,link,11
other-search,Conservation-restoration_of_Leonardo_da_Vinci's_The_Last_Supper,external,271
other-internal,The_Last_Judgment_(Michelangelo),external,270
List_of_Pre-Raphaelite_paintings,Echo_and_Narcissus_(Waterhouse_painting),link,11
List_of_Pre-Raphaelite_paintings,Florence_from_Bellosguardo,link,11
List_of_Pre-Raphaelite_paintings,Gather_Ye_Rosebuds_While_Ye_May_(Waterhouse_painting_1908),link,11
List_of_Pre-Raphaelite_paintings,Marie_Spartali_Stillman,link,11
List_of_Pre-Raphaelite_paintings,Saint_Eulalia_(Waterhouse_painting),link,11
List_of_Pre-Raphaelite_paintings,Star_of_Bethlehem_(painting),link,11
List_of_Pre-Raphaelite_paintings,The_Nativity_(Burne-Jones),link,11
List_of_Pre-Raphaelite_paintings,The_Unwelcome_Companion:_A_Street_Scene_in_Cairo,link,11
List_of_Pre-Raphaelite_paintings,William_Gale_(painter),link,11
Undone_(TV_series),Raphael_Bob-Waksberg,link,268
Venus_of_Urbino,Titian,link,268
other-search,The_Fall_of_Man_(Titian),external,268
Leonardo_da_Vinci,Beatrice_d'Este,link,265
List_of_works_by_Leonardo_da_Vinci,Ginevra_de'_Benci,link,265
List_of_cruise_ships,SS_Leonardo_da_Vinci_(1958),link,11
other-external,Raphael,external,265
other-external,Raphael_(archangel),external,265
List_of_works_by_Leonardo_da_Vinci,Madonna_of_the_Carnation,link,264
"List_of_gay,_lesbian_or_bisexual_people:_M",Michelangelo,link,11
Raphael_De_Niro,Nobu,link,263
List_of_inventors,Leonardo_da_Vinci,link,11
other-empty,Raphael_Morgan,external,263
List_of_literary_movements,Pre-Raphaelite_Brotherhood,link,11
Michelangelo,Michelangelo_and_the_Medici,link,262
Walter_Isaacson,Leonardo_da_Vinci_(Isaacson_book),link,262
List_of_paintings_by_Raphael,Canigiani_Holy_Family,link,11
List_of_paintings_by_Raphael,Portrait_of_Cardinal_Bibbiena_(Raphael),link,11
List_of_paintings_by_Raphael,Solly_Madonna,link,11
List_of_paintings_by_Raphael,Visitation_(Raphael),link,11
Teenage_Mutant_Ninja_Turtles_(2014_film),Raphael_(Teenage_Mutant_Ninja_Turtles),link,261
other-search,"Raphael,_Nicholas,_and_Irene_of_Lesbos",external,261
Leonardo_da_Vinci,Isabella_d'Este,link,260
List_of_angels_in_theology,Raphael_(archangel),link,260
List_of_works_by_Leonardo_da_Vinci,La_Scapigliata,link,260
Salaì,Leonardo_da_Vinci,link,260
other-search,Michelangelo_Rampulla,external,260
List_of_statues,Bacchus_(Michelangelo),link,11
List_of_statues_of_Jesus,Lamentation_over_the_Dead_Christ_(Donatello),link,11
David_(Michelangelo),Classical_antiquity,link,259
List_of_the_tallest_statues_in_the_United_States,David_(inspired_by_Michelangelo),link,11
List_of_theoretical_physicists,Leonardo_da_Vinci,link,11
List_of_things_named_after_Leonardo_da_Vinci,Leonardo_(Teenage_Mutant_Ninja_Turtles),link,11
other-empty,Raphael_Veiga,external,259
other-empty,The_Tribute_Money_(Masaccio),external,259
List_of_works_by_Leonardo_da_Vinci,Galleria_nazionale_di_Parma,link,11
List_of_works_by_Leonardo_da_Vinci,Giorgio_Vasari,link,11
List_of_works_by_Leonardo_da_Vinci,Peter_Paul_Rubens,link,11
List_of_works_by_Michelangelo,"Church_of_Our_Lady,_Bruges",link,11
List_of_works_by_Michelangelo,Epifania,link,11
List_of_works_by_Michelangelo,Pietà_for_Vittoria_Colonna,link,11
List_of_works_by_Michelangelo,Santa_Maria_degli_Angeli_e_dei_Martiri,link,11
List_of_works_by_Titian,Abraham_and_Isaac_(Titian),link,11
List_of_works_by_Titian,John_Frederick_I_of_Saxony,link,11
List_of_works_by_Titian,Portrait_of_Federico_II_Gonzaga,link,11
List_of_works_by_Titian,Sisyphus_(Titian),link,11
List_of_works_by_Titian,The_Fall_of_Man_(Titian),link,11
List_of_works_by_Titian,Venus_with_a_Mirror,link,11
List_of_works_in_the_Louvre,Raphael,link,11
other-search,Raphael_Holinshed,external,259
Lists_of_art_awards,Leonardo_da_Vinci_World_Award_of_Arts,link,11
"Lives_of_the_Most_Excellent_Painters,_Sculptors,_and_Architects",Raphael,link,11
other-empty,Andrea_del_Sarto,external,258
Leonardo_da_Vinci,Lost_artworks,link,257
Raphael_Lemkin,Genocide_Convention,link,257
Lucy_Pearl_(album),Raphael_Saadiq,link,11
Lyricon,Raphael_Ravenscroft,link,11
MS_Giulio_Cesare,SS_Leonardo_da_Vinci,link,11
Madonna_del_Prato_(Raphael),"Belvedere,_Vienna",link,11
Maes_Titianus,Sino-Roman_relations,link,11
2028_United_States_Senate_elections,Raphael_Warnock,link,254
NTSF:SD:SUV::,June_Diane_Raphael,link,254
Main_Page,The_Rape_of_Europa_(Titian),other,11
Main_Page,Transfiguration_(Raphael),other,11
Marcantonio_Raimondi,Battle_of_Cascina_(Michelangelo),link,11
other-empty,Conservation-restoration_of_Leonardo_da_Vinci's_The_Last_Supper,external,253
Marcos_Rocha,Raphael_Veiga,other,11
Margarita_Luti,Transfiguration_(Raphael),link,11
Maria_Luisa_of_Parma,Anton_Raphael_Mengs,link,11
Arabelle_Raphael,Siri_Dahl,other,252
Mark_Rein_(journalist),Raphael_Abramovitch,link,11
Marsyas,Flaying_of_Marsyas_(Titian),link,11
Mary_Magdalene,Donatello,link,11
Marzocco,Donatello,link,11
Max_Nordau,Pre-Raphaelite_Brotherhood,link,11
Michelangelo,Giorgio_Vasari,link,251
other-empty,Raphael_Bostic,external,251
other-external,The_Last_Judgment_(Michelangelo),external,251
Meet_Wally_Sparks,Sally_Jessy_Raphael,link,11
other-search,Michelangelo_Signorile,external,251
Family_(Willie_Nelson's_band),Mickey_Raphael,link,250
Michelangelo,Giovanni_Pico_della_Mirandola,link,11
Michelangelo,Jean_Bilhères_de_Lagraulas,link,11
Michelangelo,Pendentive,link,11
Michelangelo,Rafael,other,11
Michelangelo_(Teenage_Mutant_Ninja_Turtles),Horridus,link,11
Michelangelo_(Teenage_Mutant_Ninja_Turtles),List_of_Teenage_Mutant_Ninja_Turtles_(2012_TV_series)_characters,link,11
Michelangelo_(Teenage_Mutant_Ninja_Turtles),Rise_of_the_Teenage_Mutant_Ninja_Turtles:_The_Movie,link,11
Michelangelo_(Teenage_Mutant_Ninja_Turtles),Robbie_Rist,link,11
Michelangelo_(Teenage_Mutant_Ninja_Turtles),Teenage_Mutant_Ninja_Turtles:_Out_of_the_Shadows,link,11
Michelangelo_(computer_virus),Computer_virus,link,11
Michelangelo_Antonioni,Centro_Sperimentale_di_Cinematografia,link,11
Michelangelo_Antonioni,Main_Page,other,11
Michelangelo_Buonarroti_the_Younger,Galileo_Galilei,link,11
Michelangelo_phenomenon,Pygmalion_effect,link,11
Mickey_Raphael,Honeysuckle_Rose_(film),link,11
Mickey_Raphael,Townes_Van_Zandt,link,11
David_Shore,Raphael_Shore,link,249
Mihrimah_Sultan_(daughter_of_Suleiman_I),Titian,link,11
Ken_Burns,Leonardo_da_Vinci_(2024_film),link,249
Raphael_Saadiq,Lucy_Pearl,link,249
other-empty,Luca_della_Robbia,external,249
List_of_works_by_Leonardo_da_Vinci,La_Belle_Ferronnière,link,248
Third_series_euro_redesign,Leonardo_da_Vinci,link,248
Mona_Lisa_replicas_and_reinterpretations,List_of_works_by_Leonardo_da_Vinci,link,11
Moses_(Michelangelo),Leah_(sculpture),link,11
Moses_(disambiguation),Moses_(Michelangelo),link,11
June_Diane_Raphael,Bride_Wars,link,247
Michelangelo,Rondanini_Pietà,link,247
Raphael_Warnock,Seniority_in_the_United_States_Senate,link,247
Mthuli_Ncube,Pashor_Raphael_Sibanda,link,11
Raphael_Saadiq,Jimmy_Lee_(album),link,246
Sylvia_Raphael,Annæus_Schjødt_Jr.,link,246
David,David_(Michelangelo),link,245
Isabella_Stewart_Gardner,The_Rape_of_Europa_(Titian),link,245
other-empty,Gordon_Raphael,external,245
Apostolic_Palace,Raphael_Rooms,link,244
New_Girl_season_3,June_Diane_Raphael,link,11
Nick_Raphael,Christian_Tattersfield,link,11
Nicodemus,Titian,link,11
Ninja_Turtles:_The_Next_Mutation,Raphael_(Teenage_Mutant_Ninja_Turtles),link,11
Leonardo_da_Vinci,List_of_things_named_after_Leonardo_da_Vinci,link,242
Old_age,Titian,link,11
Cosimo_de'_Medici,Donatello,link,241
June_Diane_Raphael,"Rockville_Centre,_New_York",link,241
Otho,Lucius_Salvius_Otho_Titianus,link,11
Overseas_Shipholding_Group,Raphael_Recanati,link,11
Oxbridge_Blues,Frederic_Raphael,link,11
Raphael_(Teenage_Mutant_Ninja_Turtles),Donatello_(Teenage_Mutant_Ninja_Turtles),link,240
PRB,Pre-Raphaelite_Brotherhood,link,11
other-search,Importuno_di_Michelangelo,external,240
Pallas_and_Arachne,The_Rape_of_Europa_(Titian),link,11
Paolo_Sorrentino,David_di_Donatello,link,11
Parabola,Leonardo_da_Vinci,link,11
Leonardo_da_Vinci,Adding_machine,link,239
Pre-Raphaelite_Brotherhood,Marie_Spartali_Stillman,link,239
The_Building_Worker,David_(Michelangelo),link,239
Penitent_Magdalene_(Donatello),Mary_of_Egypt,link,11
"Penitent_Magdalene_(Titian,_1531)","Penitent_Magdalene_(Titian,_1565)",link,11
Palace_of_Whitehall,Sleeping_Cupid_(Michelangelo),link,238
Pertinax,Flavia_Titiana,link,238
Perfect_Strangers_(2016_film),David_di_Donatello,link,11
Perseus_and_Andromeda_(Titian),Titian,link,11
Personal_life_of_Leonardo_da_Vinci,Celibacy,link,11
Personal_life_of_Leonardo_da_Vinci,Gentleman,link,11
other-empty,Raphael_Semmes,external,238
other-search,Monument_to_Leonardo_da_Vinci,external,238
other-search,The_Feast_of_Herod_(Donatello),external,238
Christina_Rossetti,Pre-Raphaelite_Brotherhood,link,237
"David_(Donatello,_bronze)",Bargello,link,237
Piazzale_Michelangelo,Bargello,link,11
Piazzale_Michelangelo,Ponte_Vecchio,link,11
Raphael_Warnock,Georgia_(U.S._state),link,237
Pieter_Bruegel_the_Elder,Leonardo_da_Vinci,link,11
Pietro_Torrigiano,Masaccio,link,11
Pietà_(Michelangelo),Alba_Madonna,other,11
Pietà_(Titian),Gallerie_dell'Accademia,link,11
The_Addams_Family_(1991_film),Sally_Jessy_Raphael,link,237
The_Last_Judgment_(Michelangelo),Biagio_da_Cesena,link,237
Michelangelo_(Teenage_Mutant_Ninja_Turtles),Teenage_Mutant_Ninja_Turtles:_The_Last_Ronin,link,236
Pope_Clement_VII,Transfiguration_(Raphael),link,11
Vandalism_of_Michelangelo's_Pietà,Bob_Cassilly,link,236
Portrait_of_Alfonso_d'Avalos_with_a_Page,Titian,link,11
"Portrait_of_Charles_V_(Titian,_Munich)",Henry_Kissinger,link,11
Portrait_of_a_Young_Woman_with_a_Unicorn,List_of_paintings_by_Raphael,link,11
other-search,"Ecce_Homo_(Titian,_Vienna)",external,236
Pre-Raphaelite_Brotherhood,Academic_art,link,11
Pre-Raphaelite_Brotherhood,New_English_Art_Club,link,11
Algernon_Charles_Swinburne,Pre-Raphaelite_Brotherhood,link,235
Leonardo_da_Vinci,The_Virgin_and_Child_with_Saint_Anne_(Leonardo),link,235
"Prince_Philippe,_Count_of_Paris","St_Raphael's_Church,_Surbiton",link,11
Michelangelo,Madonna_of_the_Stairs,link,235
Priscilla_(soundtrack),Sons_of_Raphael,link,11
Bartholomew_the_Apostle,The_Last_Judgment_(Michelangelo),link,234
Leonardo_da_Vinci,Main_Page,other,234
other-external,Titian,external,234
Racing_Thoughts_(Jasper_Johns),The_Last_Judgment_(Michelangelo),link,11
Rafael_Kayanan,Chiaroscuro:_The_Private_Lives_of_Leonardo_da_Vinci,link,11
Raffaello,Raphael_(given_name),link,11
Raphael,Albrecht_Dürer,other,11
Raphael,Condottiere,link,11
Raphael,Fra_Bartolomeo,link,11
Raphael,Luca_Signorelli,link,11
Raphael,Rembrandt,other,11
Raphael,Vatican_Museums,link,11
Raphael's_Ephemeris,Ephemeris,link,11
Raphael-Pijus_Otegbayo,Stoke_City_F.C.,link,11
Raphael_(Teenage_Mutant_Ninja_Turtles),Kusari-fundo,link,11
Raphael_(Teenage_Mutant_Ninja_Turtles),Ninjutsu,link,11
Raphael_(Teenage_Mutant_Ninja_Turtles),Tsundere,link,11
Raphael_(archangel),"Calaca,_Batangas",link,11
Raphael_(archangel),Lutheranism,link,11
Raphael_(archangel),"San_Rafael,_California",link,11
Raphael_(archangel),Sefirot,link,11
Raphael_(disambiguation),Raphael_(musician),link,11
Raphael_(disambiguation),Raphaël_Haroche,link,11
Raphael_Armattoe,Erwin_Schrödinger,link,11
Raphael_Assunção,Bryan_Caraway,link,11
Raphael_Bob-Waksberg,Animaniacs,link,11
Raphael_Cilento,"Jamestown,_South_Australia",link,11
Raphael_Cohen,Aryeh_Leib_ben_Asher_Gunzberg,link,11
Raphael_Douady,Adrien_Douady,link,11
Raphael_Guzzo,G.D._Chaves,link,11
Raphael_Hadane,Beta_Israel,link,11
Raphael_Holzhauser,Marsaxlokk_F.C.,link,11
Raphael_Hostey,Aine_Davis,link,11
Raphael_House_Rudolf_Steiner_School,Waldorf_education,link,11
Raphael_I_Bidawid,List_of_Chaldean_Catholic_patriarchs_of_Baghdad,link,11
Raphael_Kalinowski,Odour_of_sanctity,link,11
Raphael_Lea'i,Eugenio_Pizzuto,link,11
Raphael_Lemkin,Adolf_Hitler,link,11
Raphael_Lemkin,Cultural_genocide,link,11
Raphael_Mechoulam,Franz_Sondheimer,link,11
Raphael_Patai,Daphne_Patai,link,11
Raphael_Patai,Jewish_folklore,other,11
Raphael_Ravenscroft,Romance_Dance,link,11
Raphael_Rossi,Radomiak_Radom,link,11
Raphael_Saadiq,Eric_Gales,link,11
Raphael_Saadiq,Mary_J._Blige,link,11
Raphael_Saadiq,Sinners_(2025_film),link,11
Raphael_Saadiq,Universal_Records_(1995−2006),link,11
Raphael_Saadiq,Wasteland_(Brent_Faiyaz_album),link,11
Raphael_Saadiq_production_discography,Untitled_(How_Does_It_Feel),link,11
Raphael_Sallinger,1._FC_Kaiserslautern,link,11
Raphael_Sbarge,Mass_Effect,link,11
Raphael_Sbarge,The_Mentalist,link,11
Raphael_Semmes,John_Ancrum_Winslow,link,11
Raphael_Semmes,"Semmes,_Alabama",link,11
Raphael_Semmes,Southern_Victory,link,11
Raphael_Shore,Rawan_Osman,link,11
Raphael_Supusepa,Shaanxi_Union_F.C.,link,11
Raphael_Veiga,2021_Copa_Libertadores,link,11
Raphael_Warnock,"Consolidated_Appropriations_Act,_2021",link,11
Raphael_Warnock,GovTrack,link,11
Raphael_Warnock,Latin_honors,link,11
Raphael_Warnock,Marco_Rubio,link,11
Raphael_Warnock,Ted_Cruz,link,11
Raphael_Warnock,Timeline_of_African-American_firsts,link,11
other-empty,Museo_Nazionale_Scienza_e_Tecnologia_Leonardo_da_Vinci,external,233
Red_Bull_Ghana,Raphael_Dwamena,link,11
Red_Wedding_(Perugia),The_Deposition_(Raphael),link,11
David_(Michelangelo),Heroic_nudity,link,232
David_(Michelangelo),Italian_Renaissance_sculpture,link,232
Removal_of_Confederate_monuments_and_memorials,Raphael_Semmes,link,11
Raphael,Platonism_in_the_Renaissance,link,232
Republic_of_Florence,Leonardo_da_Vinci,link,11
Titian,Pieve_di_Cadore,link,232
other-empty,The_Michelangelo,external,232
Rhett_&_Link,Donatello,link,11
Richard_Gere,David_di_Donatello,link,11
David_di_Donatello,David_di_Donatello_for_Best_Film,link,231
St._Brandon,Île_Raphael,link,231
Rokeby_Venus,Titian,link,11
Rosalind_H._Williams,Leonardo_da_Vinci_Medal,link,11
2026–27_Eintracht_Frankfurt_season,Raphael_Onyedika,link,229
other-empty,Sylvia_Raphael,external,229
"Saint-Raphaël,_Var",Saint_Raphael,link,11
Saint_George_(Donatello),Orsanmichele,link,11
Saint_George_and_the_Dragon,"Saint_George_(Raphael,_Louvre)",link,11
Saint_George_and_the_Dragon,Saint_George_and_the_Dragon_(Raphael),link,11
Saint_George_and_the_Dragon_(disambiguation),Saint_George_and_the_Dragon_(Raphael),link,11
Saint_John_the_Baptist_(Titian),Gallerie_dell'Accademia,link,11
Saint_John_the_Baptist_(Titian),Titian,link,11
Saint_Michael_(Raphael),Raphael,link,11
Sally_Jessy_Raphael,Neighborhood_Playhouse_School_of_the_Theatre,link,11
Sally_Jessy_Raphael,The_Oprah_Winfrey_Show,link,11
Salvador_Dalí,Raphael,link,11
Salve_Regina,Raphael,link,11
Book_of_Tobit,Raphael_(archangel),link,228
Burning_Love_(TV_series),June_Diane_Raphael,link,228
Samson_Raphael_Hirsch,Joseph_Breuer,link,11
Samson_Raphael_Hirsch,Zvi_Hirsch_Kalischer,link,11
Samuel_Edward_Konkin_III,Raphael_Lemkin,link,11
"San_Domenico,_Bologna",Saint_Petronius_(Michelangelo),link,11
Lisa_Hanawalt,Raphael_Bob-Waksberg,link,228
List_of_works_by_Michelangelo,Head_of_a_Faun,link,228
Michelangelo_Antonioni,Slow_cinema,link,228
Sandro_Botticelli,Donatello,link,11
"Santissima_Annunziata,_Florence",Andrea_del_Sarto,link,11
Satyr,Bacchus_(Michelangelo),link,11
Science_and_inventions_of_Leonardo_da_Vinci,Early_flying_machines,link,11
Science_and_inventions_of_Leonardo_da_Vinci,Mechanical_engineering,link,11
Science_and_inventions_of_Leonardo_da_Vinci,The_Baptism_of_Christ_(Verrocchio_and_Leonardo),link,11
Francis_I_of_France,Leonardo_da_Vinci,link,227
Sea_of_Galilee,Raphael,link,11
List_of_works_by_Leonardo_da_Vinci,The_Baptism_of_Christ_(Verrocchio_and_Leonardo),link,227
Michelangelo,Michelangelo_(disambiguation),link,227
Native_American_genocide_in_the_United_States,Raphael_Lemkin,link,227
Titian,Giorgione,link,227
Vandalism_of_Michelangelo's_Pietà,Pietà_(Michelangelo),link,227
"Self-Portrait_(Titian,_Berlin)",Titian,link,11
"Self-Portrait_(Titian,_Madrid)","Self-Portrait_(Titian,_Berlin)",link,11
other-empty,Madonna_del_Prato_(Raphael),external,227
other-search,Raphael_Bousso,external,227
other-search,Raphael_Samuel,external,227
Bruno_Guimarães,Raphael_Veiga,other,226
David_(Michelangelo),List_of_works_by_Michelangelo,link,226
JID,Raphael_Warnock,link,226
Julia_Stephen,Pre-Raphaelite_Brotherhood,link,226
Michelangelo_Antonioni,Story_of_a_Love_Affair,link,226
Raphael_Lea'i,Solomon_Kings_FC,link,226
Vandalism_of_Michelangelo's_Pietà,László_Tóth,link,226
David_(Michelangelo),Florence,link,225
Michelangelo,Sistine_Chapel,link,225
other-empty,Raphael_Cormack,external,225
other-search,Saint_Catherine_of_Alexandria_(Raphael),external,225
other-search,Cardinal_and_Theological_Virtues_(Raphael),external,224
"South_Side_High_School_(Rockville_Centre,_New_York)",June_Diane_Raphael,link,11
David_(Michelangelo),List_of_tallest_statues,link,223
List_of_works_by_Michelangelo,Michelangelo,link,223
"Spokane,_Washington",Jacques_Raphael_Finlay,link,11
Pope_Clement_VII,The_Last_Judgment_(Michelangelo),link,223
St_Raphael's_Estate,St._Raphael's_Edible_Garden,link,11
Leonardo_da_Vinci,Cultural_references_to_Leonardo_da_Vinci,link,222
Michelangelo,Fresco,link,222
Raphael_Rowe,Miscarriage_of_justice,link,222
Stoat,Leonardo_da_Vinci,link,11
Studies_of_the_Fetus_in_the_Womb,Leonardo_da_Vinci,link,11
June_Diane_Raphael,Freakier_Friday,link,221
Masaccio,Pisa_Altarpiece,link,221
Suspicion_(1941_film),Samson_Raphaelson,link,11
other-empty,The_Marriage_of_the_Virgin_(Raphael),external,221
Symon_Petliura,Raphael_Abramovitch,link,11
other-search,Raphael_Armattoe,external,221
Assumption_of_the_Virgin_(Titian),Santa_Maria_Gloriosa_dei_Frari,link,220
Taft_Hotel,The_Michelangelo,link,11
Leonardo_da_Vinci,Leonardo_polyhedron,link,220
Tales_of_the_Teenage_Mutant_Ninja_Turtles_(TV_series),Raphael_(Teenage_Mutant_Ninja_Turtles),link,11
Painting,Leonardo_da_Vinci,link,219
"That's_Too_Much,_Man!",Raphael_Bob-Waksberg,link,11
Suicide_of_Ryan_Halligan,Suicide_of_Nicola_Ann_Raphael,link,219
The_Agony_and_the_Ecstasy_(film),Raphael_Rooms,link,11
The_Clique_(art_group),Pre-Raphaelite_Brotherhood,link,11
The_Color_of_Pomegranates,Michelangelo_Antonioni,link,11
The_Creation_of_Adam,The_Last_Judgment_(Michelangelo),link,11
"The_Crowning_with_Thorns_(Titian,_Munich)","The_Crowning_with_Thorns_(Titian,_Paris)",link,11
The_Death_of_Leonardo_da_Vinci,Cultural_references_to_Leonardo_da_Vinci,link,11
The_Deposition_(Michelangelo),Mary_Magdalene,link,11
The_Deposition_(Raphael),Red_Wedding_(Perugia),link,11
The_Diving_Board,Raphael_Saadiq,link,11
The_Duel_(2016_film),Raphael_Sbarge,link,11
Raphael_(Teenage_Mutant_Ninja_Turtles),Teenage_Mutant_Ninja_Turtles,link,218
Raphael_(archangel),Gabriel,link,218
Raphael_Saadiq,Timothy_Christian_Riley,link,218
The_Last_Judgment_(Michelangelo),Saint_Peter,link,11
The_Last_of_England_(painting),Pre-Raphaelite_Brotherhood,link,11
The_Light_in_the_Piazza_(musical),Piazzale_Michelangelo,link,11
The_Marriage_of_the_Virgin_(Raphael),Saint_Joseph,link,11
The_McGuire_Sisters,Sally_Jessy_Raphael,link,11
other-search,Sleeping_Cupid_(Michelangelo),external,218
"The_Order_of_Release,_1746",Pre-Raphaelite_Brotherhood,link,11
Frederic_Raphael,Sarah_Raphael,link,217
The_Prophet_Isaiah_(Raphael),Isaiah,link,11
The_Raft_of_the_Medusa,Transfiguration_(Raphael),link,11
The_Rape_of_Europa_(Titian),Diana_and_Actaeon_(Titian),link,11
Leonardo_da_Vinci,Giorgio_Vasari,link,217
The_Three_Musketeers_(2011_film),Leonardo_da_Vinci,link,11
The_Tribute_Money_(Masaccio),Chiaroscuro,link,11
Thomas_Carlyle,Pre-Raphaelite_Brotherhood,link,11
Thomas_Lawrence,Transfiguration_(Raphael),link,11
List_of_works_by_Michelangelo,David_(Michelangelo),link,216
Tiki-taka,Raphael_Honigstein,link,11
other-internal,Sally_Jessy_Raphael,external,216
Tiny_Desk_Concerts,Raphael_Saadiq,link,11
Titian,Battle_of_Cascina_(Michelangelo),link,11
Titian,Da_Camino,link,11
Titian,Gallerie_dell'Accademia,link,11
Titian,Lucy_Maud_Montgomery,link,11
Titian,Maria_Anna_of_Spain,link,11
Titian,National_Gallery,link,11
Titian_Peale,Long's_Expedition_of_1820,link,11
2020–21_United_States_Senate_election_in_Georgia,Raphael_Warnock,link,215
Carnosaur_(film),Raphael_Sbarge,link,215
Edmund_Blair_Leighton,Pre-Raphaelite_Brotherhood,link,215
Tommaso_dei_Cavalieri,The_Punishment_of_Tityus_(Michelangelo),link,11
other-empty,Saint_George_(Donatello),external,215
Transfiguration,Transfiguration_(Raphael),link,11
Transfiguration_(Raphael),Capitoline_Brutus,link,11
Transfiguration_(Raphael),Raphael_Rooms,link,11
Transfiguration_(Raphael),Transfiguration_of_Jesus,link,11
Bacchus_(Michelangelo),Sleeping_Cupid_(Michelangelo),link,214
Ginger_Banks,Arabelle_Raphael,other,214
Trompe-l'œil,Masaccio,link,11
Michelangelo,Donatello,link,214
UFC_200,Raphael_Assunção,link,11
Conte_di_Cavour-class_battleship,Italian_battleship_Leonardo_da_Vinci,link,213
Leonardo_da_Vinci,Codex_Atlanticus,link,213
List_of_battleships_of_Italy,Italian_battleship_Leonardo_da_Vinci,link,213
Unfinished_creative_work,Transfiguration_(Raphael),link,11
Unione,Raphael,link,11
other-search,Caprese_Michelangelo,external,213
other-search,Raphael_Claus,external,213
Ass_Backwards,June_Diane_Raphael,link,212
Valeria_Bruni_Tedeschi,David_di_Donatello,link,11
Palazzo_Vecchio,David_(Michelangelo),link,212
Raphael_Lemkin,Holodomor,link,212
Vandalism_of_Michelangelo's_Pietà,Pilisvörösvár,link,11
The_Last_Judgment_(Michelangelo),Fresco,link,212
Titian_hair,Blond,link,212
Vatican_Museums,Titian,link,11
Vatican_loggias,Raphael_Rooms,link,11
Venus_Anadyomene,Galatea_(Raphael),link,11
Venus_and_Adonis_(Titian),Venus_and_Musician,link,11
Vermiglio_(film),70th_David_di_Donatello,link,11
other-external,Pre-Raphaelite_Brotherhood,external,212
Victorian_painting,Raphael,link,11
Villa_Madama,Raphael,link,11
Ted_2,Raphael_(Teenage_Mutant_Ninja_Turtles),link,211
other-empty,Judith_and_Holofernes_(Donatello),external,211
Wallington_Hall,Pre-Raphaelite_Brotherhood,link,11
other-search,Museo_Nazionale_Scienza_e_Tecnologia_Leonardo_da_Vinci,external,211
List_of_works_by_Michelangelo,Pietà_(Michelangelo),link,210
Pre-Raphaelite_Brotherhood,The_Hireling_Shepherd,link,210
Raphael_(archangel),Book_of_Enoch,link,210
other-empty,Galatea_(Raphael),external,210
Whitehawk_F.C.,Raphael_Rossi,link,11
Pre-Raphaelite_Brotherhood,Arthur_Hughes_(artist),link,209
Transfiguration_(Raphael),Vatican_Museums,link,209
other-empty,Sisyphus_(Titian),external,209
Worldwide_Underground,Raphael_Saadiq,link,11
other-search,Raphael_Miranda,external,209
other-search,Raphael_Rabello,external,209
Main_Page,Raphael,other,208
Piazza_della_Signoria,Judith_and_Holofernes_(Donatello),link,208
Yoshitaka_Amano,Raphael_(band),link,11
other-empty,SS_Michelangelo,external,208
Zabriskie_Point,Michelangelo_Antonioni,link,11
Zecharias_Frankel,Samson_Raphael_Hirsch,link,11
Zuccone,Donatello,link,11
Donatello,Michelangelo,link,207
Edward_Burne-Jones,Pre-Raphaelite_Brotherhood,link,207
Flaying,Michelangelo,link,207
Frasier_(2023_TV_series),June_Diane_Raphael,link,207
List_of_United_States_senators_from_Georgia,Raphael_Warnock,link,207
Pre-Raphaelite_Brotherhood,Algernon_Charles_Swinburne,link,207
Pre-Raphaelite_Brotherhood,Evelyn_De_Morgan,link,207
Raphael_Saadiq,The_Ummah,link,207
Teenage_Mutant_Ninja_Turtles,Donatello,link,207
other-empty,41st_David_di_Donatello,external,11
other-empty,64th_David_di_Donatello,external,11
Raphael_Saadiq,Ray_Ray_(album),link,206
Herschel_Walker,Raphael_Warnock,link,205
Michelangelo,Secular_Franciscan_Order,link,205
Raphael,Palazzo_Caprini,link,205
Pre-Raphaelite_Brotherhood,Effie_Gray,link,204
Raphael_(archangel),Oak_of_Mamre,link,204
other-empty,Charlie_Raphael,external,11
other-empty,Clara_Raphael's_House,external,11
other-empty,Colegio_Italiano_Leonardo_da_Vinci,external,11
Assumption_of_the_Virgin_(Titian),Titian,link,203
Raphael_Warnock,Mainline_Protestant,link,203
Sylvia_Raphael,Lillehammer_affair,link,203
Mickey_Raphael,Ali_MacGraw,link,202
Task_(TV_series),Raphael_Sbarge,link,202
Michelangelo,Crucifix_(Michelangelo),link,201
other-empty,Raphael_Mechoulam,external,201
other-search,Church_of_Sts._Cyril_&_Methodius_and_St._Raphael,external,201
other-search,Marina_Raphael,external,201
other-empty,Istituto_Leonardo_da_Vinci_(Switzerland),external,11
Raphael_Saadiq,Stone_Rollin',link,200
Stuart_Adamson,The_Raphaels,link,200
other-empty,John_Raphael_(catepan),external,11
other-empty,Joseph_Raphael_(politician),external,11
other-empty,Judith_Raphael,external,11
other-search,Raphael_Saadiq_production_discography,external,200
Michelangelo,Tomb_of_Pope_Julius_II,link,199
Raphael_Obermair,SC_Paderborn_07,link,199
SS_Raffaello,SS_Michelangelo,link,199
CSS_Alabama,Raphael_Semmes,link,198
June_Diane_Raphael,Burning_Love_(TV_series),link,198
Michelangelo,Febo_di_Poggio,link,198
The_Rape_of_Europa_(Titian),Titian,link,198
other-empty,Mary_Raphael_Slattery,external,11
other-empty,Raphael_Holinshed,external,198
other-empty,Michelangelo_Brancavalerio,external,11
other-empty,Molly_Raphael,external,11
Donatello_(Teenage_Mutant_Ninja_Turtles),Teenage_Mutant_Ninja_Turtles,link,197
Moses_(Michelangelo),Tomb_of_Pope_Julius_II,link,197
Personal_life_of_Leonardo_da_Vinci,Salaì,link,197
Raphael_(given_name),Raphael_(archangel),link,197
Sally_Jessy_Raphael,Phil_Donahue,link,197
Seven_virtues,Cardinal_and_Theological_Virtues_(Raphael),link,197
other-empty,Perseus_and_Andromeda_(Titian),external,197
other-empty,Pashor_Raphael_Sibanda,external,11
Michelangelo,Classical_antiquity,link,196
Michelangelo_(Teenage_Mutant_Ninja_Turtles),Cowabunga,link,196
Pilgrimage_(TV_series),Raphael_Rowe,link,196
other-empty,Project_Raphael_(radio_serial),external,11
other-empty,Raphael_(opera),external,11
other-empty,Raphael_Andrade,external,11
other-empty,Raphael_Edereho,external,11
other-empty,Raphael_Falk_(chess_player),external,11
other-empty,Raphael_Kirshbaum_Building,external,11
other-empty,Raphael_Marcus,external,11
other-empty,Raphael_Schaschko,external,11
other-empty,Raphael_Thorius,external,11
other-empty,Raphael_Tigges,external,11
other-search,Flora_(Titian),external,196
other-search,Raphael_Maitimo,external,196
Sistine_Madonna,Raphael,link,195
other-search,Raphael_Augusto,external,195
other-empty,"St_Raphael's_Church,_San_Rafael",external,11
Balaam_Barugahara,Raphael_Magyezi,link,193
Teenage_Mutant_Ninja_Turtles,Raphael,link,193
other-empty,The_Fall_of_Man_(Titian),external,193
other-search,Prophet_Jeremiah_(Michelangelo),external,193
T.J._Dillashaw,Raphael_Assunção,link,192
other-search,"List_of_erotica_by_George_Morland,_William_Ward_and_John_Raphael_Smith",external,192
other-search,The_Conversion_of_Saul_(Michelangelo),external,192
other-external,Oddi_Altarpiece_(Raphael),external,11
other-external,Penitent_Magdalene_(Donatello),external,11
other-external,"Portrait_of_a_Young_Woman_(Raphael,_Strasbourg)",external,11
other-external,Raphael's_Ephemeris,external,11
other-external,Raphael_Wallfisch,external,11
other-search,Raphael_Soyer,external,191
other-external,Titian_hair,external,11
Ingmar_Bergman,Michelangelo_Antonioni,link,190
List_of_New_Girl_characters,June_Diane_Raphael,link,190
List_of_deaths_from_drug_overdose_and_intoxication,Suicide_of_Nicola_Ann_Raphael,link,190
Portrait_of_a_Young_Man_(Raphael),Raphael,link,190
other-internal,Arabelle_Raphael,external,190
other-internal,Cardinal_and_Theological_Virtues_(Raphael),external,11
George_Washington_Carver,Leonardo_da_Vinci,link,189
other-empty,Suicide_of_Nicola_Ann_Raphael,external,189
other-search,The_Tribute_Money_(Titian),external,189
Michelangelo,Battle_of_the_Centaurs_(Michelangelo),link,188
Raphael_(disambiguation),Raphael_(given_name),link,188
other-empty,Leda_and_the_Swan_(Michelangelo),external,188
other-empty,Penitent_Magdalene_(Donatello),external,188
other-empty,Raphael_of_Brooklyn,external,188
other-search,Donatello_(catalogue_of_works),external,188
Leonardo_da_Vinci,Luca_Pacioli,link,187
other-internal,"Penitent_Magdalene_(Titian,_1531)",external,11
other-internal,Raphael_Maitimo,external,11
other-internal,Raphael_Recanati,external,11
other-internal,Raphael_Tuju,external,11
other-internal,Raphaels_Bank,external,11
other-internal,Sleeping_Cupid_(Michelangelo),external,11
Bride_Wars,June_Diane_Raphael,link,186
John_Ruskin,Pre-Raphaelite_Brotherhood,link,186
Raphael,Duchy_of_Urbino,link,186
other-empty,Three_Graces_(Raphael),external,186
other-other,Bacchus_(Michelangelo),external,11
Michelangelo_Antonioni,Il_Grido,link,185
Physical_attractiveness,David_(Michelangelo),link,185
other-other,The_Conversion_of_Saul_(Michelangelo),external,11
other-other,The_Entombment_(Michelangelo),external,11
other-other,Titian,external,11
other-search,63rd_David_di_Donatello,external,11
other-search,Raphael_Honigstein,external,185
Raphael_Rowe,Inside_the_World's_Toughest_Prisons,link,184
other-search,Benjamin_Raphael,external,11
other-search,Beverley_Raphael,external,11
other-external,Science_and_inventions_of_Leonardo_da_Vinci,external,184
David_(Michelangelo),Marble_sculpture,link,183
other-search,David_di_Donatello_for_Best_Original_Song,external,11
Pre-Raphaelite_Brotherhood,Elizabeth_Siddal,link,183
St._Peter's_Basilica,Pietà_(Michelangelo),link,183
W._B._Yeats,Pre-Raphaelite_Brotherhood,link,183
other-internal,Masaccio,external,183
other-search,"Saint_George_(Raphael,_Louvre)",external,183
Albrecht_Dürer,Leonardo_da_Vinci,link,182
Michelangelo,The_Agony_and_the_Ecstasy_(film),link,182
Michelangelo_(Teenage_Mutant_Ninja_Turtles),Michelangelo,link,182
Virgin_of_the_Rocks,Leonardo_da_Vinci,link,182
Raphael_Borges_Rodrigues,Wigan_Athletic_F.C.,link,181
other-search,Michelangelo_Cerruti,external,11
other-search,Michelangelo_Pittatore,external,11
other-search,Michelangelo_Tamburini,external,11
other-empty,Michelangelo_(computer_virus),external,181
other-search,Museo_Ideale_Leonardo_da_Vinci,external,11
Flaying_of_Marsyas_(Titian),Marsyas,link,180
Leonardo_da_Vinci,Da_Vinci_(disambiguation),link,180
other-search,Portrait_of_Cardinal_Alessandro_Farnese_(Raphael),external,11
Michelangelo,Matilda_of_Tuscany,link,180
Personal_life_of_Leonardo_da_Vinci,Cecilia_Gallerani,link,180
other-search,Raphael_Assibey-Mensah,external,11
other-search,Raphael_Framberger,external,11
other-search,Raphael_Rom,external,11
other-search,Raphael_Sassower,external,11
Pietà_(Michelangelo),High_Renaissance,link,180
other-search,Raphael_Tracey,external,11
Raphael_Bob-Waksberg,Kate_Purdy,link,180
other-search,Saul_Raphael_Landau,external,11
other-search,"The_Crowning_with_Thorns_(Titian,_Paris)",external,180
other-search,St._Raphael_(aircraft),external,11
Elizabeth_Siddal,Pre-Raphaelite_Brotherhood,link,179
Leonardo_da_Vinci,Florence,link,179
other-search,Titianus,external,11
other-search,Titus_Flavius_Postumius_Titianus,external,11
Nova_music_festival_massacre,Yuval_Raphael,link,179
Zabriskie_Point_(film),Michelangelo_Antonioni_filmography,link,179
Da_Vinci's_Demons,Leonardo_da_Vinci,link,178
1500s_(decade),Michelangelo,link,10
1520,Raphael,link,10
Paradise_Lost,Raphael_(archangel),link,178
Ryan_Erickson,Raphael_Michael_Fliss,link,178
Santa_Maria_Novella,Holy_Trinity_(Masaccio),link,178
1903_conclave,Michelangelo_Celesia,link,10
Titian,Italian_Renaissance_painting,link,178
other-empty,Diana_and_Actaeon_(Titian),external,178
Arabelle_Raphael,Iranian_Jews,link,177
Arabelle_Raphael,Manuel_Ferrara,link,177
June_Diane_Raphael,"Life,_Larry_and_the_Pursuit_of_Unhappiness",link,177
other-search,"Portrait_of_Charles_V_(Titian,_Munich)",external,177
other-search,Vision_of_a_Knight_(Raphael),external,177
June_Diane_Raphael,Year_One_(film),link,176
Science_and_inventions_of_Leonardo_da_Vinci,Leonardo_da_Vinci,link,176
other-search,"Penitent_Magdalene_(Titian,_1565)",external,176
other-search,Raphael_(band),external,176
2015_World_Championships_in_Athletics_–_Men's_pole_vault,Raphael_Holzdeppe,link,10
Asmodeus,Raphael_(archangel),link,175
List_of_works_by_Leonardo_da_Vinci,Benois_Madonna,link,175
The_Agony_and_the_Ecstasy_(film),Michelangelo,link,175
2022_Georgia_gubernatorial_election,Raphael_Warnock,link,10
2023_European_Athletics_U23_Championships,Raphael_Bouju,link,10
Contrapposto,David_(Michelangelo),link,174
2025_Copa_Libertadores_final_stages,Raphael_Veiga,link,10
2025–26_Hibernian_F.C._season,Raphael_Sallinger,link,10
2025–26_Stoke_City_F.C._season,Raphael-Pijus_Otegbayo,link,10
2025–26_UEFA_Champions_League_knockout_phase,Raphael_Onyedika,link,10
The_League,June_Diane_Raphael,link,174
2026_FIFA_World_Cup_Group_H,Raphael_Claus,link,10
other-empty,Battle_of_Cascina_(Michelangelo),external,174
2026_OFC_Men's_Champions_League_final,Raphael_Lea'i,link,10
69th_David_di_Donatello,Io_capitano,link,10
Raphael_Thattil,George_Alencherry,link,173
Room_on_Fire,Gordon_Raphael,link,173
"Santa_Croce,_Florence",Michelangelo,link,173
The_Last_Judgment_(Michelangelo),Last_Judgment,link,173
The_Rape_of_Europa_(Titian),Europa_(consort_of_Zeus),link,173
other-empty,Saint_George_and_the_Dragon_(Raphael),external,173
Academy_Award_for_Best_Original_Screenplay,Frederic_Raphael,link,10
Action_off_Galveston_Light,Raphael_Semmes,link,10
Adam_and_Eve,Titian,link,10
Michelangelo,Baroque,link,172
Adolf_Hitler,Leonardo_da_Vinci,other,10
Pietà_(Michelangelo),Pentecost,link,172
Raphael_(archangel),Seven_Archangels,link,172
Raphael_Veiga,Club_América,link,172
Aftimios_Ofiesh,Raphael_of_Brooklyn,link,10
Agnes_Slott-Møller,Pre-Raphaelite_Brotherhood,link,10
Alan_Keyes,Michelangelo_Signorile,link,10
Leonardo_da_Vinci,Rhombicuboctahedron,link,171
Alida_Valli,Michelangelo_Antonioni,link,10
Alvin_Plantinga,Raphael_Demos,link,10
other-search,Portrait_of_a_Cardinal_(Raphael),external,171
Ananias_and_Sapphira,Raphael,link,10
Italian_Renaissance,Michelangelo,link,170
Andrea_del_Sarto,Franciabigio,link,10
Andrea_del_Sarto,Rosso_Fiorentino,link,10
Andrea_del_Sarto_(poem),Men_and_Women_(poetry_collection),link,10
Andrea_del_Sarto_(poem),My_Last_Duchess,link,10
List_of_paintings_by_Jean-Michel_Basquiat,Leonardo_da_Vinci's_Greatest_Hits,link,170
Raphael_Saadiq,Ask_of_You,link,170
Anton_Raphael_Mengs,Charles_IV_of_Spain,link,10
Antonio_da_Correggio,Michelangelo_Anselmi,link,10
Ape_index,Leonardo_da_Vinci,link,10
Albrecht_Dürer,Raphael,link,169
Anita_Lasker-Wallfisch,Raphael_Wallfisch,link,169
Arabelle_Raphael,OnlyFans,link,10
Leonardo_da_Vinci,The_Virgin_and_Child_with_Saint_Anne_and_Saint_John_the_Baptist,link,169
Aristotle,Leonardo_da_Vinci,other,10
Tommaso_dei_Cavalieri,Michelangelo,link,169
Assassin's_Creed:_Brotherhood_-_The_Da_Vinci_Disappearance,Cultural_references_to_Leonardo_da_Vinci,link,10
other-search,Michelangelo_(given_name),external,169
Flaying,The_Last_Judgment_(Michelangelo),link,168
Michelangelo_Antonioni,The_Lady_Without_Camelias,link,168
Raphael_Lemkin,Genocide,link,168
Bakr_Sidqi,Raphael_Lemkin,link,10
other-search,Raphael_Abramovitch,external,168
Banach–Tarski_paradox,Raphael_M._Robinson,link,10
Bar_Refaeli,Raphael_(archangel),link,10
Barometer,Michelangelo_Ricci,link,10
Jiminy_Cricket,Raphael_Sbarge,link,167
Leonardo_da_Vinci,Annunciation_(Leonardo),link,167
Batman_vs._Teenage_Mutant_Ninja_Turtles,Raphael_(Teenage_Mutant_Ninja_Turtles),link,10
Public_domain,Leonardo_da_Vinci,link,167
Battle_of_the_Centaurs_(Michelangelo),Non_finito,link,10
Beautifully_Human:_Words_and_Sounds_Vol._2,Raphael_Saadiq,link,10
Cody_Garbrandt,Raphael_Assunção,link,166
Bernardo_Bertolucci,Michelangelo_Antonioni,link,10
List_of_BoJack_Horseman_characters,Raphael_Bob-Waksberg,link,166
other-empty,Lucan_portrait_of_Leonardo_da_Vinci,external,166
Birmingham,Pre-Raphaelite_Brotherhood,link,10
other-internal,Raphael_Lemkin,external,166
other-search,Liberation_of_Saint_Peter_(Raphael),external,166
Bacchus_(Michelangelo),Pietà_(Michelangelo),link,165
BoJack_Horseman_season_6,Raphael_Bob-Waksberg,link,10
Pre-Raphaelite_Brotherhood,The_Germ_(periodical),link,165
Sai_(weapon),Raphael_(Teenage_Mutant_Ninja_Turtles),link,165
other-search,Raphaelle_Ortega-David,external,165
House_of_Medici,Michelangelo,link,164
Bulgaria_national_football_team,Raphael_Lea'i,link,10
Pietà_(Michelangelo),"Mary,_mother_of_Jesus",link,164
Portrait_of_a_Young_Man_(Raphael),Lady_with_an_Ermine,link,164
Cadaver,Leonardo_da_Vinci,link,10
other-search,Italian_submarine_Leonardo_da_Vinci_(1939),external,164
Florence,David_(Michelangelo),link,163
Caprese_Michelangelo,Florence,link,10
Cardinal_and_Theological_Virtues_(Raphael),Fresco,link,10
Raphael,Bloodletting,link,163
Celeste_Dalla_Porta,David_di_Donatello,link,10
other-search,Italian_battleship_Leonardo_da_Vinci,external,163
2026_Georgia_gubernatorial_election,Raphael_Warnock,link,162
Charles_Allston_Collins,Pre-Raphaelite_Brotherhood,link,10
Charles_Nicholl_(author),Leonardo_da_Vinci:_The_Flights_of_the_Mind,link,10
Freakier_Friday,June_Diane_Raphael,link,162
Lady_with_an_Ermine,List_of_works_by_Leonardo_da_Vinci,link,162
Cheetah,Titian,link,10
Michelangelo,Pietro_Torrigiano,link,162
Raphael,Portrait_of_a_Young_Man_(Raphael),link,162
San_Pietro_in_Vincoli,Moses_(Michelangelo),link,162
Teenage_Mutant_Ninja_Turtles_(2014_film),Michelangelo_(Teenage_Mutant_Ninja_Turtles),link,162
The_Disaster_Artist_(film),June_Diane_Raphael,link,162
Titian,Titian_hair,link,162
other-other,David_(Michelangelo),external,162
"Christ_and_the_Adulteress_(Titian,_Glasgow)",Jesus_and_the_woman_taken_in_adultery,link,10
other-search,The_Three_Ages_of_Man_(Titian),external,162
Classes_of_United_States_senators,Raphael_Warnock,link,10
Classicism,Pre-Raphaelite_Brotherhood,link,10
List_of_works_by_Leonardo_da_Vinci,Portrait_of_Isabella_d'Este_(Leonardo),link,161
Michelangelo_Antonioni,Le_Amiche,link,161
Raphael,Donatello,other,161
Transfiguration_(Raphael),Raphael,link,161
other-empty,Pietà_(Titian),external,161
other-search,Nick_Raphael,external,161
Constanzo_Beschi,Michelangelo_Tamburini,link,10
House_of_Medici,Donatello,link,160
Leonardo_da_Vinci,Leonardo_da_Vinci_(disambiguation),link,160
Michelangelo_(Teenage_Mutant_Ninja_Turtles),Donatello_(Teenage_Mutant_Ninja_Turtles),link,160
Raphael_Borges_Rodrigues,Coventry_City_F.C.,link,160
Council_of_Trent,Titian,link,10
Sistine_Chapel_ceiling,Raphael,link,160
Cultural_references_to_Leonardo_da_Vinci,Salaì,link,10
other-search,Raphael_Chukwu,external,160
Grimdark,Pre-Raphaelite_Brotherhood,link,159
Da_Vinci's_Demons,Cultural_references_to_Leonardo_da_Vinci,link,10
Perseus_with_the_Head_of_Medusa,Judith_and_Holofernes_(Donatello),link,159
Teenage_Mutant_Ninja_Turtles,Leonardo_da_Vinci,link,159
Titian,Sacred_and_Profane_Love,link,159
other-empty,Flora_(Titian),external,159
"David_(Donatello,_bronze)",Desiderio_da_Settignano,link,10
"David_(Donatello,_bronze)",Hadrian,link,10
David_(Michelangelo),Apuan_Alps,link,10
David_(Michelangelo),Bronze_sculpture,link,10
David_(Michelangelo),City-state,link,10
David_(Michelangelo),Francesco_Salviati_(painter),link,10
David_(Michelangelo),Kathleen_Weil-Garris_Brandt,link,10
David_(Michelangelo),Sistine_Chapel_ceiling,link,10
David_(Michelangelo),Victoria_and_Albert_Museum,link,10
other-empty,Portrait_of_Isabella_d'Este_(Titian),external,159
David_di_Donatello,David_di_Donatello_for_Best_Documentary,link,10
David_di_Donatello,Nastro_d'Argento,link,10
David_di_Donatello_for_Best_Actor,Silvio_Orlando,link,10
David_di_Donatello_for_Best_Actress,Anna_Magnani,link,10
David_di_Donatello_for_Best_Actress,Giovanna_Mezzogiorno,link,10
David_di_Donatello_for_Best_Actress,Romana_Maggiora_Vergano,link,10
David_di_Donatello_for_Best_Film,Love_and_Bullets_(2017_film),link,10
David_di_Donatello_for_Best_Film,Pinocchio_(2019_film),link,10
David_di_Donatello_for_Best_Film,Piranhas_(2019_film),link,10
David_di_Donatello_for_Best_Film,Strangeness_(film),link,10
David_di_Donatello_for_Best_Film,The_Macaluso_Sisters,link,10
David_di_Donatello_for_Best_Film,The_Unknown_Woman,link,10
Dawn_Robinson,Raphael_Saadiq,link,10
List_of_works_by_Leonardo_da_Vinci,Portrait_of_a_Man_in_Red_Chalk,link,158
Philip_the_Good,Raphael_de_Mercatellis,link,158
Depiction_of_Jesus,Pietà_(Michelangelo),link,10
The_School_of_Athens,Leonardo_da_Vinci,link,158
other-empty,"David_(Donatello,_marble)",external,158
Diana_and_Actaeon_(Titian),Venus_and_Adonis_(Titian),link,10
Diana_and_Callisto,The_Rape_of_Europa_(Titian),link,10
Doge's_Palace,Titian,link,10
Gerry_Rafferty,Raphael_Ravenscroft,link,157
Donatello,Bardi_(surname),link,10
Donatello,Caravaggio,other,10
Donatello,Catasto,link,10
Donatello,Contrapposto,link,10
Donatello,Niccolò_da_Uzzano,link,10
Donatello,Pulpit,link,10
Donatello_(Teenage_Mutant_Ninja_Turtles),Ninjutsu,link,10
Donatello_(Teenage_Mutant_Ninja_Turtles),Teenage_Mutant_Ninja_Turtles_(1990_film),link,10
Donatello_(Teenage_Mutant_Ninja_Turtles),Teenage_Mutant_Ninja_Turtles_(2012_TV_series),link,10
Michelangelo,Girolamo_Savonarola,link,157
Dorothy_Wegman_Raphaelson,Paul_Raphaelson,link,10
other-external,Raphael_Sbarge,external,157
other-search,Raphael_M._Bonelli,external,157
other-search,Raphael_Wallfisch,external,157
other-search,Venus_Anadyomene_(Titian),external,157
Easton_Area_High_School,Sally_Jessy_Raphael,link,10
"Ecce_Homo_(Titian,_Vienna)",Christ_Carrying_the_Cross_(Titian),link,10
"Ecce_Homo_(Titian,_Vienna)",Titian,link,10
Edward_Werner,Raphael_Kalinowski,link,10
Personal_life_of_Leonardo_da_Vinci,Jacopo_Saltarelli,link,156
other-internal,Raphael_Bob-Waksberg,external,156
Embryology,Leonardo_da_Vinci,link,10
other-search,Dana_Raphael,external,156
Emma_Sandys,Pre-Raphaelite_Brotherhood,link,10
"Endrick_(footballer,_born_1995)",Raphael_Utzig,link,10
David_(Michelangelo),Foreskin,link,155
David_(Michelangelo),Republic_of_Florence,link,155
Eran_Elhaik,Raphael_Falk_(geneticist),link,10
Fresco,Michelangelo,link,155
Erik_Koch,Raphael_Assunção,link,10
Ernest_Nagel,Morris_Raphael_Cohen,link,10
Madonna_of_Bruges,Pietà_(Michelangelo),link,155
Michelangelo,"Santa_Croce,_Florence",link,155
Raphael_Ravenscroft,Gerry_Rafferty,link,155
Raphael_Warnock,Doug_Collins_(politician),link,155
Statue_of_Unity,David_(Michelangelo),link,155
other-empty,Michelangelo_Pistoletto,external,155
Fanny_Cornforth,Pre-Raphaelite_Brotherhood,link,10
Anchorman_2:_The_Legend_Continues,June_Diane_Raphael,link,154
Eurovision_Song_Contest_2025,Yuval_Raphael,link,154
List_of_works_by_Leonardo_da_Vinci,Madonna_of_the_Yarnwinder,link,154
Filippo_Brunelleschi,Leonardo_da_Vinci,link,10
Raphael_Onyedika,Club_Brugge_KV,link,154
Vatican_Museums,Raphael_Rooms,link,154
other-empty,Raphael_Claus,external,154
Flaying_of_Marsyas_(Titian),Giulio_Romano,link,10
Flaying_of_Marsyas_(Titian),Ovid,link,10
Florentine_Renaissance_art,Masaccio,link,10
Anna_Paquin,Raphael_House_Rudolf_Steiner_School,link,153
Francisco_de_Zurbarán,Titian,link,10
Frederic_Raphael,John_Schlesinger,link,10
Frederic_Raphael,Michael_Herr,link,10
Frederick_Hollyer,Pre-Raphaelite_Brotherhood,link,10
other-empty,Ezekiel's_Vision_(Raphael),external,153
other-search,Portrait_of_Isabella_d'Este_(Titian),external,153
Raphael_Warnock,Progressive_National_Baptist_Convention,link,152
Sandro_Botticelli,Leonardo_da_Vinci,link,152
Germany_men's_national_field_hockey_team,Raphael_Hartkopf,link,10
Ginevra_de'_Benci_(aristocrat),Leonardo_da_Vinci,link,10
other-empty,The_Deposition_(Raphael),external,152
Leonardo_DiCaprio,Leonardo_da_Vinci,link,151
Pre-Raphaelite_Brotherhood,Mimesis,link,151
Raphael_(archangel),Israfil,link,151
Stendhal_syndrome,David_(Michelangelo),link,151
Teenage_Mutant_Ninja_Turtles_(2014_film),Donatello_(Teenage_Mutant_Ninja_Turtles),link,151
Greek_genocide,Raphael_Lemkin,link,10
Green,Leonardo_da_Vinci,link,10
other-empty,Cardinal_and_Theological_Virtues_(Raphael),external,151
other-empty,Raphael_Akpejiori,external,151
Guidobaldo_da_Montefeltro,Saint_George_and_the_Dragon_(Raphael),link,10
Gustav_Pope,Pre-Raphaelite_Brotherhood,link,10
H._Hawkline,Michelangelo_Dying,link,10
Pietà_(Michelangelo),Passion_of_Jesus,link,150
Portrait_of_a_Young_Man_(Raphael),Landscape_with_the_Good_Samaritan,link,150
Raphael_Warnock,The_Reverend,link,150
Hava_Nagila,Raphael_(singer),link,10
Unfinished_Business_(2015_film),June_Diane_Raphael,link,150
Helios,Anton_Raphael_Mengs,link,10
Hematidrosis,Leonardo_da_Vinci,link,10
Hendrick_Goltzius,Michelangelo,link,10
Henry_Wadsworth_Longfellow,Michelangelo,link,10
Hermetic_Qabalah,Raphael_(archangel),link,10
other-search,The_Presentation_of_the_Virgin_at_the_Temple_(Titian),external,150
Hermitage_Museum,Danaë_(Titian_paintings),link,10
Hierarchy_of_genres,Pre-Raphaelite_Brotherhood,link,10
History_of_Florence,Leonardo_da_Vinci,link,10
Leonardo_da_Vinci,Androgyny,link,149
List_of_works_by_Michelangelo,Bacchus_(Michelangelo),link,149
Michelangelo,Dying_Slave,link,149
Michelangelo_(Teenage_Mutant_Ninja_Turtles),Leonardo_(Teenage_Mutant_Ninja_Turtles),link,149
Moses_(Michelangelo),Michelangelo,link,149
Raphael_De_Niro,Douglas_Elliman,link,149
History_of_the_camera,Leonardo_da_Vinci,link,10
History_of_timekeeping_devices,Leonardo_da_Vinci,link,10
Solomon_Islands_national_football_team,Raphael_Lea'i,link,149
Hospital_of_Saint_Raphael,Yale_New_Haven_Hospital,link,10
House_of_Kalinowski,Raphael_Kalinowski,link,10
Hudson_Hawk,Cultural_references_to_Leonardo_da_Vinci,link,10
Human_reproduction,Leonardo_da_Vinci,link,10
Human_torpedo,Museo_Nazionale_Scienza_e_Tecnologia_Leonardo_da_Vinci,link,10
"Charles_V,_Holy_Roman_Emperor",Portrait_of_Isabella_of_Portugal_(Titian),link,148
Hôtel_Raphael,The_Peninsula_Paris,link,10
Galleria_Borghese,The_Deposition_(Raphael),link,148
Leonardo_da_Vinci,Leonardo_Vinci,link,148
Ian_Hecox,Michelangelo,link,10
Pietà_(Michelangelo),Jubilee_in_the_Catholic_Church,link,148
Taddei_Tondo,Saint_Matthew_(Michelangelo),link,148
Uffizi,Flora_(Titian),link,148
Bertrand_Russell,Raphael_Demos,link,147
Invention,Leonardo_da_Vinci,link,10
House_of_Medici,Leonardo_da_Vinci,link,147
Michelangelo_(Teenage_Mutant_Ninja_Turtles),Nunchaku,link,147
Italian_battleship_Leonardo_da_Vinci,Main_Page,other,10
Italian_battleship_Leonardo_da_Vinci,Sabotage,link,10
Italian_battleship_Leonardo_da_Vinci,Taranto,link,10
Italian_ship_Leonardo_da_Vinci,Italian_battleship_Leonardo_da_Vinci,link,10
The_Death_of_Marat,Pietà_(Michelangelo),link,147
Italian_submarine_Enrico_Toti_(S_506),Museo_Nazionale_Scienza_e_Tecnologia_Leonardo_da_Vinci,link,10
Italian_submarine_Leonardo_da_Vinci_(1939),List_of_shipwrecks_in_November_1942,link,10
Italy,Raphael,link,10
Jakob_Böhme,Michelangelo,link,10
James_Collinson,Pre-Raphaelite_Brotherhood,link,10
other-search,Morris_Raphael_Cohen,external,147
Jasmine_Trinca,David_di_Donatello_for_Best_Actress,link,10
Leonardo_da_Vinci,Raphael,link,146
Raphael_Cormack,Mary_Beard,link,146
Shredder_(Teenage_Mutant_Ninja_Turtles),Raphael_(Teenage_Mutant_Ninja_Turtles),link,146
"Jewish_cemetery,_Meknes",Raphael_Berdugo,link,10
other-empty,Leonardo_da_Vinci_(Isaacson_book),external,146
other-empty,Saint_Catherine_of_Alexandria_(Raphael),external,146
Joe_Nickell,Sally_Jessy_Raphael,link,10
John_Raphael_Smith,John_Rubens_Smith,link,10
Jon_Landau,Titian,link,10
Jordan_Fisher,David_(Michelangelo),link,10
Joseph_Raphael_De_Lamar_House,Jan_Karski,link,10
So_Much_for_Goodbyes,Mickey_Raphael,link,145
Julien_Laurens,Raphael_Honigstein,link,10
June_Diane_Raphael,American_Dad!,link,10
June_Diane_Raphael,Another_Period,link,10
June_Diane_Raphael,I'm_Sorry_(TV_series),link,10
June_Diane_Raphael,Ken_Marino,link,10
June_Diane_Raphael,Kroll_Show,link,10
June_Diane_Raphael,Little_Demon_(TV_series),link,10
June_Diane_Raphael,Moon_Girl_and_Devil_Dinosaur,link,10
William_Morris,Pre-Raphaelite_Brotherhood,link,145
Justin_Henry,David_di_Donatello,link,10
other-empty,Michelangelo_Riccardo_Maria_Tiribilli,external,145
other-empty,SS_Leonardo_da_Vinci_(1958),external,145
other-empty,Saint_Michael_(Raphael),external,145
Kaiserslautern,Raphael_Holzdeppe,link,10
Leonardo_da_Vinci,Divina_proportione,link,144
Michelangelo,Ducat,link,144
Michelangelo,The_Crucifixion_of_Saint_Peter_(Michelangelo),link,144
Raphael,Stanza_della_Segnatura,link,144
Raphael_Obermair,Philippines_national_football_team,link,144
Raphael_Rooms,Raphael,link,144
other-empty,Raphael_Soyer,external,144
other-internal,Raphael_Saadiq,external,144
other-search,Prophet_Isaiah_(Michelangelo),external,144
Kurt_Otto_Friedrichs,Raphael_Høegh-Krohn,link,10
La_Bella,Portrait_of_Isabella_d'Este_(Titian),link,10
La_Joconde_nue,Leonardo_da_Vinci,link,10
La_Perla_(Raphael),Perla_di_Modena,link,10
Leonardo_da_Vinci,Adoration_of_the_Magi_(Leonardo),link,143
Leonardo_da_Vinci,La_Scapigliata,link,143
List_of_works_by_Leonardo_da_Vinci,Codex_Atlanticus,link,143
Michelangelo_(Teenage_Mutant_Ninja_Turtles),Joke,link,143
Pietà_(Michelangelo),Beauty,link,143
Landscape_painting,Pre-Raphaelite_Brotherhood,link,10
Last_Judgment,Michelangelo,link,10
Laura_Haddock,Leonardo_da_Vinci,link,10
other-empty,Striped_Raphael_catfish,external,143
other-search,Prophet_Jonah_(Michelangelo),external,143
other-search,Raphael_Kalinowski,external,143
other-search,Raphael_Lotilla,external,143
other-search,The_Archangel_Raphael_and_Tobias_(Titian),external,143
Leonardo's_crossbow,List_of_works_by_Leonardo_da_Vinci,link,10
Leonardo_da_Vinci,Caravaggio,other,10
Leonardo_da_Vinci,Claude_Monet,other,10
Leonardo_da_Vinci,Friction,link,10
Leonardo_da_Vinci,Helen_Gardner_(art_historian),link,10
Leonardo_da_Vinci,Jerome,link,10
Leonardo_da_Vinci,Martin_Luther,other,10
Leonardo_da_Vinci,Napoleon,other,10
Leonardo_da_Vinci,National_Gallery_of_Art,link,10
Leonardo_da_Vinci,Pontine_Marshes,link,10
Leonardo_da_Vinci,Tintoretto,link,10
Leonardo_da_Vinci_Art_School,Elaine_de_Kooning,link,10
2026_OFC_Men's_Champions_League,Raphael_Lea'i,link,142
Lesser_ritual_of_the_pentagram,Raphael_(archangel),link,10
"Pantheon,_Rome",Raphael,link,142
Raphael_Akpejiori,Chiney_Ogwumike,link,142
Raphael_Onyedika,Eintracht_Frankfurt,link,142
Raphael_Rowe,Wrongful_conviction_of_Andrew_Malkinson,link,142
Santa_Maria_Gloriosa_dei_Frari,Assumption_of_the_Virgin_(Titian),link,142
List_of_24_characters,Raphael_Sbarge,link,10
other-empty,The_Life_of_Leonardo_da_Vinci,external,142
other-search,Raphael_Patai,external,142
List_of_Dexter_characters,Raphael_Sbarge,link,10
List_of_Discworld_characters,Leonardo_da_Vinci,link,10
List_of_First_World_War_Victoria_Cross_recipients,Raphael_Zengel,link,10
Leonardo_da_Vinci,Tobias_and_the_Angel_(Verrocchio),link,141
List_of_Jews_in_sports,John_Raphael_(sportsman),link,10
Raphael_Lea'i,FK_Velež_Mostar,link,141
other-internal,Vandalism_of_Michelangelo's_Pietà,external,141
List_of_Polish_Catholic_saints,Raphael_Kalinowski,link,10
List_of_Pre-Raphaelite_paintings,An_Idyll_of_1745,link,10
List_of_Pre-Raphaelite_paintings,Aurora_Triumphans,link,10
List_of_Pre-Raphaelite_paintings,Consulting_the_Oracle,link,10
List_of_Pre-Raphaelite_paintings,Danaïdes,link,10
List_of_Pre-Raphaelite_paintings,List_of_paintings_by_Ford_Madox_Brown,link,10
List_of_Pre-Raphaelite_paintings,Medea_(Sandys_painting),link,10
List_of_Pre-Raphaelite_paintings,Night_and_Sleep,link,10
List_of_Pre-Raphaelite_paintings,Sleep_and_His_Half-Brother_Death,link,10
List_of_Pre-Raphaelite_paintings,Tate_Britain,link,10
List_of_Pre-Raphaelite_paintings,The_Crystal_Ball_(painting),link,10
List_of_Pre-Raphaelite_paintings,The_Favourites_of_the_Emperor_Honorius,link,10
List_of_Pre-Raphaelite_paintings,The_Sorceress_(Waterhouse),link,10
other-search,St_Raphael's_Estate,external,141
List_of_Roman_consuls,Titus_Flavius_Postumius_Titianus,link,10
List_of_Sephardi_chief_rabbis_of_the_Land_of_Israel,Chaim_Raphael_ben_Asher,link,10
List_of_Sephardi_chief_rabbis_of_the_Land_of_Israel,Raphael_Meyuchas_ben_Shmuel,link,10
Galleria_dell'Accademia,David_(Michelangelo),link,140
List_of_Teenage_Mutant_Ninja_Turtles_(2012_TV_series)_characters,Michelangelo_(Teenage_Mutant_Ninja_Turtles),link,10
List_of_The_Monkees_episodes,Raphael_Montañez_Ortiz,link,10
List_of_University_of_North_Carolina_at_Charlotte_people,Raphael_Tsu,link,10
Rosie_the_Riveter,Prophet_Isaiah_(Michelangelo),link,140
The_Lady_of_Shalott_(painting),Pre-Raphaelite_Brotherhood,link,140
other-empty,Crucifix_(Michelangelo),external,140
List_of_battleships,Italian_battleship_Leonardo_da_Vinci,link,10
other-search,Hospital_of_Saint_Raphael,external,140
List_of_bus_routes_in_London,St_Raphael's_Estate,link,10
List_of_cathedrals_in_Thailand,"St._Raphael_Cathedral,_Surat_Thani",link,10
List_of_characters_in_The_Lego_Movie_franchise,Michelangelo,link,10
Leonardo_da_Vinci,David_(Verrocchio),link,139
Masaccio,Holy_Trinity_(Masaccio),link,139
Michelangelo,Francesco_Granacci,link,139
Pietà_(Michelangelo),Old_St._Peter's_Basilica,link,139
The_School_of_Athens,Michelangelo,link,139
"List_of_erotica_by_George_Morland,_William_Ward_and_John_Raphael_Smith",William_Ward_(engraver),link,10
other-empty,Raphael_Lea'i,external,139
other-empty,Titian_Peale,external,139
other-search,Raphael_Canut,external,139
other-search,Saint_Margaret_and_the_Dragon_(Raphael),external,139
David_di_Donatello,David_di_Donatello_for_Best_Actress,link,138
List_of_literary_movements,Michelangelo,link,10
Italian_battleship_Leonardo_da_Vinci,Conte_di_Cavour-class_battleship,link,138
Marlon_Moraes,Raphael_Assunção,link,138
Raphael_Lea'i,Henderson_Eels_F.C.,link,138
List_of_paintings_by_John_Everett_Millais,Pre-Raphaelite_Brotherhood,link,10
List_of_paintings_by_Raphael,Conestabile_Madonna,link,10
List_of_paintings_by_Raphael,Madonna_of_Foligno,link,10
List_of_paintings_by_Raphael,Madonna_of_the_Candelabra,link,10
List_of_paintings_by_Raphael,Portrait_of_Andrea_Navagero_and_Agostino_Beazzano,link,10
List_of_paintings_by_Raphael,Portrait_of_Cardinal_Alessandro_Farnese_(Raphael),link,10
List_of_paintings_by_Raphael,Portrait_of_a_Man_(Raphael),link,10
List_of_paintings_by_Raphael,The_Ecstasy_of_Saint_Cecilia,link,10
List_of_papal_visits_to_the_United_States,Pietà_(Michelangelo),link,10
List_of_popes,Michelangelo,link,10
other-search,Brutus_(Michelangelo),external,138
List_of_presidents_of_the_United_States,Morris_Raphael_Cohen,other,10
other-search,"Leonardo_da_Vinci,_A_Memory_of_His_Childhood",external,138
other-search,Michelangelo_Frammartino,external,138
other-search,Saint_Mark_(Donatello),external,138
List_of_statues,The_Deposition_(Michelangelo),link,10
List_of_stolen_paintings,Portrait_of_Pietro_Bembo_(Raphael),link,10
Michelangelo_(Teenage_Mutant_Ninja_Turtles),Raphael_(Teenage_Mutant_Ninja_Turtles),link,137
Ophelia_(Millais),Pre-Raphaelite_Brotherhood,link,137
Raphael,Pietro_Perugino,link,137
List_of_things_named_after_Leonardo_da_Vinci,Teenage_Mutant_Ninja_Turtles,link,10
Teenage_Mutant_Ninja_Turtles,Michelangelo,link,137
The_Last_Supper_(Leonardo),List_of_works_by_Leonardo_da_Vinci,link,137
List_of_works_by_Leonardo_da_Vinci,Leonardo's_horse,link,10
List_of_works_by_Leonardo_da_Vinci,National_Gallery_of_Art,link,10
List_of_works_by_Leonardo_da_Vinci,Procrastination,link,10
List_of_works_by_Leonardo_da_Vinci,The_Lost_Leonardo,link,10
List_of_works_by_Michelangelo,Santa_Maria_Maggiore,link,10
List_of_works_by_Titian,Cain_and_Abel_(Titian),link,10
List_of_works_by_Titian,"Christ_and_the_Adulteress_(Titian,_Vienna)",link,10
List_of_works_by_Titian,Equestrian_Portrait_of_Charles_V,link,10
List_of_works_by_Titian,Girl_in_a_Fur,link,10
List_of_works_by_Titian,Nymph_and_Shepherd,link,10
List_of_works_by_Titian,Pietà_(Titian),link,10
List_of_works_by_Titian,Portrait_of_Eleonora_Gonzaga_della_Rovere,link,10
List_of_works_by_Titian,The_Archangel_Raphael_and_Tobias_(Titian),link,10
List_of_works_by_Titian,"The_Crowning_with_Thorns_(Titian,_Paris)",link,10
List_of_works_by_Titian,The_Gypsy_Madonna,link,10
List_of_works_by_Titian,The_Rape_of_Europa_(Titian),link,10
List_of_works_by_Titian,Tityus_(Titian),link,10
"Lives_of_the_Most_Excellent_Painters,_Sculptors,_and_Architects",Donatello,link,10
Llŷr,Raphael_Holinshed,link,10
Lord_Vetinari,Leonardo_da_Vinci,link,10
Luca_della_Robbia,Tin-glazed_pottery,link,10
Lucas_Bersamin,Raphael_Lotilla,link,10
June_Diane_Raphael,Mating_Season,link,136
Leonardo_da_Vinci,Western_canon,link,136
List_of_works_by_Michelangelo,Crucifix_(Michelangelo),link,136
Michelangelo,Main_Page,other,136
The_History_of_Sound,Raphael_Sbarge,link,136
The_Jazz_Singer,Samson_Raphaelson,link,136
Madonna_del_Granduca,Raphael,link,10
Madonna_del_Prato_(Raphael),Virgin_of_the_Rocks,link,10
other-internal,Raphael_(given_name),external,136
Main_Page,Arabelle_Raphael,other,10
David_(Michelangelo),High_Renaissance,link,135
Leonardo_da_Vinci,Renaissance,link,135
Mammonart,Michelangelo,link,10
Margarita_Luti,Raphael_Rooms,link,10
Margherita_Buy,David_di_Donatello,link,10
Marie_Curie,Leonardo_da_Vinci,other,10
David_di_Donatello,"David_(Donatello,_bronze)",link,134
Mascarene_Islands,Île_Raphael,link,10
Leonardo_da_Vinci,Legitimacy_(family_law),link,134
Leonardo_da_Vinci,Unfinished_creative_work,link,134
Matt_Hill,Raphael_(Teenage_Mutant_Ninja_Turtles),link,10
Matthew_III_Csák,Titian,link,10
Party_Down,June_Diane_Raphael,link,134
Rafael_(given_name),Raphael_(given_name),link,134
Raphael_Veiga,SE_Palmeiras,link,134
other-empty,The_Death_of_Leonardo_da_Vinci,external,134
other-search,Saint_John_the_Baptist_(Donatello),external,134
Michelangelo,Anatomy,link,10
Michelangelo,Bologna,link,10
Michelangelo,Brancacci_Chapel,link,10
Michelangelo,Carol_Reed,link,10
Michelangelo,Duchy_of_Urbino,link,10
Michelangelo,Pope_Paul_III,link,10
Michelangelo,Raffaele_Riario,link,10
Michelangelo,San_Giovanni_dei_Fiorentini,link,10
Michelangelo,The_Last_Supper_(Leonardo),link,10
Michelangelo_(Teenage_Mutant_Ninja_Turtles),Casey_Jones_(Teenage_Mutant_Ninja_Turtles),link,10
Michelangelo_(Teenage_Mutant_Ninja_Turtles),Foot_Clan,link,10
Michelangelo_(Teenage_Mutant_Ninja_Turtles),TMNT_(film),link,10
Michelangelo_(Teenage_Mutant_Ninja_Turtles),Teenage_Mutant_Ninja_Turtles:_Smash-Up,link,10
Michelangelo_(disambiguation),Michelangelo_(computer_virus),link,10
Michelangelo_(given_name),Michelangelo_Signorile,link,10
Michelangelo_Alessandro_Colli-Marchi,Second_Battle_of_Saorgio,link,10
Michelangelo_Antonioni,Luchino_Visconti,link,10
Michelangelo_Dying,Hydra_(island),link,10
Michelangelo_and_the_Medici,Battle_of_the_Centaurs_(Michelangelo),link,10
Michelangelo_and_the_Medici,Domenico_Ghirlandaio,link,10
Michelangelo_and_the_Medici,The_Agony_and_the_Ecstasy_(novel),link,10
Mickey_Raphael,Lucinda_Williams,link,10
Mickey_Raphael,Songwriter_(film),link,10
Mirrors_(Blue_Öyster_Cult_album),Mickey_Raphael,link,10
Modern_Painters,Pre-Raphaelite_Brotherhood,link,10
Mona_Lisa_Smile,Leonardo_da_Vinci,link,10
other-empty,"Leonardo_da_Vinci,_A_Memory_of_His_Childhood",external,133
Moonbound,Raphael_von_Bargen,link,10
other-search,Raphael_Odogwu,external,133
other-search,Replicas_of_Michelangelo's_Pietà,external,133
Mr._Peabody,Leonardo_da_Vinci,link,10
Apostles_in_the_New_Testament,Leonardo_da_Vinci,link,132
Battle_of_Cherbourg_(1864),Raphael_Semmes,link,132
Elize:_Shadows_of_a_Woman,Raphael_Montes,link,132
Museo_Nazionale_Scienza_e_Tecnologia_Leonardo_da_Vinci,"San_Vittore_al_Corpo,_Milan",link,10
Museo_dell'Opera_del_Duomo_(Florence),David_(Michelangelo),link,10
Museo_di_Capodimonte,Danaë_(Titian_paintings),link,10
Haskalah,Raphael_Levi_Hannover,link,132
Julia_Robinson,Raphael_M._Robinson,link,132
Mélusine_Ruspoli,Hôtel_Raphael,link,10
Michelangelo_(Teenage_Mutant_Ninja_Turtles),Kusarigama,link,132
Michelangelo_Antonioni,I_Vinti,link,132
Personal_life_of_Leonardo_da_Vinci,Leonardo_da_Vinci,link,132
Pietà_(Michelangelo),Bob_Cassilly,link,132
Pre-Raphaelite_Brotherhood,Michelangelo,link,132
SS_Andrea_Doria,SS_Leonardo_da_Vinci_(1958),link,132
Simele_massacre,Raphael_Lemkin,link,132
The_Last_Judgment_(Michelangelo),Second_Coming,link,132
National_Gallery_of_Art,Leonardo_da_Vinci,link,10
Natsume_Sōseki,Raphael_von_Koeber,link,10
Neighborhood_Playhouse_School_of_the_Theatre,Sally_Jessy_Raphael,link,10
other-search,Raphael_Wressnig,external,132
other-search,Suicide_of_Nicola_Ann_Raphael,external,132
Florence,Michelangelo,link,131
Ney_Matogrosso,Raphael_Rabello,link,10
Night_Owl_(Gerry_Rafferty_song),Raphael_Ravenscroft,link,10
Raphael_Warnock,Morehouse_College,link,131
Renaissance_art,Leonardo_da_Vinci,link,131
Nordicism,Titian,link,10
Titian,Flaying_of_Marsyas_(Titian),link,131
other-empty,Battle_of_the_Centaurs_(Michelangelo),external,131
Northern_Mannerism,Andrea_del_Sarto,link,10
other-empty,The_Entombment_(Michelangelo),external,131
other-empty,Vision_of_a_Knight_(Raphael),external,131
other-search,La_Gloria_(Titian),external,131
List_of_works_by_Michelangelo,Sistine_Chapel_ceiling,link,130
M25_Three,Raphael_Rowe,link,130
Michelangelo,Battle_of_Cascina_(Michelangelo),link,130
Orpheus_and_Eurydice,Titian,link,10
Raphael_Warnock,Troy_Davis,link,130
The_Last_Judgment_(Michelangelo),The_Conversion_of_Saul_(Michelangelo),link,130
Voodoo_(D'Angelo_album),Raphael_Saadiq,link,130
Outrage_(2009_film),Michelangelo_Signorile,link,10
Pablo_Picasso,Raphael,link,10
other-internal,Moses_(Michelangelo),external,130
other-other,Pietà_(Michelangelo),external,130
other-search,Michelangelo_Dying,external,130
David_(disambiguation),"David_(Donatello,_marble)",link,129
Donatello,Bargello,link,129
Paul_Cézanne,Titian,link,10
Leonardo_da_Vinci,Ginevra_de'_Benci,link,129
Leonardo_da_Vinci,Portrait_of_a_Man_in_Red_Chalk,link,129
List_of_genocides,Raphael_Lemkin,link,129
Penitent_Magdalene_(Donatello),Florence_Baptistery,link,10
Penitent_Magdalene_(Donatello),Mary_of_Bethany,link,10
Perseus_and_Andromeda_(Titian),Wallace_Collection,link,10
Personal_knowledge_base,Leonardo_da_Vinci,link,10
Personal_life_of_Leonardo_da_Vinci,List_of_works_by_Leonardo_da_Vinci,link,10
Personal_life_of_Leonardo_da_Vinci,Lyre,link,10
Personal_life_of_Leonardo_da_Vinci,Science_and_inventions_of_Leonardo_da_Vinci,link,10
Personal_life_of_Leonardo_da_Vinci,Uffizi,link,10
Sistine_Chapel_ceiling,Raphael_Cartoons,link,129
St._Peter's_Basilica,Raphael,link,129
Tanzanian_Premier_League,Raphael_Bocco,link,129
other-empty,Cultural_references_to_Leonardo_da_Vinci,external,129
other-empty,David_di_Donatello_for_Best_Actress,external,129
Piazza_della_Scala,Monument_to_Leonardo_da_Vinci,link,10
Piero_della_Francesca,Masaccio,link,10
Pietro_Aretino,Michelangelo,link,10
Pietà_(Bouguereau),Pietà_(Michelangelo),link,10
Pietà_(Michelangelo),Apelles,link,10
Pietà_(Michelangelo),Papal_bull,link,10
Pietà_(Michelangelo),Sistine_Chapel,link,10
Pietà_(Titian),Flaying_of_Marsyas_(Titian),link,10
other-search,Madonna_of_the_Rose_(Raphael),external,129
Political_families_of_the_Philippines,Raphaelle_Ortega-David,link,10
Political_party_strength_in_Georgia_(U.S._state),Raphael_Warnock,link,10
Cultural_genocide,Raphael_Lemkin,link,128
David_(Michelangelo),Contrapposto,link,128
Pontormo,Andrea_del_Sarto,link,10
Pope_Alexander_VI,Raphael,link,10
"Portrait_of_Charles_V_(Titian,_Munich)",Lorenzo_Lotto,link,10
"Portrait_of_Charles_V_(Titian,_Munich)",World_Order_(book),link,10
Portrait_of_a_Man_in_Red_Chalk,Raphael,link,10
Masterpiece,Leonardo_da_Vinci,link,128
Prato,Donatello,link,10
Pre-Raphaelite_Brotherhood,Birmingham_Museum_and_Art_Gallery,link,10
Pre-Raphaelite_Brotherhood,Frederick_Startridge_Ellis,link,10
Pre-Raphaelite_Brotherhood,John_Wharlton_Bunney,link,10
Museo_del_Prado,Titian,link,128
Pubic_hair,Michelangelo,link,10
other-internal,Donatello_(Teenage_Mutant_Ninja_Turtles),external,128
other-search,Get_Involved_(Raphael_Saadiq_and_Q-Tip_song),external,128
other-search,Raphael_Meade,external,128
Quattrocento,Masaccio,link,10
Raffaella,Raphael_(archangel),link,10
Judith_beheading_Holofernes,Judith_and_Holofernes_(Donatello),link,127
Madonna_of_Bruges,Michelangelo,link,127
Michelangelo,The_Battle_of_Anghiari_(Leonardo),link,127
Raphael,Franz_Kafka,other,10
Raphael,Heinrich_Wölfflin,link,10
Raphael,Heraclitus,link,10
"Raphael,_Nicholas,_and_Irene_of_Lesbos",New_Martyr,link,10
Raphael_(archangel),Anglican_Communion,link,10
Raphael_(archangel),Doge's_Palace,link,10
Raphael_(archangel),Islamic_eschatology,link,10
Raphael_(archangel),Joseph_Smith,link,10
Raphael_(archangel),Methodism,link,10
Raphael_(archangel),Philippines,link,10
Raphael_(archangel),Quran,link,10
Raphael_(archangel),Talmud,link,10
Raphael_(band),Rice_(band),link,10
Raphael_(given_name),Apocrypha,link,10
Raphael_(given_name),Raphael_Abramovitch,link,10
Raphael_(singer),List_of_awards_and_nominations_received_by_Raphael,link,10
Raphael_Abramovitch,1931_Menshevik_Trial,link,10
Raphael_Assunção,Mike_Easton,link,10
Raphael_Augusto,Forca_Kochi_FC,link,10
Raphael_Bob-Waksberg,Primetime_Emmy_Awards,link,10
Raphael_Bob-Waksberg,The_Simpsons,link,10
Raphael_Borges_Rodrigues,Bernardo_Oliveira_(soccer),other,10
Raphael_Bousso,String_theory_landscape,link,10
Raphael_Cartoons,Sistine_Chapel,link,10
Raphael_Cartoons,The_Carracci,link,10
Raphael_Cormack,Fakir,link,10
Raphael_Dwamena,Accra,link,10
Raphael_Fishing_Company,St._Brandon,link,10
Raphael_Gualazzi,Follia_d'amore,link,10
Raphael_Guzzo,C.S._Marítimo,link,10
Raphael_Hayyim_Isaac_Carregal,Ezra_Stiles,link,10
Raphael_Holinshed,Edmund_Spenser,link,10
Raphael_Holzdeppe,2013_World_Championships_in_Athletics_–_Men's_pole_vault,link,10
Raphael_Hostey,Brighton_jihadists,link,10
Raphael_Lemkin,Duke_University,link,10
Raphael_Lemkin,Nuremberg_trials,link,10
Raphael_Levi_Hannover,Simon_Wolf_Oppenheimer,link,10
Raphael_Michael_Fliss,George_Albert_Hammes,link,10
Raphael_Nathan,WME_Group,link,10
Raphael_Onyedika,Henry_Uzochukwu,other,10
Raphael_Patai,The_Jewish_Mind,link,10
Raphael_Rabello,Choro,link,10
Raphael_Rooms,Vatican_City,link,10
Raphael_Saadiq,Parade_Tour,link,10
Raphael_Saadiq,Texas_Hold_'Em_(song),link,10
Raphael_Samuel,Stuart_Hall_(cultural_theorist),link,10
Raphael_Sbarge,Grim_Fandango,link,10
Raphael_Sbarge,Inflatable_(Better_Call_Saul),link,10
Raphael_Sbarge,Werewolf_(TV_series),link,10
Raphael_Semmes,"Josephine,_Alabama",link,10
Raphael_Semmes,Names_of_the_American_Civil_War,link,10
Raphael_Shore,HonestReporting,link,10
Raphael_Veiga,Campeonato_Paulista,link,10
Raphael_Veiga,São_Paulo,link,10
Raphael_Veiga,São_Paulo_FC,link,10
Raphael_Warnock,"Consolidated_Appropriations_Act,_2022",link,10
Raphael_Warnock,Dobbs_v._Jackson_Women's_Health_Organization,link,10
Raphael_Warnock,Ed_Tarver,link,10
Raphael_Warnock,Equality_Act_(United_States),link,10
Raphael_Warnock,Fidel_Castro,link,10
Raphael_Warnock,Joint_Direct_Attack_Munition,link,10
Raphael_Warnock,New_Georgia_Project,link,10
Raphael_Warnock,Rudy_Giuliani,link,10
Raphael_Warnock,Two-round_system,link,10
Raphael_and_La_Fornarina,Harvard_Art_Museums,link,10
Raphaelle_Ortega-David,Pederalismo_ng_Dugong_Dakilang_Samahan,link,10
Raphaelle_Peale,Rembrandt_Peale,link,10
Seniority_in_the_United_States_Senate,Raphael_Warnock,link,127
The_Exorcist:_Believer,Raphael_Sbarge,link,127
"Red_House,_Bexleyheath",Pre-Raphaelite_Brotherhood,link,10
Reggiane_Re.2006,Museo_Nazionale_Scienza_e_Tecnologia_Leonardo_da_Vinci,link,10
Reichsleiter_Rosenberg_Taskforce,Portrait_of_a_Young_Man_(Raphael),link,10
Renaissance,Titian,link,10
Renaissance:_The_Blood_and_the_Beauty,Raphael,link,10
Replicas_of_Michelangelo's_David,Galleria_dell'Accademia,link,10
Replicas_of_Michelangelo's_David,Michelangelo,link,10
Replicas_of_Michelangelo's_Pietà,Pietà_(Michelangelo),link,10
Republic_of_Florence,Donatello,link,10
Richard_Wilson_(painter),Anton_Raphael_Mengs,link,10
Donatello,Italian_Renaissance_sculpture,link,126
Roberto_Rossellini,Michelangelo_Antonioni,link,10
Michelangelo,Angel_(Michelangelo),link,126
Rome,Pietà_(Michelangelo),link,10
Room_666,Michelangelo_Antonioni,link,10
Titian_hair,Midge_(Barbie),link,126
Résumé,Leonardo_da_Vinci,link,10
SS_Leonardo_da_Vinci,RFA_Maine_(1924),link,10
SS_Leonardo_da_Vinci_(1958),Ansaldo_(1853–1993),link,10
SS_Leonardo_da_Vinci_(1958),Port_Everglades,link,10
SS_Michelangelo,Bob_Montana,link,10
Saint_George_Freeing_the_Princess,Saint_George_(Donatello),link,10
Saint_Mark_(Donatello),Mark_the_Evangelist,link,10
Saint_Michael_in_the_Catholic_Church,Raphael,link,10
"Charles_V,_Holy_Roman_Emperor",La_Gloria_(Titian),link,125
Sally_Jessy_Raphael,Columbia_University,link,10
Sally_Jessy_Raphael,Main_Page,other,10
David_(Michelangelo),Judith_and_Holofernes_(Donatello),link,125
Samson_Raphaelson,Skylark_(1941_film),link,10
National_Gallery,The_Entombment_(Michelangelo),link,125
Transfiguration_of_Jesus,Transfiguration_(Raphael),link,125
Scottish_National_Gallery,Diana_and_Actaeon_(Titian),link,10
Scottish_National_Gallery,Venus_Anadyomene_(Titian),link,10
Secret_Warriors_(Team_White),Leonardo_da_Vinci,link,10
Sergio_Leone,David_di_Donatello,link,10
Sexual_Personae,"David_(Donatello,_bronze)",link,10
Arabelle_Raphael,Ginger_Banks,other,124
Florence,Leonardo_da_Vinci,link,124
Jane_Morris,Pre-Raphaelite_Brotherhood,link,124
List_of_works_by_Leonardo_da_Vinci,Medusa_(Leonardo),link,124
List_of_works_by_Michelangelo,Piccolomini_Altarpiece,link,124
Paolo_Sorrentino,Michelangelo_Antonioni,link,124
Pietà_(Michelangelo),Signature,link,124
Sigillum_Dei,Raphael_(archangel),link,10
Sleeping_Cupid_(Michelangelo),Angel_(Michelangelo),link,124
Sisyphus_(Titian),Franz_von_Stuck,link,10
Sketchbook,Leonardo_da_Vinci,link,10
other-empty,Michelangelo_and_the_Medici,external,124
Slow_cinema,Michelangelo_Frammartino,link,10
Solly_Madonna,Raphael,link,10
Southern_Cross_of_Honor,Raphael_Semmes,link,10
Di_Depan_Kelambu_Terbuka,Raphael,link,123
First_Impressions_of_Earth,Gordon_Raphael,link,123
IllFonic,Raphael_Saadiq,link,123
Isabella_Stewart_Gardner_Museum,The_Rape_of_Europa_(Titian),link,123
Italian_Line,SS_Leonardo_da_Vinci_(1958),link,123
Leonardo_da_Vinci,Walter_Isaacson,link,123
Mannerism,Raphael,link,123
Michelangelo_Antonioni_filmography,The_Passenger_(1975_film),link,123
Pre-Raphaelite_Brotherhood,List_of_Pre-Raphaelite_paintings,link,123
Raphael-Pijus_Otegbayo,Gabriel_Otegbayo,link,123
Raphael_Saadiq,Lucy_Pearl_(album),link,123
Steve_Marshall,Statue_of_Raphael_Semmes,link,10
other-empty,Raphael_Montes,external,123
other-internal,List_of_works_by_Titian,external,123
Strashelye_(Hasidic_dynasty),Haim_Raphael_HaLevi_ben_Aaron_of_Staroselye,link,10
other-search,Raphael_Bocco,external,123
other-search,The_Prophet_Isaiah_(Raphael),external,123
Suicide_of_Nicola_Ann_Raphael,Suicide_methods,link,10
Suite_on_Verses_of_Michelangelo_Buonarroti,Michelangelo,link,10
Dead_Poets_Society,David_di_Donatello_for_Best_International_Film,link,122
House_of_Medici,Raphael,link,122
Sylvia_Raphael,Munich_massacre,link,10
"Symphony_in_White,_No._1:_The_White_Girl",Pre-Raphaelite_Brotherhood,link,10
No_One_Would_Tell_(1996_film),Sally_Jessy_Raphael,link,122
TLC_(group),Raphael_Saadiq,link,10
Portrait_of_a_Man_in_Red_Chalk,Leonardo_da_Vinci,link,122
Raphael_Rooms,The_School_of_Athens,link,122
Raphael_Sallinger,TSV_Hartberg,link,122
Tales_of_the_Teenage_Mutant_Ninja_Turtles_(TV_series),Michelangelo_(Teenage_Mutant_Ninja_Turtles),link,10
Talk_Soup,Sally_Jessy_Raphael,link,10
Teenage_Mutant_Ninja_Turtles:_Chrome_Alone_2_–_Lost_in_New_Jersey,Michelangelo_(Teenage_Mutant_Ninja_Turtles),link,10
other-empty,Sleeping_Cupid_(Michelangelo),external,122
other-empty,The_Crucifixion_of_Saint_Peter_(Michelangelo),external,122
The_Abduction_of_Europa_(Rembrandt),The_Rape_of_Europa_(Titian),link,10
other-search,Tobit_Raphael,external,122
August_14,Frederic_Raphael,link,121
Bad_Monkey_(TV_series),June_Diane_Raphael,link,121
The_Bravo_(Titian),Lucretia_and_her_Husband_Lucius_Tarquinius_Collatinus,link,10
The_Deposition_(Michelangelo),List_of_works_by_Michelangelo,link,10
The_Devil_Wears_Prada_2,Leonardo_da_Vinci,link,10
The_Eight_Mountains,David_di_Donatello_for_Best_Film,link,10
I_Lied_to_You,Raphael_Saadiq,link,121
"The_Entombment_(Titian,_1559)",The_Entombment_of_Christ_(Titian),link,10
The_Entombment_of_Christ_(Caravaggio),The_Deposition_(Michelangelo),link,10
Italian_Line,SS_Michelangelo,link,121
The_Expulsion_of_Heliodorus_from_the_Temple,Raphael,link,10
The_Fall_of_Man_(Titian),Raphael_Rooms,link,10
The_Feast_of_Herod_(Donatello),Salome,link,10
The_Jewish_Mind,Raphael_Patai,link,10
The_Last_Emperor,David_di_Donatello,link,10
Raphael,Apostolic_Palace,link,121
Raphael,Cardinal_and_Theological_Virtues_(Raphael),link,121
Saint_John_the_Baptist_(Leonardo),Leonardo_da_Vinci,link,121
The_Love_Potion,Pre-Raphaelite_Brotherhood,link,10
The_Man_Who_Sold_the_World_(album),Pre-Raphaelite_Brotherhood,link,10
The_Martyrdom_of_Saint_Lawrence_(Titian),Golden_Legend,link,10
The_Martyrdom_of_Saint_Sebastian_(Leonardo),List_of_works_by_Leonardo_da_Vinci,link,10
Teenage_Mutant_Ninja_Turtles_(1987_TV_series),Michelangelo_(Teenage_Mutant_Ninja_Turtles),link,121
The_Meeting_of_Leo_the_Great_and_Attila,Raphael_Rooms,link,10
The_New_Danger,Raphael_Saadiq,link,10
The_Rape_of_Europa_(Titian),Venice,link,10
The_Rape_of_Proserpina,Bacchus_(Michelangelo),link,10
The_Scapegoat_(painting),Pre-Raphaelite_Brotherhood,link,10
other-empty,Raphael_Patai,external,121
The_Tempestt_Bledsoe_Show,Sally_Jessy_Raphael,link,10
The_Tribute_Money_(Masaccio),Coin_in_the_fish's_mouth,link,10
The_Tribute_Money_(Masaccio),Render_unto_Caesar,link,10
The_Tribute_Money_(Masaccio),"Santa_Maria_del_Carmine,_Florence",link,10
The_Vision_of_the_Cross,Raphael,link,10
The_Willie_Nelson_Family,Mickey_Raphael,link,10
The_Worship_of_Venus,Danaë_(Titian_paintings),link,10
Thomas_Jenkins_Semmes,Raphael_Semmes,link,10
"Charles_V,_Holy_Roman_Emperor",Titian,link,120
Three_Witches,Raphael_Holinshed,link,10
Diana_and_Actaeon_(Titian),The_Death_of_Actaeon,link,120
Timeline_of_African-American_firsts,Raphael_Morgan,link,10
Titian,Artist,link,10
Titian,Isabella_d'Este,link,10
Titian,Lead-tin_yellow,link,10
Titian,Louvre,link,10
Titian,Ludovico_Ariosto,link,10
Titian,Portrait_of_Isabella_of_Portugal_(Titian),link,10
Titian_hair,Brown_hair,link,10
Tityos,The_Punishment_of_Tityus_(Michelangelo),link,10
Tomb_of_Pope_Julius_II,David_(Michelangelo),link,10
Titian_hair,Auburn_hair,link,120
other-empty,Caprese_Michelangelo,external,120
Transfiguration_(Raphael),Apollo_Belvedere,link,10
Transfiguration_(Raphael),High_Renaissance,link,10
Transfiguration_(Raphael),J._M._W._Turner,link,10
other-empty,The_Conversion_of_Saul_(Michelangelo),external,120
other-search,"Salome_(Titian,_Rome)",external,120
Angel_(Michelangelo),Saint_Proculus_(Michelangelo),link,119
USS_Kearsarge_(1861),Raphael_Semmes,link,10
Leonardo_da_Vinci,Marco_d'Oggiono,link,119
Uffizi,"David_(Donatello,_bronze)",link,10
List_of_people_claimed_to_be_Jesus,Vandalism_of_Michelangelo's_Pietà,link,119
List_of_works_by_Leonardo_da_Vinci,Isleworth_Mona_Lisa,link,119
Raphael_Cilento,Phyllis_Cilento,link,119
Raphael_Warnock,John_Lewis,link,119
Red_hair,Titian_hair,link,119
United_States_Commission_on_International_Religious_Freedom,Raphael_Cheenath,link,10
Urbino,Titian,link,10
Us_and_Them_(song),Michelangelo_Antonioni,link,10
Valerie_Hamaty,Yuval_Raphael,link,10
other-external,"David_(Donatello,_bronze)",external,119
Vandalism_of_Michelangelo's_Pietà,Jesus,link,10
Vandalism_of_Michelangelo's_Pietà,Pope_Paul_VI,link,10
Vandalism_of_Michelangelo's_Pietà,St._Peter's_Basilica,link,10
Vebjørn_Sand_Da_Vinci_Project,Science_and_inventions_of_Leonardo_da_Vinci,link,10
Venetian_slave_trade,Leonardo_da_Vinci,link,10
Venus_and_Adonis_(Titian),The_Death_of_Actaeon,link,10
Venus_and_Musician,Titian,link,10
Venus_and_Musician,Venus_and_Adonis_(Titian),link,10
Vision_of_a_Knight_(Raphael),Raphael,link,10
David_(Michelangelo),Circumcision,link,118
Jumia,Raphael_Afaedor,link,118
June_Diane_Raphael,Santa_Barbara_Museum_of_Natural_History,link,118
WLS_(AM),Sally_Jessy_Raphael,link,10
WPIX,Sally_Jessy_Raphael,link,10
Michelangelo_Antonioni,Jafar_Panahi,link,118
Teenage_Mutant_Ninja_Turtles_(1987_TV_series),Raphael_(Teenage_Mutant_Ninja_Turtles),link,118
Western_painting,Titian,link,10
other-empty,Raphael_and_La_Fornarina,external,118
William_Blake,Michelangelo,link,10
William_Burges,Pre-Raphaelite_Brotherhood,link,10
other-search,The_Life_of_Leonardo_da_Vinci,external,118
William_Holman_Hunt,Raphael,link,10
Arabelle_Raphael,East_Bay,link,117
Azazel,Raphael_(archangel),link,117
Writers_Guild_of_America_West,Raphael_Bob-Waksberg,link,10
Michelangelo,Michelangelo_Buonarroti_the_Younger,link,117
Yaakov_Shaul_Elyashar,Raphael_Meir_Panigel,link,10
Yanaon,Dadala_Raphael_Ramanayya,link,10
Renaissance_art,Michelangelo,link,117
Yeshiva_Rabbi_Samson_Raphael_Hirsch,Khal_Adath_Jeshurun,link,10
Zabriskie_Point_(album),Michelangelo_Antonioni,link,10
Zhao_Tao,David_di_Donatello,link,10
Zuppa_toscana,Leonardo_da_Vinci,link,10
other-internal,Raphael_Onyedika,external,117
other-search,David_and_Goliath_(Titian),external,117
other-search,Raphael_Cox,external,117
other-search,Resurrection_of_Christ_(Raphael),external,117
other-search,Samson_Raphaelson,external,117
"Bomb_shelter_massacres_on_October_7,_2023",Yuval_Raphael,link,116
Brøndby_IF,Raphael_Canut,link,116
other-empty,37th_David_di_Donatello,external,10
Jorge_Masvidal,Raphael_Assunção,link,116
other-empty,40th_David_di_Donatello,external,10
other-empty,57th_David_di_Donatello,external,10
other-empty,708_Raphaela,external,10
Leda_and_the_Swan,Leda_and_the_Swan_(Michelangelo),link,116
Monica_Bellucci,David_di_Donatello,link,116
other-search,Noli_me_tangere_(Titian),external,116
other-search,Raphael_S._Ndingi_Mwana_a'Nzeki,external,116
Clos_Lucé,The_Death_of_Leonardo_da_Vinci,link,115
Leonardo's_aerial_screw,Leonardo_da_Vinci,link,115
Main_Page,Pre-Raphaelite_Brotherhood,other,115
Milan,Leonardo_da_Vinci,link,115
Pope_Julius_II,Raphael_Rooms,link,115
Raphael_Lea'i,Wollongong_Wolves_FC,link,115
Titian,Danaë_(Titian_paintings),link,115
other-empty,Donatello_(disambiguation),external,10
other-search,Raphael_Pumpelly,external,115
David_(Bernini),David_(Michelangelo),link,114
Douglas_Elliman,Raphael_De_Niro,link,114
Isabella_of_Portugal,Portrait_of_Isabella_of_Portugal_(Titian),link,114
Leonardo_da_Vinci,Leonardeschi,link,114
Medievalism,Pre-Raphaelite_Brotherhood,link,114
Michelangelo,Separation_of_Light_from_Darkness,link,114
Personal_life_of_Leonardo_da_Vinci,Lady_with_an_Ermine,link,114
Pietà,Michelangelo,link,114
Raphael_(archangel),List_of_angels_in_theology,link,114
Raphael_Sbarge,The_Guardian_(TV_series),link,114
Renaissance_art,Titian,link,114
other-empty,The_Tribute_Money_(Titian),external,114
Assumption_of_Mary_in_art,Assumption_of_the_Virgin_(Titian),link,113
other-empty,Laguna_San_Raphael_Airport,external,10
other-empty,Leonardo_da_Vinci_Gymnasium,external,10
David_(Michelangelo),Pendant_(art),link,113
Estêvão_Willian,Raphael_Veiga,other,113
June_Diane_Raphael,Zodiac_(film),link,113
Masaccio,The_Tribute_Money_(Masaccio),link,113
Modern_Orthodox_Judaism,Samson_Raphael_Hirsch,link,113
"Portrait_of_Charles_V_(Titian,_Munich)",Titian,link,113
Raphael,Madonna_of_the_Pinks,link,113
Raphael_Saadiq,Who?_(album),link,113
Renaissance_art,Donatello,link,113
Rondanini_Pietà,The_Deposition_(Michelangelo),link,113
The_Birth_of_Venus_(Bouguereau),Galatea_(Raphael),link,113
Vision_Quest_(film),Raphael_Sbarge,link,113
other-search,Leonardo_da_Vinci_Engineering_School,external,113
other-search,Raphael_Silva,external,113
Andrea_del_Verrocchio,Leonardo_da_Vinci,link,112
David_(Michelangelo),Christ_Child,link,112
other-empty,Raphael_(crater),external,10
other-empty,Raphael_Alves,external,10
other-empty,Raphael_Benjamin,external,10
other-empty,Raphael_Berdugo,external,10
other-empty,Raphael_Bove,external,10
other-empty,Raphael_Cheenath,external,10
other-empty,Raphael_Koch,external,10
other-empty,Raphael_Loth,external,10
other-empty,Raphael_Margarido,external,10
other-empty,Raphael_Netz,external,10
other-empty,Raphael_Raduzzi,external,10
other-empty,Raphael_Schifferl,external,10
other-empty,Raphael_Smith,external,10
other-empty,Raphael_Strauss,external,10
other-empty,Raphael_Woolf,external,10
other-empty,Raphael_Yuster,external,10
other-empty,Raphaele_Shirley,external,10
Michelangelo_Antonioni,A_hundred_Italian_films_to_be_saved,link,112
Oil_painting,Leonardo_da_Vinci,link,112
Raphael,Baldassare_Castiglione,link,112
Raphael_Bob-Waksberg,Don_Hertzfeldt,link,112
Raphael_De_Niro,Renée_Zellweger,link,112
Study_after_Velázquez's_Portrait_of_Pope_Innocent_X,Titian,link,112
other-empty,SS_Leonardo_da_Vinci,external,10
other-empty,Michelangelo_Antonioni_filmography,external,112
other-empty,Sérgio_Raphael,external,10
other-empty,The_Death_of_Masaccio,external,10
other-empty,Titian's_Mistress,external,10
other-empty,Titian_(crater),external,10
Ginevra_de'_Benci,Leonardo_da_Vinci,link,111
Leonardo_da_Vinci,Anatomy,link,111
Leonardo_da_Vinci,Art_of_Europe,link,111
Michelangelo_Antonioni,Ferrara,link,111
Raphael_Ravenscroft,Baker_Street_(song),link,111
other-empty,Winifred_Raphael,external,10
ThunderCats_(1985_TV_series),Gerrianne_Raphael,link,111
Timeline_of_computer_viruses_and_worms,Michelangelo_(computer_virus),link,111
other-empty,Michelangelo_Signorile,external,111
other-external,June_Diane_Raphael,external,111
other-external,Caprese_Michelangelo,external,10
David_(Michelangelo),"David_(Donatello,_bronze)",link,110
other-external,Lawrence_Raphael,external,10
Evelyn_De_Morgan,Pre-Raphaelite_Brotherhood,link,110
Ever_After,Leonardo_da_Vinci,link,110
Leonardo_da_Vinci,Codex_Leicester,link,110
other-external,Raphael_(singer),external,10
Main_Page,Titian,other,110
Mannerism,Michelangelo,link,110
Sarah_Hall_(writer),The_Electric_Michelangelo,link,110
other-empty,Cain_and_Abel_(Titian),external,110
other-empty,Raphael_Thattil,external,110
Arabelle_Raphael,Jules_Jordan,link,109
Italian_Renaissance_painting,Raphael,link,109
Leonardo_da_Vinci,Saint_Jerome_in_the_Wilderness_(Leonardo),link,109
Main_Page,Michelangelo_Antonioni,other,109
Main_Page,Raphael_Warnock,other,109
other-internal,Importuno_di_Michelangelo,external,10
Portrait_of_a_Young_Man_(Raphael),Nazi_plunder,link,109
Raphael_De_Niro,Travis_Kalanick,link,109
Saint_Margaret_and_the_Dragon_(Raphael),Margaret_the_Virgin,link,109
Teenage_Mutant_Ninja_Turtles_(1987_TV_series),Donatello_(Teenage_Mutant_Ninja_Turtles),link,109
other-internal,La_Gloria_(Titian),external,10
other-internal,List_of_major_paintings_by_Masaccio,external,10
other-internal,Madonna_and_Child_Enthroned_with_Saints_(Raphael),external,10
other-internal,Michelangelo_Cerquozzi,external,10
other-internal,Michelangelo_Signorile,external,10
other-internal,Michelangelo_Towers,external,10
other-other,The_Last_Judgment_(Michelangelo),external,109
other-internal,Portrait_of_Isabella_d'Este_(Titian),external,10
Arabelle_Raphael,Tunisians,link,108
other-internal,Prophet_Daniel_(Michelangelo),external,10
other-internal,Raphael_Guzzo,external,10
other-internal,Raphael_Obermair,external,10
other-internal,Saint_Raphael_Lake,external,10
other-internal,St._Raphael_the_Archangel_Catholic_Church,external,10
Leda_and_the_Swan_(Michelangelo),Leda_and_the_Swan,link,108
List_of_Pre-Raphaelite_paintings,Pre-Raphaelite_Brotherhood,link,108
Michelangelo,Atlas_Slave,link,108
Pre-Raphaelite_Brotherhood,John_Brett_(artist),link,108
Raphael_Warnock,Laken_Riley_Act,link,108
Southern_Democrats,Raphael_Warnock,link,108
other-other,Ezekiel's_Vision_(Raphael),external,10
other-empty,Morris_Raphael_Cohen,external,108
other-empty,Self-portrait_(Raphael),external,108
other-other,Michelangelo_(Teenage_Mutant_Ninja_Turtles),external,10
other-other,Raphael_Mechoulam,external,10
other-other,Venus_and_Adonis_(Titian),external,10
other-search,Saint_John_the_Baptist_(Titian),external,108
David_(Michelangelo),13,other,107
David_(Michelangelo),Lorenzo_de'_Medici,link,107
Raphael_Saadiq,House_of_Music,link,107
other-search,Colegio_Italiano_Leonardo_da_Vinci,external,10
other-search,Colégio_Anglo_Leonardo_da_Vinci,external,10
Teenage_Mutant_Ninja_Turtles_(Mirage_Studios),Raphael_(Teenage_Mutant_Ninja_Turtles),link,107
Titian,The_Rape_of_Europa_(Titian),link,107
Vought_Rising,Raphael_Sbarge,link,107
other-empty,Madonna_and_Child_Enthroned_with_Saints_(Raphael),external,107
David_(Michelangelo),A,other,106
Giorgio_Vasari,Michelangelo,link,106
Leonardo's_fighting_vehicle,List_of_works_by_Leonardo_da_Vinci,link,106
other-search,Leonardo_da_Vinci_School,external,10
Mummy_brown,Pre-Raphaelite_Brotherhood,link,106
Piazza_della_Signoria,David_(Michelangelo),link,106
SS_Cristoforo_Colombo,SS_Leonardo_da_Vinci_(1958),link,106
Yuval_Raphael,New_Day_Will_Rise,link,106
other-search,"St._Raphael's_Cathedral_(Dubuque,_Iowa)",external,106
other-search,Visitation_(Raphael),external,106
other-search,Raphael_Okafor,external,10
other-search,Raphael_Success,external,10
other-search,Raphael_Zon,external,10
Donatello,Donatello_(disambiguation),link,105
Flight_of_the_Conchords_(TV_series),June_Diane_Raphael,link,105
Kenneth_Noye,Raphael_Rowe,other,105
Leonardo's_fighting_vehicle,Leonardo_da_Vinci,link,105
Leonardo_(Teenage_Mutant_Ninja_Turtles),Leonardo_da_Vinci,link,105
Leonardo_da_Vinci,Giovanni_Antonio_Boltraffio,link,105
Michelangelo,A_Season_of_Giants,link,105
Ortega_family_(Philippines),Raphaelle_Ortega-David,link,105
Pietro_Perugino,Raphael,link,105
Pietà_(Michelangelo),Replicas_of_Michelangelo's_Pietà,link,105
Raphael_Bob-Waksberg,Bard_College,link,105
The_Agony_and_the_Ecstasy_(novel),Michelangelo,link,105
Tom_Hiddleston,Pre-Raphaelite_Brotherhood,link,105
other-search,Winifred_Raphael,external,10
Élisabeth_Vigée_Le_Brun,Madonna_del_Sacco_(Andrea_del_Sarto),link,10
Évocateur:_The_Morton_Downey_Jr._Movie,Sally_Jessy_Raphael,link,10
other-search,List_of_major_paintings_by_Masaccio,external,105
other-search,Raphael_Holzhauser,external,105
other-search,Santa_Croce_Crucifix_(Donatello),external,105
Christ_in_the_House_of_His_Parents,Pre-Raphaelite_Brotherhood,link,104
Galatea_(Raphael),Acis_and_Galatea,link,104
Leonardo_da_Vinci,La_Belle_Ferronnière,link,104
Leonardo_da_Vinci,The_Death_of_Leonardo_da_Vinci,link,104
List_of_works_by_Leonardo_da_Vinci,The_Battle_of_Anghiari_(Leonardo),link,104
Periods_in_Western_art_history,Pre-Raphaelite_Brotherhood,link,104
Pre-Raphaelite_Brotherhood,John_Collier_(painter),link,104
Pre-Raphaelite_Brotherhood,Lucy_Madox_Brown,link,104
Raphael_De_Niro,Jon_Bon_Jovi,link,104
Teenage_Mutant_Ninja_Turtles_(Mirage_Studios),Michelangelo_(Teenage_Mutant_Ninja_Turtles),link,104
other-empty,Brutus_(Michelangelo),external,104
other-empty,"List_of_erotica_by_George_Morland,_William_Ward_and_John_Raphael_Smith",external,104
other-empty,Venus_Anadyomene_(Titian),external,104
other-search,Madonna_and_Child_Enthroned_with_Saints_(Raphael),external,104
Donatello,Raphael,link,103
Donatello_(Teenage_Mutant_Ninja_Turtles),Splinter_(Teenage_Mutant_Ninja_Turtles),link,103
June_Diane_Raphael,Based_on_a_True_Story_(TV_series),link,103
List_of_works_by_Michelangelo,Leda_and_the_Swan_(Michelangelo),link,103
Mary_I,Titian,link,103
Masaccio,Brancacci_Chapel,link,103
Michelangelo,Florence_Baptistery,link,103
Nude_(art),David_(Michelangelo),link,103
Old_Master,Raphael,link,103
Renaissance_art,Raphael,link,103
The_Creation_of_Adam,Moses_(Michelangelo),link,103
other-empty,The_Martyrdom_of_Saint_Lawrence_(Titian),external,103
2001:_A_Space_Odyssey,Michelangelo_Antonioni,link,102
2026–27_Saudi_Pro_League,Raphael_Silva,other,102
Aljamain_Sterling,Raphael_Assunção,link,102
August_27,Titian,link,102
Big_Mouth_(American_TV_series),June_Diane_Raphael,link,102
Leonardo_da_Vinci,Codex_on_the_Flight_of_Birds,link,102
Leonardo_da_Vinci,Museo_leonardiano_di_Vinci,link,102
Mannerism,Leonardo_da_Vinci,link,102
Michelangelo,Ascanio_Condivi,link,102
Michelangelo,Michelangelo_phenomenon,link,102
Michelangelo,Sagrestia_Nuova,link,102
Pre-Raphaelite_Brotherhood,The_Girlhood_of_Mary_Virgin,link,102
Santa_Maria_sopra_Minerva,"Risen_Christ_(Michelangelo,_Santa_Maria_sopra_Minerva)",link,102
other-empty,Raphael_Rabello,external,102
other-search,Michelangelo_Buonarroti_the_Younger,external,102
other-search,Sons_of_Raphael,external,102
Feel_It_in_the_Air,Raphael_Ravenscroft,link,101
John_Collier_(painter),List_of_Pre-Raphaelite_paintings,link,101
June_Diane_Raphael,Long_Shot_(2019_film),link,101
June_Diane_Raphael,New_Girl,link,101
List_of_works_by_Michelangelo,Rondanini_Pietà,link,101
Mary_C._Daly,Raphael_Bostic,link,101
Rondanini_Pietà,Michelangelo,link,101
Transfiguration_(Raphael),Transfiguration_of_Jesus_in_Christian_art,link,101
other-empty,Raphael_Dwamena,external,101
other-search,Christ_Carrying_the_Cross_(Titian),external,101
other-search,La_Perla_(Raphael),external,101
other-search,Max_Raphael,external,101
other-search,Raphael_Shore,external,101
FC_Bayern_Munich_II,Raphael_Pavlić,link,100
Giorgio_Vasari,Leonardo_da_Vinci,link,100
Janus_Films,Michelangelo_Antonioni,link,100
List_of_suicides_(2000–present),Suicide_of_Nicola_Ann_Raphael,link,100
Michelangelo,"Basilica_of_San_Lorenzo,_Florence",link,100
Michelangelo,Domenico_Ghirlandaio,link,100
Michelangelo_(Teenage_Mutant_Ninja_Turtles),Teenage_Mutant_Ninja_Turtles_(Mirage_Studios),link,100
Mona_Lisa_(Prado),Leonardo_da_Vinci,link,100
Portrait_of_a_Young_Man_(Raphael),Adam_Karol_Czartoryski,link,100
Pre-Raphaelite_Brotherhood,American_Pre-Raphaelites,link,100
Pre-Raphaelite_Brotherhood,The_Last_of_England_(painting),link,100
Raphael_Sbarge,Kaidan_Alenko,link,100
Simeon_Solomon,Pre-Raphaelite_Brotherhood,link,100
Titian,Diana_and_Actaeon_(Titian),link,100
other-empty,Crucifixion_(Titian),external,100
other-external,Moses_(Michelangelo),external,100
other-internal,Raphael_(singer),external,100
other-search,Raphael_Gualazzi,external,100
other-search,Raphael_Supusepa,external,100
Adam,Michelangelo,link,99
Bacchus_and_Ariadne,Titian,link,99
Leonardo_da_Vinci,Lisa_del_Giocondo,link,99
List_of_works_by_Michelangelo,The_Deposition_(Michelangelo),link,99
Madonna_of_the_Stairs,Battle_of_the_Centaurs_(Michelangelo),link,99
Masaccio,Expulsion_from_the_Garden_of_Eden,link,99
Raphael,Mannerism,link,99
Raphaelle_Ortega-David,Francisco_Ortega_III,link,99
Yuval_Raphael,"Bomb_shelter_massacres_on_October_7,_2023",link,99
other-empty,Raphael_Kalinowski,external,99
other-empty,Raphael_Obermair,external,99
other-search,Raphael_Cilento,external,99
Brian_De_Palma,Michelangelo_Antonioni,link,98
Leonardo_da_Vinci,Galileo_Galilei,link,98
Leonardo_da_Vinci,Studies_of_the_Fetus_in_the_Womb,link,98
List_of_works_by_Leonardo_da_Vinci,Polymath,link,98
List_of_works_by_Michelangelo,Madonna_of_the_Stairs,link,98
"Portrait_of_Charles_V_(Titian,_Munich)",Equestrian_Portrait_of_Charles_V,link,98
Raphael_Onyedika,F.C._Ebedei,link,98
Raphael_Rooms,Apostolic_Palace,link,98
other-empty,Raphael_Assunção,external,98
other-empty,Saint_Margaret_and_the_Dragon_(Raphael),external,98
other-other,Holy_Trinity_(Masaccio),external,98
other-other,Leonardo_da_Vinci,external,98
other-search,Michelangelo_Fortuzzi,external,98
other-search,Raphael_Amit,external,98
other-search,Raphaelle_Peale,external,98
Chase_Oliver,Raphael_Warnock,link,97
Cheaper_by_the_Dozen_(2022_film),June_Diane_Raphael,link,97
June_Diane_Raphael,Upright_Citizens_Brigade,link,97
Leonardo_da_Vinci,"Santa_Maria_delle_Grazie,_Milan",link,97
List_of_Indonesia_international_footballers_born_or_raised_outside_Indonesia,Raphael_Maitimo,link,97
List_of_Once_Upon_a_Time_characters,Raphael_Sbarge,link,97
List_of_patron_saints_by_occupation_and_activity,Raphael_(archangel),link,97
Main_Page,Sally_Jessy_Raphael,other,97
Pre-Raphaelite_Brotherhood,Isabella_(Millais_painting),link,97
Pre-Raphaelite_Brotherhood,Lawrence_Alma-Tadema,link,97
The_Torment_of_Saint_Anthony,Michelangelo,link,97
other-empty,Raphael_Bousso,external,97
other-empty,Resurrection_of_Christ_(Raphael),external,97
other-empty,The_Prophet_Isaiah_(Raphael),external,97
other-internal,The_Rape_of_Europa_(Titian),external,97
other-search,Oddi_Altarpiece_(Raphael),external,97
71st_David_di_Donatello,The_Last_One_for_the_Road,link,96
Dana_Scully,Titian_hair,link,96
David,Michelangelo,link,96
List_of_longest_naval_ships,SS_Michelangelo,link,96
Pietà_(Michelangelo),List_of_works_by_Michelangelo,link,96
Pre-Raphaelite_Brotherhood,Christina_Rossetti,link,96
Raphael_Onyedika,Frank_Onyeka,link,96
SS_Leonardo_da_Vinci_(1958),SS_Cristoforo_Colombo,link,96
Sally_Jessy_Raphael,"Easton,_Pennsylvania",link,96
Sistine_Chapel_ceiling,Battle_of_Cascina_(Michelangelo),link,96
other-empty,Apollo_(Michelangelo),external,96
other-empty,David_di_Donatello_for_Best_Actor,external,96
other-empty,David_di_Donatello_for_Best_Film,external,96
other-search,Michelangelo_Rossi,external,96
David_Hemmings,Michelangelo_Antonioni,link,95
Giorgione,Titian,link,95
Kaidan_Alenko,Raphael_Sbarge,link,95
List_of_erotica_by_Thomas_Rowlandson,"List_of_erotica_by_George_Morland,_William_Ward_and_John_Raphael_Smith",link,95
Raphael_(given_name),Rafael_(given_name),link,95
Raphael_De_Niro,Kelly_Ripa,link,95
Vatican_Museums,Transfiguration_(Raphael),link,95
Venetian_painting,Titian,link,95
other-search,Raphael_Ouzan,external,95
Israel_in_the_Eurovision_Song_Contest,Yuval_Raphael,link,94
Michelangelo_Antonioni,Ingmar_Bergman,link,94
Raphael_De_Niro,Raging_Bull,link,94
Raphael_Onyedika,FC_Fredericia,link,94
Raphael_Warnock,"Savannah,_Georgia",link,94
Resurrection_of_Jesus,Resurrection_of_Christ_(Raphael),link,94
SE_Palmeiras,Raphael_Veiga,link,94
Titian_hair,Titian,link,94
Tomb_of_Pope_Julius_II,Moses_(Michelangelo),link,94
Upright_Citizens_Brigade,June_Diane_Raphael,link,94
other-search,Portrait_of_Pope_Paul_III_(Titian),external,94
other-search,"Saint_Raphael's_Cathedral_(Madison,_Wisconsin)",external,94
Antiochian_Orthodox_Christian_Archdiocese_of_North_America,Raphael_of_Brooklyn,link,93
BoJack_Horseman_(character),Raphael_Bob-Waksberg,link,93
Chennaiyin_FC,Raphael_Augusto,link,93
Isabella_d'Este,Portrait_of_Isabella_d'Este_(Titian),link,93
June_Diane_Raphael,Unfinished_Business_(2015_film),link,93
Leonardo_da_Vinci,Medusa_(Leonardo),link,93
List_of_most_expensive_paintings,Diana_and_Actaeon_(Titian),link,93
Michelangelo,Pope_Julius_II,link,93
Michelangelo_Antonioni_filmography,Eros_(film),link,93
Mr._Peabody_&_Sherman,Leonardo_da_Vinci,link,93
Pederasty,"David_(Donatello,_bronze)",link,93
Pietà_(Michelangelo),Divine_Comedy,link,93
Pre-Raphaelite_Brotherhood,Frederic_Leighton,link,93
Raphael_(archangel),Michael_(archangel),link,93
Raphael_Holinshed,Holinshed's_Chronicles,link,93
Suicide_of_Nicola_Ann_Raphael,List_of_suicides_attributed_to_bullying,link,93
The_Da_Vinci_Code_(film),Leonardo_da_Vinci,link,93
"Vinci,_Tuscany",Leonardo_da_Vinci,link,93
other-empty,Importuno_di_Michelangelo,external,93
other-empty,Raphael_Cohen-Almagor,external,93
other-empty,Raphael_Kirchner,external,93
other-external,Raphael_Mechoulam,external,93
other-internal,"David_(Donatello,_bronze)",external,93
other-search,Kyle_Raphael,external,93
Andrea_del_Sarto,Madonna_of_the_Harpies,link,92
Annunciation_(Leonardo),Leonardo_da_Vinci,link,92
Cumaean_Sibyl,Sibyls_(Raphael),link,92
Da_Vinci_family,Leonardo_da_Vinci,link,92
Fiona_Geminder,Raphael_Geminder,link,92
Greek_mythology,Leda_and_the_Swan_(Michelangelo),link,92
Insecure_(TV_series),Raphael_Saadiq,link,92
Italian_Renaissance_painting,The_Marriage_of_the_Virgin_(Raphael),link,92
Italian_neorealism,Michelangelo_Antonioni,link,92
List_of_Abbott_Elementary_characters,June_Diane_Raphael,link,92
Michelangelo_(Teenage_Mutant_Ninja_Turtles),Splinter_(Teenage_Mutant_Ninja_Turtles),link,92
Paris_Paloma,Pre-Raphaelite_Brotherhood,link,92
Pietà_(Michelangelo),Roman_Catholic_Diocese_of_Condom,link,92
Raphael,Pope_Julius_II,link,92
other-empty,Italian_submarine_Leonardo_da_Vinci_(1939),external,92
other-empty,Raphael_Park,external,92
other-empty,Samson_Raphaelson,external,92
other-internal,Anton_Raphael_Mengs,external,92
other-internal,Raphael_(Teenage_Mutant_Ninja_Turtles),external,92
Bacchus_(Michelangelo),Dionysus,link,91
Cong_An_Hanoi_FC,Raphael_Success,link,91
Frank_Onyeka,Raphael_Onyedika,link,91
Frederic_Raphael,Darling_(1965_film),link,91
John_the_Baptist,Saint_John_the_Baptist_(Titian),link,91
List_of_works_by_Michelangelo,Sleeping_Cupid_(Michelangelo),link,91
Michelangelo_(Teenage_Mutant_Ninja_Turtles),Kusari-fundo,link,91
Vandalism_of_Michelangelo's_Pietà,List_of_people_claimed_to_be_Jesus,link,91
other-empty,"Saint_George_(Raphael,_Louvre)",external,91
other-search,Abraham_and_Isaac_(Titian),external,91
other-search,Apollo_(Michelangelo),external,91
other-search,Raphael_Fellmer,external,91
other-search,Ray_Raphael,external,91
other-search,The_Entombment_of_Christ_(Titian),external,91
2026_FEI_World_Championships,Raphael_Netz,link,90
August_15,Raphael_Morgan,link,90
C.S._Marítimo,Raphael_Guzzo,link,90
"David_(Donatello,_bronze)",Antinous,link,90
Hürrem_Sultan,Titian,link,90
June_Diane_Raphael,Blockers_(film),link,90
Kunsthistorisches_Museum,Madonna_del_Prato_(Raphael),link,90
List_of_paintings_by_Raphael,Madonna_and_Child_Enthroned_with_Saints_(Raphael),link,90
Michelangelo_Antonioni_filmography,Blowup,link,90
Pope_Paul_III,Portrait_of_Pope_Paul_III_(Titian),link,90
Rome_Fiumicino_Airport,Leonardo_da_Vinci,link,90
Teenage_Mutant_Ninja_Turtles_(Mirage_Studios),Donatello_(Teenage_Mutant_Ninja_Turtles),link,90
other-empty,Portrait_of_Pietro_Bembo_(Raphael),external,90
other-empty,Saint_John_the_Baptist_(Titian),external,90
other-other,Michelangelo,external,90
other-search,Prophet_Daniel_(Michelangelo),external,90
other-search,The_Assassination_of_Saint_Peter_Martyr_(Titian),external,90
David_di_Donatello,David_di_Donatello_for_Best_Actor,link,89
El_Greco,Titian,link,89
Holy_Trinity_(Masaccio),Masaccio,link,89
June_Diane_Raphael,8-Bit_Christmas,link,89
Leonardo_(2021_TV_series),Leonardo_da_Vinci,link,89
Michelangelo,House_of_Medici,link,89
Raphael_Semmes,CSS_Alabama,link,89
Roger_Craig_Smith,Raphael_(Teenage_Mutant_Ninja_Turtles),link,89
Rubaiyat_of_Omar_Khayyam,Pre-Raphaelite_Brotherhood,link,89
The_Rape_of_Europa_(disambiguation),The_Rape_of_Europa_(Titian),link,89
The_School_of_Athens,List_of_paintings_by_Raphael,link,89
other-empty,"Raphael,_Nicholas,_and_Irene_of_Lesbos",external,89
other-search,Raphael_Soriano,external,89
David_(Michelangelo),Florin,link,88
Leonardo_da_Vinci,Sala_delle_Asse,link,88
Leonardo_da_Vinci,Uffizi,link,88
List_of_works_by_Titian,Titian,link,88
Luca_Pacioli,Leonardo_da_Vinci,link,88
Ocean_liner,SS_Michelangelo,link,88
Raphael_Warnock,Madison_Avenue_Methodist_Episcopal_Church,link,88
other-empty,Leonardo_da_Vinci_(video_game),external,88
other-empty,The_Romance_of_Leonardo_da_Vinci,external,88
other-search,"Penitent_Magdalene_(Titian,_1531)",external,88
other-search,Raphael_Clarke,external,88
Angels_in_Christianity,Raphael_(archangel),link,87
Caravaggio,Michelangelo,link,87
Demore_Barnes,Raphael_(archangel),link,87
Imoco_Volley,Raphaela_Folie,link,87
Leonardo_da_Vinci,Sandro_Botticelli,link,87
Leonardo_da_Vinci,Sigmund_Freud,link,87
Mario_Eduardo_Ortega,Raphaelle_Ortega-David,link,87
Michelangelo,Art_of_Europe,link,87
Paul_Onuachu,Raphael_Onyedika,link,87
Raphael_(archangel),Tobias_and_the_Angel,link,87
Raphael_Saadiq,Sons_of_Soul,link,87
Raphael_Warnock,Stacey_Abrams,link,87
Rondanini_Pietà,Pietà_(Michelangelo),link,87
Teenage_Mutant_Ninja_Turtles:_Mutant_Mayhem,Donatello_(Teenage_Mutant_Ninja_Turtles),link,87
Tim_Binder,Raphael_Pavlić,link,87
Titian,A_Man_with_a_Quilted_Sleeve,link,87
Titian,Assumption_of_the_Virgin_(Titian),link,87
other-internal,Raphael_Rooms,external,87
other-search,Raphael-Pijus_Otegbayo,external,87
Caravaggio,Titian,link,86
D'Angelo,Raphael_Saadiq,link,86
List_of_works_by_Leonardo_da_Vinci,Madonna_Litta,link,86
"Léo_Pereira_(footballer,_born_1996)",Raphael_Veiga,other,86
Mickey_Raphael,Family_(Willie_Nelson's_band),link,86
Parma,Michelangelo_Anselmi,link,86
Phyllis_Cilento,Raphael_Cilento,link,86
Raphael_(archangel),Uriel,link,86
Raphael_Warnock,Johnny_Isakson,link,86
Titian,Noli_me_tangere_(Titian),link,86
Titian_hair,Dana_Scully,link,86
Untitled_(How_Does_It_Feel),Raphael_Saadiq,link,86
other-empty,Church_of_Sts._Cyril_&_Methodius_and_St._Raphael,external,86
other-empty,John_Raphael_Smith,external,86
other-internal,Michelangelo_(Teenage_Mutant_Ninja_Turtles),external,86
other-search,Cultural_references_to_Leonardo_da_Vinci,external,86
other-search,Virgin_and_Child_with_Saint_Anne_(Masaccio),external,86
Cappella_Paolina,The_Crucifixion_of_Saint_Peter_(Michelangelo),link,85
Château_d'Amboise,Leonardo_da_Vinci,link,85
Leonardo_da_Vinci,Portrait_of_a_Musician,link,85
List_of_association_footballers_who_died_after_on-field_incidents,Raphael_Dwamena,link,85
Physical_attractiveness,Michelangelo,link,85
Renaissance_humanism,Leonardo_da_Vinci,link,85
other-empty,Donatello_(catalogue_of_works),external,85
other-search,"Self-Portrait_(Titian,_Berlin)",external,85
other-search,Sibyls_(Raphael),external,85
Angel,Raphael_(archangel),link,84
Bloeme_Evers-Emden,Raphael_Evers,link,84
"David_(Donatello,_marble)","David_(Donatello,_bronze)",link,84
Euro_banknotes,Leonardo_da_Vinci,link,84
Genocide_of_indigenous_peoples,Raphael_Lemkin,link,84
History_of_erotic_depictions,Leda_and_the_Swan_(Michelangelo),link,84
John_Kennedy_(Louisiana_politician),Raphael_Warnock,link,84
Kunsthistorisches_Museum,Saint_Margaret_and_the_Dragon_(Raphael),link,84
List_of_works_by_Michelangelo,The_Last_Judgment_(Michelangelo),link,84
Michelangelo,Rebellious_Slave,link,84
The_Last_Judgment_(Michelangelo),Minos,link,84
other-empty,"St._Raphael's_Cathedral_(Dubuque,_Iowa)",external,84
other-search,Rick_Raphael,external,84
other-search,Saint_Matthew_(Michelangelo),external,84
Asia_Argento,David_di_Donatello,link,83
"David_(Donatello,_bronze)",David,link,83
Egnatia_Arena,Raphael_Dwamena,link,83
Jane_Birkin,Michelangelo_Antonioni,link,83
Leonardo_da_Vinci,Leonardo's_horse,link,83
List_of_works_by_Leonardo_da_Vinci,Codex_Windsor,link,83
List_of_works_by_Michelangelo,The_Torment_of_Saint_Anthony,link,83
Michelangelo,Importuno_di_Michelangelo,link,83
Pietà_(Michelangelo),Descent_from_the_Cross,link,83
Pope_Clement_VII,Michelangelo,link,83
Raphael,Self-Portrait_with_a_Friend,link,83
Ryan_Garcia_vs._Conor_Benn,Raphael_Akpejiori,link,83
other-empty,Andrea_del_Sarto_(poem),external,83
other-empty,Raphael_(band),external,83
other-empty,Raphael_Botsyo_Nkegbe,external,83
other-search,Hôtel_Raphael,external,83
other-search,Jacques_Raphael_Finlay,external,83
other-search,The_Romance_of_Leonardo_da_Vinci,external,83
1966_flood_of_the_Arno,Penitent_Magdalene_(Donatello),link,82
Ask_of_You,Raphael_Saadiq,link,82
Cartoon,Raphael_Cartoons,link,82
Francesco_Melzi,Leonardo_da_Vinci,link,82
Italian_battleship_Dante_Alighieri,Italian_battleship_Leonardo_da_Vinci,link,82
La_Fornarina,Raphael,link,82
La_maja_desnuda,Danaë_(Titian_paintings),link,82
Leonardo_da_Vinci,Eroticism,link,82
List_of_works_by_Michelangelo,Rebellious_Slave,link,82
Portrait_of_a_Young_Man_(Raphael),The_School_of_Athens,link,82
Pre-Raphaelite_Brotherhood,"Louisa_Beresford,_Marchioness_of_Waterford",link,82
Replicas_of_Michelangelo's_David,Piazza_della_Signoria,link,82
Titian_hair,Red_hair,link,82
other-empty,Leonardo_da_Vinci_Engineering_School,external,82
other-empty,Monument_to_Leonardo_da_Vinci,external,82
other-empty,Raphael_Samuel,external,82
100_Great_Paintings,Madonna_del_Prato_(Raphael),link,81
Blue_Hawaii_(band),Raphaelle_Standell-Preston,link,81
City_to_City,Raphael_Ravenscroft,link,81
List_of_African-American_United_States_senators,Raphael_Warnock,link,81
Main_Page,Donatello,other,81
Mellon_Collie_and_the_Infinite_Sadness,Saint_Catherine_of_Alexandria_(Raphael),link,81
Michelangelo,David,link,81
Pre-Raphaelite_Brotherhood,Fanny_Cornforth,link,81
Replicas_of_Michelangelo's_David,Palazzo_Vecchio,link,81
Teenage_Mutant_Ninja_Turtles_(2012_TV_series),Donatello_(Teenage_Mutant_Ninja_Turtles),link,81
other-empty,Oddi_Altarpiece_(Raphael),external,81
other-empty,The_Archangel_Raphael_and_Tobias_(Titian),external,81
other-search,Joseph_Raphael_De_Lamar_House,external,81
119th_United_States_Congress,Raphael_Warnock,link,80
"Ahmed,_Salma_and_Zahra_Halane",Raphael_Hostey,link,80
Girlfriends_(Flight_of_the_Conchords),June_Diane_Raphael,link,80
God_the_Father,Raphael,link,80
List_of_works_by_Michelangelo,Moses_(Michelangelo),link,80
Nice_While_It_Lasted,Raphael_Bob-Waksberg,link,80
Raphael_Cilento,Margaret_Cilento,link,80
"San_Rafael,_California",Raphael_(archangel),link,80
The_Hidden_II,Raphael_Sbarge,link,80
The_Lady_of_Shalott,Pre-Raphaelite_Brotherhood,link,80
The_Modern_Age,Gordon_Raphael,link,80
other-empty,Saint_Mark_(Donatello),external,80
other-search,"Leonardo_da_Vinci_High_School_(Buffalo,_New_York)",external,80
other-search,Nicholas_Raphael_de_Grandmaison,external,80
other-search,"The_Entombment_(Titian,_1559)",external,80
Artemisia_Gentileschi,Michelangelo_Buonarroti_the_Younger,link,79
Biagio_da_Cesena,The_Last_Judgment_(Michelangelo),link,79
Bob_Cassilly,Vandalism_of_Michelangelo's_Pietà,link,79
Darling_(1965_film),Frederic_Raphael,link,79
Death_(Discworld),Pre-Raphaelite_Brotherhood,link,79
Donatello,Renaissance_art,link,79
Donatello_(Teenage_Mutant_Ninja_Turtles),Peter_Laird,link,79
Eros_(film),Michelangelo_Antonioni,link,79
FC_Midtjylland,Raphael_Onyedika,link,79
Holodomor,Raphael_Lemkin,link,79
June_Diane_Raphael,Bachelorette_(film),link,79
Last_Judgment,The_Last_Judgment_(Michelangelo),link,79
Leonardo_da_Vinci,Leonardo's_aerial_screw,link,79
Michelangelo_Antonioni_filmography,Beyond_the_Clouds_(1995_film),link,79
Pompeii_(Cate_Le_Bon_album),Michelangelo_Dying,link,79
Raphael_Thattil,Archeparchy_of_Ernakulam–Angamaly,link,79
Teenage_Mutant_Ninja_Turtles_(2012_TV_series),Michelangelo_(Teenage_Mutant_Ninja_Turtles),link,79
The_Conversion_of_Saul_(Michelangelo),The_Crucifixion_of_Saint_Peter_(Michelangelo),link,79
Titian,Santa_Maria_Gloriosa_dei_Frari,link,79
other-empty,"Ecce_Homo_(Titian,_Vienna)",external,79
other-empty,Michelangelo_(given_name),external,79
other-empty,"Portrait_of_Charles_V_(Titian,_Munich)",external,79
other-empty,Prophet_Isaiah_(Michelangelo),external,79
other-internal,Piazzale_Michelangelo,external,79
other-internal,Science_and_inventions_of_Leonardo_da_Vinci,external,79
other-search,Adam_Raphael,external,79
other-search,"Portrait_of_a_Young_Woman_(Raphael,_Strasbourg)",external,79
David_(disambiguation),"David_(Donatello,_bronze)",link,78
Donatello,Penitent_Magdalene_(Donatello),link,78
East_West_Street,Raphael_Lemkin,link,78
Horns_of_Moses,Moses_(Michelangelo),link,78
Italian_submarine_Leonardo_da_Vinci_(1939),Marconi-class_submarine,link,78
Marilyn_Monroe,David_di_Donatello_for_Best_Actress,link,78
Michelangelo,Taddei_Tondo,link,78
Michelangelo_Antonioni,Golden_Leopard,link,78
Raphael_De_Niro,Awakenings,link,78
Raphael_Onyedika,Paul_Onuachu,link,78
Raphael_Veiga,Club_Athletico_Paranaense,link,78
Sacred_and_Profane_Love,Titian,link,78
Science_and_inventions_of_Leonardo_da_Vinci,The_Last_Supper_(Leonardo),link,78
The_Diplomat_(American_TV_series),Raphael_Sbarge,link,78
Zell_Miller,Raphael_Warnock,link,78
other-empty,Angel_(Michelangelo),external,78
other-empty,Leonardo_da_Vinci_Art_School,external,78
other-empty,Madonna_and_Child_with_Four_Saints_(Titian),external,78
2025–26_Coventry_City_F.C._season,Raphael_Borges_Rodrigues,link,77
Anton_Bakov,Leonardo_da_Vinci,link,77
Arno,Piazzale_Michelangelo,link,77
DRAM_(musician),Raphael_Warnock,link,77
"David_(Donatello,_marble)",David_(Michelangelo),link,77
Donatello,"David_(Donatello,_marble)",link,77
Foreskin,David_(Michelangelo),link,77
Leonardo_da_Vinci,Kite_(bird),link,77
List_of_paintings_by_Raphael,Raphael,link,77
Main_Page,David_(Michelangelo),other,77
Pre-Raphaelite_Brotherhood,John_William_Godward,link,77
Raphael_Geminder,Fiona_Geminder,link,77
Raphael_Rowe,Barry_George,link,77
Saint_Raphael,Raphael_(archangel),link,77
Sally_Jessy_Raphael,Everybody_Still_Hates_Chris,link,77
Sonic_Racing:_CrossWorlds,Donatello_(Teenage_Mutant_Ninja_Turtles),link,77
Walter_Isaacson,Leonardo_da_Vinci,link,77
other-empty,Raphael_Lotilla,external,77
other-empty,Saint_Raphael,external,77
other-internal,Raphael_Veiga,external,77
other-search,Raphael_Park,external,77
Braids_(band),Raphaelle_Standell-Preston,link,76
Fred_Astaire,David_di_Donatello,link,76
Leonardo_da_Vinci,Museo_Ideale_Leonardo_da_Vinci,link,76
List_of_German_football_transfers_summer_2026,Raphael_Onyedika,link,76
List_of_works_by_Michelangelo,Battle_of_the_Centaurs_(Michelangelo),link,76
List_of_works_by_Michelangelo,Dying_Slave,link,76
List_of_works_by_Michelangelo,Madonna_of_Bruges,link,76
Michelangelo,Nicodemus,link,76
Michelangelo_Antonioni_filmography,Zabriskie_Point_(film),link,76
Pre-Raphaelite_Brotherhood,Edmund_Blair_Leighton,link,76
Raphael,Gian_Lorenzo_Bernini,link,76
Raphael,The_Deposition_(Raphael),link,76
Raphael_Rooms,Sistine_Chapel_ceiling,link,76
Resurrection_of_Jesus,Raphael,link,76
Stanza_della_Segnatura,Raphael_Rooms,link,76
TMNT_(film),Raphael_(Teenage_Mutant_Ninja_Turtles),link,76
The_Last_Judgment_(Michelangelo),Charon,link,76
Vermilion,Titian,link,76
Beheading_of_John_the_Baptist,"Salome_(Titian,_Rome)",link,75
Cranes_in_the_Sky,Raphael_Saadiq,link,75
Dream_Story,Frederic_Raphael,link,75
High_Renaissance,Raphael_Rooms,link,75
Italian_Renaissance_painting,Michelangelo,link,75
Judith_and_Holofernes_(Donatello),Book_of_Judith,link,75
Lewis_Carroll,Pre-Raphaelite_Brotherhood,link,75
List_of_works_by_Michelangelo,Medici_Madonna,link,75
Masaccio,San_Giovenale_Triptych,link,75
Raphael_Borges_Rodrigues,Macarthur_FC,link,75
Raphael_Onyedika,Nigeria_national_football_team,link,75
Raphael_Saadiq,Sheila_E.,link,75
Replicas_of_Michelangelo's_David,David_(Michelangelo),link,75
"Santa_Maria_delle_Grazie,_Milan","The_Crowning_with_Thorns_(Titian,_Paris)",link,75
Sfumato,Madonna_del_Prato_(Raphael),link,75
Sylvia_Raphael,Mossad_assassinations_following_the_Munich_massacre,link,75
The_Da_Vinci_Code,Leonardo_da_Vinci,link,75
The_Deposition_(Michelangelo),Michelangelo,link,75
Titian,Orazio_Vecellio,link,75
Titian,Venus_and_Adonis_(Titian),link,75
other-empty,Hôtel_Raphael,external,75
other-empty,The_Archangel_Raphael_Leaving_Tobias'_Family,external,75
other-internal,Personal_life_of_Leonardo_da_Vinci,external,75
other-search,Raphael_Douady,external,75
other-search,Raphael_Morgan,external,75
Isabella_of_Portugal,Titian,link,74
June_Diane_Raphael,The_Morning_Show_(American_TV_series),link,74
Leonardo_S.p.A.,Leonardo_da_Vinci,link,74
Leonardo_da_Vinci,"Leonardo_da_Vinci,_A_Memory_of_His_Childhood",link,74
Major-General's_Song,Raphael,link,74
Michelangelo_Antonioni,Vittorio_Mussolini,link,74
Muse_(person),Pre-Raphaelite_Brotherhood,link,74
Personal_life_of_Leonardo_da_Vinci,Michelangelo,link,74
Portrait_of_a_Young_Man_(Raphael),Hans_Frank,link,74
Pre-Raphaelite_Brotherhood,Aubrey_Beardsley,link,74
Raphael,Papal_States,link,74
Raphael_Ravenscroft,The_Spear_of_Destiny_(book),link,74
Teenage_Mutant_Ninja_Turtles:_Out_of_the_Shadows,Raphael_(Teenage_Mutant_Ninja_Turtles),link,74
The_Light_of_the_World_(Hunt),Pre-Raphaelite_Brotherhood,link,74
The_Thinker,Michelangelo,link,74
The_Three_Graces,Three_Graces_(Raphael),link,74
Titian,Equestrian_Portrait_of_Charles_V,link,74
other-external,Leda_and_the_Swan_(Michelangelo),external,74
other-external,Raphael_(Teenage_Mutant_Ninja_Turtles),external,74
other-internal,Portrait_of_a_Young_Man_(Raphael),external,74
other-other,Raphael_Nathan,external,74
100_Great_Paintings,The_Tribute_Money_(Masaccio),link,73
Arabelle_Raphael,Kink.com,link,73
David_(Michelangelo),Non_finito,link,73
David_di_Donatello,71st_David_di_Donatello,link,73
Francisco_Goya,Anton_Raphael_Mengs,link,73
Giovanni_Bellini,Titian,link,73
Italian_campaign_of_1796–1797,Michelangelo_Alessandro_Colli-Marchi,link,73
Leonardo_da_Vinci,Leonardo_da_Vinci_(Isaacson_book),link,73
Leonardo_da_Vinci,Tuscany,link,73
List_of_works_by_Leonardo_da_Vinci,Leda_and_the_Swan_(Leonardo),link,73
List_of_works_by_Michelangelo,Tomb_of_Pope_Julius_II,link,73
Paolo_Veronese,Titian,link,73
Pre-Raphaelite_Brotherhood,Mary_Lizzie_Macomber,link,73
Raphael_(band),Kazuki_Watanabe_(musician),link,73
Raphael_Bob-Waksberg,Adam_Conover,link,73
Raphael_Sbarge,Once_Upon_a_Time_(TV_series),link,73
Science_and_inventions_of_Leonardo_da_Vinci,Polymath,link,73
Solomon_Islands_S-League,Raphael_Lea'i,link,73
Voynich_manuscript,Raphael_Sobiehrd-Mnishovsky,link,73
other-empty,Joseph_Raphael_De_Lamar_House,external,73
other-empty,Raphael_Silva,external,73
other-empty,Raphael_Soriano,external,73
other-internal,Assumption_of_the_Virgin_(Titian),external,73
other-internal,Transfiguration_(Raphael),external,73
other-search,Raphael_Kirchner,external,73
other-search,Seven_Sonnets_of_Michelangelo,external,73
2021_FIFA_Club_World_Cup,Raphael_Veiga,link,72
2025–26_Club_Brugge_KV_season,Raphael_Onyedika,link,72
Alcohol_intoxication,Michelangelo,link,72
Charon,The_Last_Judgment_(Michelangelo),link,72
Daniele_da_Volterra,The_Last_Judgment_(Michelangelo),link,72
Druck_(TV_series),Michelangelo_Fortuzzi,link,72
Free_Churro,Raphael_Bob-Waksberg,link,72
Masaccio,Quattrocento,link,72
Michelangelo,Italian_Renaissance_painting,link,72
Old_Master,Michelangelo,link,72
Portrait_of_a_Young_Man_(Raphael),Czartoryski_Museum,link,72
Pre-Raphaelite_Brotherhood,Circe_(painting),link,72
Raphael,The_Marriage_of_the_Virgin_(Raphael),link,72
Raphael_Akpejiori,Mourad_Aliev,link,72
Raphael_Lea'i,Adelaide_City_FC,link,72
Raphael_Saadiq,The_Revival_(Tony!_Toni!_Toné!_album),link,72
Raphael_Sbarge,List_of_Star_Wars:_Knights_of_the_Old_Republic_characters,link,72
Salome,"Salome_(Titian,_Rome)",link,72
Sylvia_Raphael,Ali_Hassan_Salameh,link,72
The_Baptism_of_Christ_(Verrocchio_and_Leonardo),Leonardo_da_Vinci,link,72
Titian,Belluno,link,72
Vincent_van_Gogh,Leonardo_da_Vinci,other,72
other-empty,"The_Crowning_with_Thorns_(Titian,_Paris)",external,72
other-other,Conservation-restoration_of_Leonardo_da_Vinci's_The_Last_Supper,external,72
other-search,Raphael_I_Bidawid,external,72
other-search,Raphael_Recanati,external,72
Arnolfini_Portrait,Donatello,link,71
Danaë_(Titian_paintings),Danaë,link,71
David_(Michelangelo),Aristodemo_Costoli,link,71
Gordon_Raphael,First_Impressions_of_Earth,link,71
History_of_aviation,Leonardo_da_Vinci,link,71
Joan_Rivers,Sally_Jessy_Raphael,link,71
New_Day_Will_Rise,Yuval_Raphael,link,71
Pietà_(Michelangelo),Dante_Alighieri,link,71
Pre-Raphaelite_Brotherhood,Classicism,link,71
Provenance,Diana_and_Actaeon_(Titian),link,71
Raphael,Valet_de_chambre,link,71
Raphael_(archangel),Last_Judgment,link,71
Raphael_(given_name),Archangel,link,71
Rozonda_Thomas,Sally_Jessy_Raphael,link,71
Sculpture,Michelangelo,link,71
The_Last_Judgment_(Michelangelo),Bartholomew_the_Apostle,link,71
The_Last_Judgment_(Michelangelo),Catherine_of_Alexandria,link,71
other-empty,David_di_Donatello_for_Best_International_Film,external,71
other-empty,Emanuel_Raphael_Belilios,external,71
other-empty,"Saint_Jerome_in_Penitence_(Titian,_1575)",external,71
other-external,Michelangelo_(computer_virus),external,71
other-search,Raphael_Spiegel,external,71
other-search,Sarah_Raphael,external,71
Andrea_del_Verrocchio,Donatello,link,70
Donatello,Amor-Attis,link,70
Ezekiel,Ezekiel's_Vision_(Raphael),link,70
Giovanni_Santi,Raphael,link,70
June_Diane_Raphael,"South_Side_High_School_(Rockville_Centre,_New_York)",link,70
Leonardo_da_Vinci,Rome,link,70
Masaccio,Filippo_Brunelleschi,link,70
Moses_(Michelangelo),Rebellious_Slave,link,70
Pre-Raphaelite_Brotherhood,Charles_Allston_Collins,link,70
Pre-Raphaelite_Brotherhood,Walter_Deverell,link,70
Raphael_Bob-Waksberg,Olde_English_(sketch_comedy),link,70
Raphael_Onyedika,FC_Midtjylland,link,70
Raphael_Saadiq,IllFonic,link,70
Raphael_Thattil,Major_archbishop_of_the_Syro-Malabar_Church,link,70
Raphael_Warnock,Ketanji_Brown_Jackson,link,70
"Santa_Maria_delle_Grazie,_Milan",Leonardo_da_Vinci,link,70
Sean_Astin,Raphael_(Teenage_Mutant_Ninja_Turtles),link,70
other-empty,The_Three_Ages_of_Man_(Titian),external,70
other-internal,Andrea_del_Sarto,external,70
other-search,Leonardo_da_Vinci's_Vineyard,external,70
other-search,Raphael_Botti,external,70
Andrea_del_Sarto,Nativity_of_the_Virgin_(del_Sarto),link,69
Battle_of_Amiens_(1918),Raphael_Zengel,link,69
David_di_Donatello,David_di_Donatello_for_Best_International_Film,link,69
Donatello,Sandro_Botticelli,link,69
Emmanuel_III_Delly,Raphael_I_Bidawid,link,69
Flaying_of_Marsyas_(Titian),Titian,link,69
List_of_works_by_Michelangelo,The_Creation_of_Adam,link,69
Oakland_Roots_SC,Raphael_Spiegel,link,69
Perseus_with_the_Head_of_Medusa,David_(Michelangelo),link,69
Pietà_(Michelangelo),Italian_Renaissance_sculpture,link,69
Pre-Raphaelite_Brotherhood,James_Archer_(artist),link,69
Raphael_of_Brooklyn,Phyletism,link,69
Sally_Jessy_Raphael,Ricki_Lake,link,69
Science_and_inventions_of_Leonardo_da_Vinci,Levee,link,69
The_Storm_on_the_Sea_of_Galilee,The_Rape_of_Europa_(Titian),link,69
other-empty,Portrait_of_a_Cardinal_(Raphael),external,69
other-empty,Raphael_Abramovitch,external,69
other-empty,Raphael_Cilento,external,69
other-empty,Raphael_Honigstein,external,69
other-empty,Raphael_Shore,external,69
other-empty,St_Raphael's_Estate,external,69
other-search,Young_Man_with_an_Apple_(Raphael),external,69
Arabelle_Raphael,Sex_worker,link,68
Chiaroscuro,Leonardo_da_Vinci,link,68
Didsbury_Mosque,Raphael_Hostey,link,68
Florence,Donatello,link,68
Israel_in_the_Eurovision_Song_Contest_2025,Yuval_Raphael,link,68
Michelangelo_(Teenage_Mutant_Ninja_Turtles),Three-section_staff,link,68
Michelangelo_Antonioni_filmography,Identification_of_a_Woman,link,68
Old_Master,Leonardo_da_Vinci,link,68
Raphael,Portrait_of_Bindo_Altoviti,link,68
Raphael_(Teenage_Mutant_Ninja_Turtles),Teenage_Mutant_Ninja_Turtles_(Mirage_Studios),link,68
Raphael_Lemkin,Armenian_genocide,link,68
Raphael_Warnock,Chase_Oliver,link,68
Raphael_Warnock,Direct_election,link,68
Robert_Hooke,Leonardo_da_Vinci,link,68
Science_and_inventions_of_Leonardo_da_Vinci,Leonardo's_robot,link,68
Teenage_Mutant_Ninja_Turtles_(2012_TV_series),Raphael_(Teenage_Mutant_Ninja_Turtles),link,68
other-empty,Adam_Raphael,external,68
other-empty,Raphael_Saadiq_production_discography,external,68
other-empty,Ray_Raphael,external,68
other-external,Donatello,external,68
other-internal,Yuval_Raphael,external,68
other-search,Michelangelo_and_the_Pope's_Ceiling,external,68
Club_Brugge_KV,Raphael_Onyedika,other,67
David_(Michelangelo),David_(Verrocchio),link,67
Holodomor_genocide_question,Raphael_Lemkin,link,67
Kunsthistorisches_Museum,Portrait_of_Isabella_d'Este_(Titian),link,67
Leonardo_da_Vinci,Jean-Auguste-Dominique_Ingres,link,67
Madonna_of_Bruges,David_(Michelangelo),link,67
Michelangelo,Manchester_Madonna,link,67
Mohammed_bin_Salman,Leonardo_da_Vinci,link,67
Phanuel_(angel),Raphael_(archangel),link,67
Pre-Raphaelite_Brotherhood,Frank_Cadogan_Cowper,link,67
Raphael,Johann_Joachim_Winckelmann,link,67
Raphael_(singer),Primary_central_nervous_system_lymphoma,link,67
Raphael_Warnock,Master_of_Divinity,link,67
Salaì,Personal_life_of_Leonardo_da_Vinci,link,67
The_Passenger_(1975_film),Michelangelo_Antonioni_filmography,link,67
other-empty,Dana_Raphael,external,67
other-empty,La_Perla_(Raphael),external,67
other-empty,Leonardo_da_Vinci_(2024_film),external,67
other-empty,Prophet_Jeremiah_(Michelangelo),external,67
other-empty,Raphael_Pumpelly,external,67
other-empty,Raphaelle_Peale,external,67
other-internal,Michelangelo_Cinganelli,external,67
other-search,Raphael_Diaz,external,67
other-search,Raphael_Magyezi,external,67
other-search,Raphael_Pavlić,external,67
other-search,Tityus_(Titian),external,67
David_(Michelangelo),Goliath,link,66
Leonardo_da_Vinci,Cesare_Borgia,link,66
List_of_Star_Wars:_Knights_of_the_Old_Republic_characters,Raphael_Sbarge,link,66
Michelangelo,Lorenzo_de'_Medici,link,66
Michelangelo,The_School_of_Athens,link,66
Moses_(Michelangelo),Pope_Julius_II,link,66
Pietro_Torrigiano,Michelangelo,link,66
Pietà_(Michelangelo),Jean_Bilhères_de_Lagraulas,link,66
Raphael,Domenico_Alfani,link,66
Raphael_(Teenage_Mutant_Ninja_Turtles),Tonfa,link,66
Raphael_Rooms,The_Parnassus,link,66
Rogue_wave,SS_Michelangelo,link,66
Saint_Michael_(Raphael),Saint_Michael_Vanquishing_Satan,link,66
Samson_Raphael_Hirsch,Torah_im_Derech_Eretz,link,66
Thomas_Bangalter,Sons_of_Raphael,link,66
Tina_Fey,Sally_Jessy_Raphael,link,66
Titian_hair,Human_hair_color,link,66
Vandalism_of_Michelangelo's_Pietà,Vandalism_of_art,other,66
Vatican_Museums,Oddi_Altarpiece_(Raphael),link,66
other-empty,Leonardo_da_Vinci_programme,external,66
other-empty,"Penitent_Magdalene_(Titian,_1531)",external,66
other-empty,Ralph_Raphael,external,66
other-empty,Raphael_Weldon,external,66
other-search,Edwin_Raphael,external,66
other-search,Raphael_Hostey,external,66
other-search,Raphael_J._Moses,external,66
other-search,The_Raphaels,external,66
2026_United_States_Senate_elections,Raphael_Warnock,link,65
8-Bit_Christmas,June_Diane_Raphael,link,65
Beyond_the_Clouds_(1995_film),Michelangelo_Antonioni,link,65
Carrara_marble,David_(Michelangelo),link,65
Circe_Offering_the_Cup_to_Ulysses,Pre-Raphaelite_Brotherhood,link,65
David_di_Donatello_for_Best_Film,The_Last_One_for_the_Road,link,65
Gordon_Raphael,The_Cribs,link,65
History_painting,Diana_and_Actaeon_(Titian),link,65
List_of_paintings_by_Raphael,Oddi_Altarpiece_(Raphael),link,65
List_of_rogue_waves_incidents,SS_Michelangelo,link,65
Pietà_(Michelangelo),13,other,65
Raphael_(Teenage_Mutant_Ninja_Turtles),Rise_of_the_Teenage_Mutant_Ninja_Turtles,link,65
Raphael_(disambiguation),Raphael,link,65
Raphael_Saadiq,D'Angelo,link,65
Sharon_Garin,Raphael_Lotilla,link,65
Suicide_of_Nicola_Ann_Raphael,Murder_of_Sophie_Lancaster,link,65
The_Agony_and_the_Ecstasy_(film),The_Last_Judgment_(Michelangelo),link,65
Vatican_Museums,The_Last_Judgment_(Michelangelo),link,65
other-empty,Christ_Carrying_the_Cross_(Titian),external,65
other-empty,Hospital_of_Saint_Raphael,external,65
other-empty,Madonna_of_the_Rose_(Raphael),external,65
other-internal,David_di_Donatello,external,65
Arnolfini_Portrait,Masaccio,link,64
Assumption_of_the_Virgin_(Titian),Assumption_of_Mary,link,64
Bacchus_(Michelangelo),Bargello,link,64
Big_City_Greens,June_Diane_Raphael,link,64
Brown_Sugar_(D'Angelo_album),Raphael_Saadiq,link,64
Cappella_Paolina,The_Conversion_of_Saul_(Michelangelo),link,64
Château_de_Chambord,Leonardo_da_Vinci,link,64
Donatello,Lorenzo_Ghiberti,link,64
Filippo_Brunelleschi,Donatello,link,64
Frederic_Raphael,Eyes_Wide_Shut,link,64
Icon_(Brent_Faiyaz_album),Raphael_Saadiq,link,64
John_Collier_(painter),Pre-Raphaelite_Brotherhood,link,64
Lisa_del_Giocondo,Michelangelo,link,64
List_of_most_expensive_paintings,Titian,link,64
List_of_works_by_Michelangelo,Brutus_(Michelangelo),link,64
Mark_Frechette,Michelangelo_Antonioni,link,64
Michelangelo,Sleeping_Cupid_(Michelangelo),link,64
Raphael,Guidobaldo_da_Montefeltro,link,64
Raphael_Dwamena,BSC_Old_Boys,link,64
The_Rape_of_Europa_(Titian),Isabella_Stewart_Gardner_Museum,link,64
Titian,La_Bella,link,64
Venus_Anadyomene,Venus_Anadyomene_(Titian),link,64
Willie_Nelson,Mickey_Raphael,link,64
other-empty,American_Pre-Raphaelites,external,64
other-empty,Rick_Raphael,external,64
other-empty,Tityus_(Titian),external,64
other-search,D._D._Raphael,external,64
other-search,Michelangelo_Albertazzi,external,64
other-search,Raphael_Cohen-Almagor,external,64
other-search,Raphael_Gray,external,64
2026_Trump–FIFA_red_card_controversy,Raphael_Claus,link,63
Audience_capture,Michelangelo_phenomenon,link,63
Daria_Halprin,Michelangelo_Antonioni,link,63
Donatello,Mononym,link,63
Dying_Slave,Michelangelo,link,63
Florence_Cathedral,Donatello,link,63
Franco-Ottoman_alliance,Titian,link,63
Heaven_Can_Wait_(1943_film),Samson_Raphaelson,link,63
List_of_paintings_by_Raphael,Portrait_of_a_Young_Man_(Raphael),link,63
List_of_works_by_Michelangelo,Apollo_(Michelangelo),link,63
Michael_(given_name),Michelangelo_(given_name),link,63
Michelangelo,William_Shakespeare,link,63
Michelangelo_Antonioni_filmography,Red_Desert_(film),link,63
Pope_Julius_II,Michelangelo,link,63
Pre-Raphaelite_Brotherhood,"Rienzi_vowing_to_obtain_justice_for_the_death_of_his_young_brother,_slain_in_a_skirmish_between_the_Colonna_and_the_Orsini_factions",link,63
Raphael,Portrait_of_Pope_Julius_II,link,63
Raphael_(archangel),Asmodeus,link,63
Raphael_Veiga,"Robinho_(footballer,_born_November_1987)",other,63
Titian,Pope_Paul_III_and_His_Grandsons,link,63
Villa_Farnesina,Galatea_(Raphael),link,63
Wawel_Castle,Portrait_of_a_Young_Man_(Raphael),link,63
other-empty,David_and_Goliath_(Titian),external,63
other-empty,List_of_things_named_after_Leonardo_da_Vinci,external,63
other-empty,Portrait_of_Isabella_of_Portugal_(Titian),external,63
other-empty,Raphael_Tuck_&_Sons,external,63
other-empty,Replicas_of_Michelangelo's_Pietà,external,63
other-empty,The_Assassination_of_Saint_Peter_Martyr_(Titian),external,63
other-search,Emanuel_Raphael_Belilios,external,63
other-search,Raphaels_Bank,external,63
Cicely_Mary_Barker,Pre-Raphaelite_Brotherhood,link,62
Congressional_Black_Caucus,Raphael_Warnock,link,62
Donatello_(disambiguation),Donatello_(Teenage_Mutant_Ninja_Turtles),link,62
Francisco_Ortega_III,Raphaelle_Ortega-David,link,62
Greg_Cipes,Michelangelo_(Teenage_Mutant_Ninja_Turtles),link,62
Italian_Renaissance_painting,Leonardo_da_Vinci,link,62
Leonardo_da_Vinci,Fluid_dynamics,link,62
List_of_works_by_Leonardo_da_Vinci,Codex_Leicester,link,62
M25_motorway,Raphael_Rowe,link,62
Michelangelo,Sandro_Botticelli,link,62
Moses_(Michelangelo),Moses,link,62
Penitent_Magdalene_(Donatello),Museo_dell'Opera_del_Duomo_(Florence),link,62
Raphael_(singer),"Linares,_Jaén",link,62
Raphael_Akpejiori,Arslanbek_Makhmudov,link,62
Raphael_Saadiq,Dawn_Robinson,link,62
Saint_George_and_the_Dragon_(Raphael),Saint_George_and_the_Dragon,link,62
TMNT_(film),Donatello_(Teenage_Mutant_Ninja_Turtles),link,62
The_Creation_of_Adam,List_of_works_by_Michelangelo,link,62
Valour_FC,Raphael_Ohin,link,62
other-external,Raphael_Bostic,external,62
other-search,David_di_Donatello_for_Best_Film,external,62
other-search,Raphael_Mazzucco,external,62
Adoration_of_the_Magi_(Leonardo),Leonardo_da_Vinci,link,61
Bacchus_(Michelangelo),Michelangelo,link,61
Donatello,Republic_of_Florence,link,61
Leonardo_da_Vinci,Madonna_of_the_Carnation,link,61
List_of_Pre-Raphaelite_paintings,The_Light_of_the_World_(Hunt),link,61
Main_Page,June_Diane_Raphael,other,61
Michelangelo_(computer_virus),Stoned_(computer_virus),link,61
Montel_Williams,Sally_Jessy_Raphael,link,61
Portrait_of_a_Young_Man_(Raphael),Augustyn_Józef_Czartoryski,link,61
Raphael_(archangel),Angels_in_Judaism,link,61
Raphael_Wallfisch,Elizabeth_Wallfisch,link,61
Sleeping_Venus_(Giorgione),Titian,link,61
TMNT_(film),Michelangelo_(Teenage_Mutant_Ninja_Turtles),link,61
TSV_1860_Munich,Raphael_Schifferl,other,61
The_Last_Judgment_(Michelangelo),List_of_works_by_Michelangelo,link,61
Vandalism_of_Michelangelo's_Pietà,Don_Novello,link,61
other-empty,Paul_Raphael_Montford,external,61
other-empty,Raphael_Guzzo,external,61
other-empty,Raphael_M._Bonelli,external,61
other-empty,The_Entombment_of_Christ_(Titian),external,61
other-external,Raphael_(given_name),external,61
other-search,"Christ_and_the_Adulteress_(Titian,_Glasgow)",external,61
other-search,Raphael's_Ephemeris,external,61
other-search,Raphael_Matos,external,61
other-search,Raphael_Morscher,external,61
2026_United_States_Senate_election_in_Maine,Raphael_Warnock,link,60
Arabelle_Raphael,FOSTA-SESTA,link,60
Cowboy_Carter,Raphael_Saadiq,link,60
David_(Michelangelo),Main_Page,other,60
Donatello,Filippo_Brunelleschi,link,60
Drawing,Leonardo_da_Vinci,link,60
Francis_Spellman,Michelangelo_Signorile,link,60
Friendship_(2024_film),Raphael_Sbarge,link,60
Genocide_Convention,Raphael_Lemkin,link,60
George_Alencherry,Raphael_Thattil,link,60
Leonardo_da_Vinci,Niccolò_Machiavelli,link,60
Leonardo_da_Vinci,Vincent_van_Gogh,other,60
List_of_Pre-Raphaelite_paintings,The_Lady_of_Shalott_(William_Holman_Hunt),link,60
List_of_paintings_by_Raphael,Baronci_Altarpiece,link,60
List_of_works_by_Leonardo_da_Vinci,Giovanni_Ambrogio_Figino,link,60
Louvre,Leonardo_da_Vinci,link,60
Michelangelo,Italian_Renaissance_sculpture,link,60
Michelangelo,The_Conversion_of_Saul_(Michelangelo),link,60
Michelangelo_Antonioni,Peter_Weller,link,60
Michelangelo_Antonioni_filmography,The_Three_Faces,link,60
Michelangelo_Dying,Pompeii_(Cate_Le_Bon_album),link,60
Personal_life_of_Leonardo_da_Vinci,Francesco_Melzi,link,60
Pre-Raphaelite_Brotherhood,Desperate_Romantics,link,60
Pre-Raphaelite_Brotherhood,Edward_Robert_Hughes,link,60
Pre-Raphaelite_Brotherhood,Fanny_Eaton,link,60
Pubic_hair,David_(Michelangelo),link,60
Raphael,Giorgio_Vasari,link,60
Raphael_Cilento,Jason_Connery,link,60
Sylvia_Raphael,Chico_Bouchikhi,link,60
other-empty,Nick_Raphael,external,60
other-empty,Raphael_House_Rudolf_Steiner_School,external,60
other-empty,Raphael_Wallfisch,external,60
other-external,Raphael_Rooms,external,60
other-search,Jane_Raphaely,external,60
Charlton_Heston,David_di_Donatello,link,59
Codex_Leicester,List_of_works_by_Leonardo_da_Vinci,link,59
FC_Südtirol,Raphael_Odogwu,other,59
Guy_Roux,"Raphael_Guerreiro_(footballer,_born_1968)",link,59
June_Diane_Raphael,Big_Mouth_(American_TV_series),link,59
June_Diane_Raphael,Scrambled_(film),link,59
Leonardo_da_Vinci,Mirror_writing,link,59
List_of_paintings_by_Raphael,Portrait_of_a_Young_Woman_with_a_Unicorn,link,59
List_of_works_by_Leonardo_da_Vinci,Leonardo's_aerial_screw,link,59
Michelangelo,The_Expulsion_of_Heliodorus_from_the_Temple,link,59
Pre-Raphaelite_Brotherhood,Emma_Sandys,link,59
Raphael,Florentine_painting,other,59
Raphael,Madonna_del_Prato_(Raphael),link,59
Raphael,The_Parnassus,link,59
Raphael_(archangel),Azazel,link,59
Raphael_(archangel),Raphael_(disambiguation),link,59
Raphael_Lemkin,Volkovyssky_Uyezd,link,59
Rembrandt,Raphael,link,59
Sisyphus_(Titian),Titian,link,59
Solomon_Kings_FC,Raphael_Lea'i,link,59
Sonic_Racing:_CrossWorlds,Michelangelo_(Teenage_Mutant_Ninja_Turtles),link,59
Teenage_Mutant_Ninja_Turtles:_Mutant_Mayhem,Michelangelo_(Teenage_Mutant_Ninja_Turtles),link,59
Tuca_&_Bertie,Raphael_Bob-Waksberg,link,59
Tuscany,David_(Michelangelo),link,59
other-search,The_Archangel_Raphael_Leaving_Tobias'_Family,external,59
Battle_of_the_Centaurs_(Michelangelo),Casa_Buonarroti,link,58
David_di_Donatello,David_di_Donatello_for_Best_Director,link,58
Eastern_Orthodox_Church,Raphael_of_Brooklyn,link,58
Frederic_Raphael,Far_from_the_Madding_Crowd_(1967_film),link,58
High_Renaissance,Pietà_(Michelangelo),link,58
History_of_erotic_depictions,David_(Michelangelo),link,58
Italian_Renaissance,Donatello,link,58
Leonardo,Leonardo_da_Vinci,link,58
Leonardo_da_Vinci,Isaac_Newton,link,58
List_of_BoJack_Horseman_episodes,Raphael_Bob-Waksberg,link,58
List_of_paintings_by_Raphael,Small_Cowper_Madonna,link,58
Message_in_a_Bottle_(film),Raphael_Sbarge,link,58
Raphael_(archangel),Al-An'am,link,58
Raphael_Assunção,T.J._Dillashaw,link,58
Raphael_Lea'i,Solomon_Islands_national_football_team,link,58
Raphael_Rooms,Borgia_Apartments,link,58
Raphael_Sbarge,Jiminy_Cricket,link,58
Saint_Michael_Vanquishing_Satan,Raphael,link,58
Sleeping_Venus_(Giorgione),Danaë_(Titian_paintings),link,58
Teenage_Mutant_Ninja_Turtles:_Mutant_Mayhem,Raphael_(Teenage_Mutant_Ninja_Turtles),link,58
Teenage_Mutant_Ninja_Turtles:_Out_of_the_Shadows,Michelangelo_(Teenage_Mutant_Ninja_Turtles),link,58
The_Last_Judgment_(Michelangelo),Pope_Paul_III,link,58
"Twin_Towers,_Wembley",St_Raphael's_Estate,link,58
Vandalism_of_Michelangelo's_Pietà,Statelessness,link,58
Western_culture,Leonardo_da_Vinci,link,58
other-empty,Raphael_Matos,external,58
other-search,Raphael_Hartkopf,external,58
Boho-chic,Pre-Raphaelite_Brotherhood,link,57
Codex_Atlanticus,Leonardo_da_Vinci,link,57
"David_(Donatello,_marble)",Donatello,link,57
Dylan_Wiggins,Raphael_Saadiq,link,57
Ezekiel's_Vision_(Raphael),Merkabah_mysticism,link,57
Italian_Renaissance_painting,Titian,link,57
June_Diane_Raphael,Adult_Swim,link,57
Leonardo's_aerial_screw,List_of_works_by_Leonardo_da_Vinci,link,57
Lists_of_painters,Leonardo_da_Vinci,link,57
Michelangelo,Lorenzo_Ghiberti,link,57
Michelangelo_(disambiguation),Michelangelo_(Teenage_Mutant_Ninja_Turtles),link,57
Michelangelo_(disambiguation),Michelangelo_(given_name),link,57
Michelangelo_Antonioni_filmography,La_Notte,link,57
Michelangelo_Antonioni_filmography,The_Mystery_of_Oberwald,link,57
Michelangelo_Frammartino,Il_buco,link,57
Nunchaku,Michelangelo_(Teenage_Mutant_Ninja_Turtles),link,57
Portrait_of_a_Young_Man_(Raphael),The_Rape_of_Europa_(book),link,57
Pre-Raphaelite_Brotherhood,Richard_Burchett,link,57
Priory_of_Sion,Leonardo_da_Vinci,link,57
Raphael,Baronci_Altarpiece,link,57
Raphael_(Teenage_Mutant_Ninja_Turtles),Splinter_(Teenage_Mutant_Ninja_Turtles),link,57
Raphael_Warnock,2000_United_States_Senate_special_election_in_Georgia,link,57
Raphael_of_Brooklyn,St._Nicholas_Antiochian_Orthodox_Cathedral_(Brooklyn),link,57
Raphaelle_Ortega-David,Mario_Eduardo_Ortega,link,57
SS_Leonardo_da_Vinci_(1958),SS_Michelangelo,link,57
The_Final_Cut_(album),Raphael_Ravenscroft,link,57
Vatican_Museums,Michelangelo,link,57
Vitruvius,Leonardo_da_Vinci,link,57
Yolanda_King,Raphael_Warnock,link,57
other-empty,Creation_of_the_World_(Raphael),external,57
other-empty,"Salome_(Titian,_Rome)",external,57
Archdiocese_of_Dubuque,"St._Raphael's_Cathedral_(Dubuque,_Iowa)",link,56
Babes_in_Toyland_(1997_film),Raphael_Sbarge,link,56
Brancacci_Chapel,Masaccio,link,56
Cartoon_All-Stars_to_the_Rescue,Michelangelo_(Teenage_Mutant_Ninja_Turtles),link,56
Charles_III_of_Spain,Anton_Raphael_Mengs,link,56
Donatello,Leonardo_da_Vinci,link,56
Ford_Madox_Brown,Pre-Raphaelite_Brotherhood,link,56
Homer,Raphael,link,56
Lady_Jane_Grey,Michelangelo_Florio,link,56
Leonardo_da_Vinci,Florence_Baptistery,link,56
Leonardo_da_Vinci,Leda_and_the_Swan_(Leonardo),link,56
Michelangelo,Adam_and_Eve,link,56
Once_Upon_a_Time_season_1,Raphael_Sbarge,link,56
Pazzi,Donatello,link,56
Rafael,Raphael_(disambiguation),link,56
Raphael_Warnock,Master_of_Philosophy,link,56
Salome,Titian,link,56
Sandro_Botticelli,Michelangelo,link,56
"Sant'Agostino,_Rome",The_Prophet_Isaiah_(Raphael),link,56
Sonic_Racing:_CrossWorlds,Raphael_(Teenage_Mutant_Ninja_Turtles),link,56
Titian,The_Assassination_of_Saint_Peter_Martyr_(Titian),link,56
other-empty,David_di_Donatello_for_Best_Director,external,56
other-empty,La_Gloria_(Titian),external,56
other-empty,Raphael_Rakowski,external,56
other-empty,The_Punishment_of_Tityus_(Michelangelo),external,56
other-external,Michelangelo_Antonioni,external,56
other-search,Raphael_Utzig,external,56
other-search,St._Raphael_Academy,external,56
other-search,The_Concert_(Titian),external,56
other-search,The_Electric_Michelangelo,external,56
Amy_Winehouse,Raphael_Saadiq,link,55
Beheading_of_John_the_Baptist,The_Feast_of_Herod_(Donatello),link,55
Catmull–Rom_spline,Raphael_Rom,link,55
Chris_Stapleton,Mickey_Raphael,link,55
Desperate_Romantics,Pre-Raphaelite_Brotherhood,link,55
Giorgio_Vasari,Andrea_del_Sarto,link,55
List_of_paintings_by_Raphael,Transfiguration_(Raphael),link,55
Media_documentation_of_the_September_11_attacks,Pietà_(Michelangelo),link,55
Michelangelo_(Teenage_Mutant_Ninja_Turtles),Tonfa,link,55
Pietà_(Michelangelo),Realism_(arts),link,55
Pope_Paul_III,Michelangelo,link,55
Raphael_De_Niro,Love_Streams_(film),link,55
Raphael_Rooms,Cardinal_and_Theological_Virtues_(Raphael),link,55
Raphael_Saadiq,Tony!_Toni!_Toné!_discography,link,55
Raphael_Warnock,Main_Page,other,55
Renaissance_art,Masaccio,link,55
Richard_Dreyfuss,David_di_Donatello,link,55
"Risen_Christ_(Michelangelo,_Santa_Maria_sopra_Minerva)",Santa_Maria_sopra_Minerva,link,55
Santa_Maria_degli_Angeli_e_dei_Martiri,Michelangelo,link,55
Tarquin_and_Lucretia,Titian,link,55
Terribilità,Moses_(Michelangelo),link,55
The_Glittering_Prizes,Frederic_Raphael,link,55
The_Mentalist_season_2,Raphael_Sbarge,link,55
The_Phoenician_Scheme,Michelangelo_Antonioni,link,55
The_Tower_House,Pre-Raphaelite_Brotherhood,link,55
Titian,Titian_(disambiguation),link,55
Transfiguration_of_Jesus,Raphael,link,55
Yanam,Dadala_Raphael_Ramanayya,link,55
other-empty,Raphael_Fishing_Company,external,55
other-empty,Raphael_I_Bidawid,external,55
other-empty,Raphael_M._Robinson,external,55
other-search,Leonardo_da_Vinci_University_Center,external,55
other-search,Saint_Sebastian_(Raphael),external,55
Arabelle_Raphael,Bisexuality,link,54
Arabelle_Raphael,Sex_workers'_rights,link,54
Assassin's_Creed_II,Leonardo_da_Vinci,link,54
Ciryl_Gane,Raphael_Pessoa,link,54
Codex_Atlanticus,List_of_works_by_Leonardo_da_Vinci,link,54
Controversies_of_the_Eurovision_Song_Contest,Yuval_Raphael,link,54
Derry,Raphael_Armattoe,link,54
Effie_Gray,Pre-Raphaelite_Brotherhood,link,54
Flaying_of_Marsyas_(Titian),Flaying,link,54
Frederic_Leighton,Pre-Raphaelite_Brotherhood,link,54
Gordon_Raphael,Soviet_Kitsch,link,54
Grotesque,Michelangelo,link,54
June_Diane_Raphael,9-1-1_(TV_series),link,54
June_Diane_Raphael,Frasier_(2023_TV_series),link,54
List_of_works_by_Michelangelo,Sagrestia_Nuova,link,54
List_of_works_by_Michelangelo,The_Conversion_of_Saul_(Michelangelo),link,54
Lorenzo_de'_Medici,Leonardo_da_Vinci,link,54
Malcolm_Forbes,Michelangelo_Signorile,link,54
Mannerism,Andrea_del_Sarto,link,54
Michelangelo,Vittoria_Colonna,link,54
Michelangelo_Antonioni_filmography,L'Avventura,link,54
Oil_painting,The_Rape_of_Europa_(Titian),link,54
Pre-Raphaelite_Brotherhood,Simeon_Solomon,link,54
Priscilla_(film),Sons_of_Raphael,link,54
Raphael_Shore,Marvin_Shore,link,54
Raphael_Warnock,Baptists,link,54
Renaissance,Donatello,link,54
Rob_Paulsen,Raphael_(Teenage_Mutant_Ninja_Turtles),link,54
Safeguard_American_Voter_Eligibility_Act,Raphael_Warnock,link,54
The_Awakening_Conscience,Pre-Raphaelite_Brotherhood,link,54
The_Last_Judgment_(Michelangelo),Pope_Clement_VII,link,54
The_Virgin_and_Child_with_Saint_Anne_(Leonardo),Leonardo_da_Vinci,link,54
Yuval_Raphael,Ra'anana,link,54
other-empty,Abraham_and_Isaac_(Titian),external,54
other-empty,David_di_Donatello_for_Best_Supporting_Actress,external,54
other-empty,Joseph_Raphael,external,54
other-empty,Raphael_Sallinger,external,54
other-search,Maes_Titianus,external,54
other-search,Raphael_Montañez_Ortiz,external,54
other-search,Raphael_von_Bargen,external,54
Arezzo,Michelangelo,link,53
David_(Michelangelo),Italian_units_of_measurement,link,53
Donatello_(Teenage_Mutant_Ninja_Turtles),Teenage_Mutant_Ninja_Turtles_(Mirage_Studios),link,53
Galatea_(Raphael),Villa_Farnesina,link,53
Haredi_Judaism,Samson_Raphael_Hirsch,link,53
Iman_(Islam),Raphael_(archangel),link,53
Kunsthistorisches_Museum,The_Bravo_(Titian),link,53
Leonardo_da_Vinci,House_of_Medici,link,53
Leonardo_da_Vinci,Leonardo's_robot,link,53
Leonardo_da_Vinci,Masterpiece,link,53
List_of_Pre-Raphaelite_paintings,Isabella_and_the_Pot_of_Basil,link,53
Maria_Schneider_(actress),Michelangelo_Antonioni,link,53
Monica_Bellucci,Hôtel_Raphael,link,53
Nazi_plunder,Portrait_of_a_Young_Man_(Raphael),link,53
Noel_Fisher,Michelangelo_(Teenage_Mutant_Ninja_Turtles),link,53
Paimon,Raphael_(archangel),link,53
Penitent_Magdalene_(Donatello),Donatello,link,53
Raphael_(archangel),Bartolomé_Esteban_Murillo,link,53
Raphael_Akpejiori,Stephan_Shaw,link,53
Raphael_Assunção,Cody_Garbrandt,link,53
Raphael_Semmes,Flags_of_the_Confederate_States_of_America,link,53
St._Brandon,Raphael_Fishing_Company,link,53
The_Fall_of_Man_(Rubens),The_Fall_of_Man_(Titian),link,53
The_Tribute_Money_(Masaccio),Masaccio,link,53
Timothy_Christian_Riley,Raphael_Saadiq,link,53
Titian,Museo_del_Prado,link,53
Vandalism_of_Michelangelo's_Pietà,Carrara_marble,link,53
Vienna_Blood_(TV_series),Raphael_von_Bargen,link,53
William-Adolphe_Bouguereau,Galatea_(Raphael),link,53
other-empty,Marina_Raphael,external,53
other-search,Portrait_of_Isabella_of_Portugal_(Titian),external,53
other-search,"Saint_Sebastian_(Titian,_Hermitage)",external,53
other-search,Statue_of_Raphael_Semmes,external,53
other-search,Supper_at_Emmaus_(Titian),external,53
50_Cent,Raphael_Saadiq,link,52
Charles_Willson_Peale,Raphaelle_Peale,link,52
Depiction_of_Jesus,The_Last_Judgment_(Michelangelo),link,52
Donatello,Judith_and_Holofernes_(Donatello),link,52
Frederick_Sandys,Pre-Raphaelite_Brotherhood,link,52
Gordon_Raphael,The_Modern_Age,link,52
Italian_Renaissance,Raphael,link,52
June_Diane_Raphael,Forgetting_Sarah_Marshall,link,52
Las_Hilanderas,The_Rape_of_Europa_(Titian),link,52
List_of_works_by_Leonardo_da_Vinci,Codex_Arundel,link,52
List_of_works_by_Michelangelo,Rachel_(sculpture),link,52
Nathaniel_Richards_(Marvel_Comics),Leonardo_da_Vinci,link,52
Raphael_(disambiguation),Raphael_(Teenage_Mutant_Ninja_Turtles),link,52
Raphael_I_Bidawid,Paul_II_Cheikho,link,52
Raphael_Warnock,"Johnson_High_School_(Savannah,_Georgia)",link,52
Science_and_inventions_of_Leonardo_da_Vinci,Leonardo's_crossbow,link,52
Tank,Leonardo_da_Vinci,link,52
Teenage_Mutant_Ninja_Turtles_(1990_film),Raphael_(Teenage_Mutant_Ninja_Turtles),link,52
Two_for_the_Road_(film),Frederic_Raphael,link,52
Venus_with_a_Mirror,Titian,link,52
other-empty,Alexander_Raphael,external,52
other-empty,Dadala_Raphael_Ramanayya,external,52
other-empty,David_di_Donatello_for_Best_Foreign_Actress,external,52
other-empty,Liberation_of_Saint_Peter_(Raphael),external,52
other-empty,Maes_Titianus,external,52
other-empty,Portrait_of_Pope_Paul_III_(Titian),external,52
other-empty,Prophet_Jonah_(Michelangelo),external,52
other-empty,Raphael_Greenberg,external,52
other-empty,Raphael_Israeli,external,52
other-empty,Raphael_Vieira_de_Oliveira,external,52
other-empty,Virgin_and_Child_with_Saint_Anne_(Masaccio),external,52
other-empty,Île_Raphael,external,52
other-internal,Three_Graces_(Raphael),external,52
other-search,Lev_Raphael,external,52
other-search,Michelangelo_Cerquozzi,external,52
Alberto_Vargas,Raphael_Kirchner,link,51
Blow_Out,Michelangelo_Antonioni,link,51
David_(Michelangelo),"Fountain_of_Neptune,_Florence",link,51
Donatello_(Teenage_Mutant_Ninja_Turtles),Technobabble,link,51
Edward_Yang,Michelangelo_Antonioni,link,51
June_Diane_Raphael,Krapopolis,link,51
Leonardo's_robot,Leonardo_da_Vinci,link,51
Leonardo_da_Vinci,Palazzo_Vecchio,link,51
List_of_Pre-Raphaelite_paintings,Arthur_Hughes_(artist),link,51
List_of_paintings_by_Raphael,Saint_John_the_Baptist_in_the_Desert_(Raphael),link,51
List_of_people_claimed_to_be_Jesus,Pietà_(Michelangelo),link,51
Madonna_del_Prato_(Raphael),Raphael,link,51
Masaccio,Masolino_da_Panicale,link,51
Michelangelo,Renaissance_humanism,link,51
Moon_Girl_and_Devil_Dinosaur,Raphael_Saadiq,link,51
Pre-Raphaelite_Brotherhood,Annie_Miller,link,51
Raphael,Leda_and_the_Swan_(Leonardo),link,51
Raphael_(archangel),Abraham,link,51
Raphael_Abramovitch,Mark_Rein_(journalist),link,51
Raphael_Thattil,Andrews_Thazhath,link,51
Raphael_Warnock,Democratic_Party_(United_States),link,51
Raphael_of_Brooklyn,Arab_Orthodox_Movement,link,51
Robert_Altman,Michelangelo_Antonioni,link,51
Robert_Browning,Andrea_del_Sarto_(poem),link,51
Rondanini_Pietà,The_Entombment_(Michelangelo),link,51
Russian_Social_Democratic_Labour_Party_(Mensheviks),Raphael_Abramovitch,link,51
Sigmund_Freud,"Leonardo_da_Vinci,_A_Memory_of_His_Childhood",link,51
The_Fight_Song_(Marilyn_Manson_song),Suicide_of_Nicola_Ann_Raphael,link,51
Vandalism_of_Michelangelo's_Pietà,List_of_messiah_claimants,link,51
other-empty,Michelangelo_Buonarroti_the_Younger,external,51
other-empty,Raphael_Gualazzi,external,51
2026_FIFA_Series_(men's_matches),Raphael_Lea'i,link,50
Angelo_Peruzzi,Michelangelo_Rampulla,other,50
Anton_Raphael_Mengs,Ismael_Mengs,link,50
Antonio_Ciseri,Raphael,link,50
Burt_Lancaster,David_di_Donatello,link,50
Clos_Lucé,Leonardo_da_Vinci,link,50
Diana_and_Actaeon_(Titian),Diana_and_Callisto,link,50
Donatello,Ben_Starr_(actor),link,50
Donatello,Donatello_(catalogue_of_works),link,50
Donatello,Medici_(TV_series),link,50
Donatello,Santa_Croce_Crucifix_(Donatello),link,50
Injustice_2,Raphael_(Teenage_Mutant_Ninja_Turtles),link,50
John_Atkinson_Grimshaw,Pre-Raphaelite_Brotherhood,link,50
June_Diane_Raphael,The_Disaster_Artist_(film),link,50
June_Diane_Raphael,Yes_Day,link,50
List_of_statues_of_Jesus,Pietà_(Michelangelo),link,50
List_of_works_by_Leonardo_da_Vinci,Leonardo's_crossbow,link,50
List_of_works_by_Michelangelo,Crouching_Boy,link,50
Lucifer_Morningstar_(Lucifer),Raphael_(archangel),link,50
Michelangelo,Medici_Madonna,link,50
Michelangelo_(given_name),Michelangelo,link,50
Murder_in_the_First_(TV_series),Raphael_Sbarge,link,50
Pablo_Picasso,Leonardo_da_Vinci,other,50
Piazzale_Michelangelo,David_(Michelangelo),link,50
Pre-Raphaelite_Brotherhood,Medea,link,50
Raphael,Mond_Crucifixion,link,50
Raphael_Cilento,Diane_Cilento,link,50
Raphael_Rooms,Disputation_of_the_Holy_Sacrament,link,50
Raphael_Rooms,Pope_Julius_II,link,50
The_Last_Judgment_(Michelangelo),The_Feast_in_the_House_of_Levi,link,50
Tintoretto,Titian,link,50
Titian,"Self-Portrait_(Titian,_Madrid)",link,50
Two–Mona_Lisa_theory,Raphael,link,50
other-empty,Raphael_Augusto,external,50
other-empty,Raphael_Montañez_Ortiz,external,50
other-empty,Raphael_Tenthani,external,50
other-empty,"Self-Portrait_(Titian,_Berlin)",external,50
other-empty,The_Feast_of_Herod_(Donatello),external,50
other-internal,"Risen_Christ_(Michelangelo,_Santa_Maria_sopra_Minerva)",external,50
other-other,Raphael_Bob-Waksberg,external,50
other-search,Raphael_Butler,external,50
other-search,Raphael_Hayyim_Isaac_Carregal,external,50
other-search,Rest_on_the_Flight_into_Egypt_(Titian),external,50
Andrei_Tarkovsky,Michelangelo_Antonioni,link,49
Art_movement,Pre-Raphaelite_Brotherhood,link,49
Battle_of_Cascina_(Michelangelo),The_Battle_of_Anghiari_(Leonardo),link,49
Battle_of_Mondovì,Michelangelo_Alessandro_Colli-Marchi,link,49
Cardinal_virtues,Cardinal_and_Theological_Virtues_(Raphael),link,49
Donato_Bramante,Michelangelo,link,49
"Easton,_Pennsylvania",Sally_Jessy_Raphael,link,49
Europa_(consort_of_Zeus),The_Rape_of_Europa_(Titian),link,49
Folarin_Balogun,Raphael_Claus,link,49
"Francis_Egerton,_7th_Duke_of_Sutherland",Diana_and_Actaeon_(Titian),link,49
Frederic_Raphael,Two_for_the_Road_(film),link,49
Le_quattro_volte,Michelangelo_Frammartino,link,49
Leonardo_da_Vinci,Perpetual_motion,link,49
Leonardo_da_Vinci_(Isaacson_book),Walter_Isaacson,link,49
List_of_Pre-Raphaelite_paintings,Ophelia_(Millais),link,49
Michelangelo,Cumaean_Sibyl,link,49
Michelangelo,Galleria_dell'Accademia,link,49
Michelangelo_Antonioni_filmography,L'Eclisse,link,49
OpenDor_Media,Raphael_Shore,link,49
Peter_Rahal,David_(Michelangelo),link,49
Pre-Raphaelite_Brotherhood,History_painting,link,49
Raphael,Main_Page,other,49
Raphael_Bob-Waksberg,Gunn_High_School,link,49
Rob_Paulsen,Donatello_(Teenage_Mutant_Ninja_Turtles),link,49
Sally_Jessy_Raphael,Maury_(talk_show),link,49
Science_and_inventions_of_Leonardo_da_Vinci,Codex_Atlanticus,link,49
Sleeping_Cupid_(Michelangelo),Bacchus_(Michelangelo),link,49
The_Morning_Show_(American_TV_series),June_Diane_Raphael,link,49
The_Surreal_Life,Sally_Jessy_Raphael,link,49
University_of_Bologna,Michelangelo_Antonioni,link,49
Vandalism_of_Michelangelo's_Pietà,Geologist's_hammer,link,49
other-empty,Michelangelo_Unterberger,external,49
other-empty,Raphael_Finkel,external,49
other-empty,Raphael_Hayyim_Isaac_Carregal,external,49
other-empty,Raphael_Rossi,external,49
other-external,Sylvia_Raphael,external,49
other-internal,Danaë_(Titian_paintings),external,49
other-internal,Museo_Nazionale_Scienza_e_Tecnologia_Leonardo_da_Vinci,external,49
other-search,The_Punishment_of_Tityus_(Michelangelo),external,49
A_Little_Curious,Gerrianne_Raphael,link,48
Alain_Delon,Michelangelo_Antonioni,link,48
Art_theft_and_looting_during_World_War_II,Portrait_of_a_Young_Man_(Raphael),link,48
David,Donatello,link,48
"David_(Donatello,_bronze)",Cosimo_de'_Medici,link,48
David_(Michelangelo),Brit_milah,link,48
David_di_Donatello_for_Best_Film,Vermiglio_(film),link,48
Enfilade_(architecture),Raphael_Rooms,link,48
Family_Pack_(2024_film),Leonardo_da_Vinci,link,48
Fig_leaf,David_(Michelangelo),link,48
Galleria_dell'Accademia,Michelangelo,link,48
John_Njue,Raphael_S._Ndingi_Mwana_a'Nzeki,link,48
Leda_and_the_Swan,Leonardo_da_Vinci,link,48
Leonardo_da_Vinci,Ornithopter,link,48
List_of_Pre-Raphaelite_paintings,Lady_Lilith,link,48
List_of_Pre-Raphaelite_paintings,The_Beguiling_of_Merlin,link,48
List_of_works_by_Michelangelo,"Risen_Christ_(Michelangelo,_Santa_Maria_sopra_Minerva)",link,48
Michelangelo_Buonarroti_the_Younger,Michelangelo,link,48
Michelangelo_Dying,Cate_Le_Bon,link,48
Olde_English_(sketch_comedy),Raphael_Bob-Waksberg,link,48
Pietà_(Michelangelo),Vatican_City,link,48
"Portrait_of_Charles_V_(Titian,_Munich)","Charles_V,_Holy_Roman_Emperor",link,48
Portrait_of_a_Young_Man_(Raphael),Art_theft_and_looting_during_World_War_II,link,48
Pre-Raphaelite_Brotherhood,Dante's_Inferno_(1967_film),link,48
Raphael_(given_name),Raphaël_(given_name),link,48
Raphael_Bostic,Cheryl_Venable,link,48
Raphael_Obermair,1._FC_Magdeburg,link,48
Raphael_Rooms,Stanza_della_Segnatura,link,48
SS_Michelangelo,SS_Leonardo_da_Vinci_(1958),link,48
Sally_Jessy_Raphael,Montel_Williams,link,48
Sally_Jessy_Raphael,Rush_Limbaugh,link,48
Science_and_inventions_of_Leonardo_da_Vinci,Architonnerre,link,48
Science_and_inventions_of_Leonardo_da_Vinci,Double_hull,link,48
Splinter_(Teenage_Mutant_Ninja_Turtles),Michelangelo_(Teenage_Mutant_Ninja_Turtles),link,48
Suicide_of_Nicola_Ann_Raphael,Lenzie_Academy,link,48
The_Building_Worker,Michelangelo,link,48
Titian,Main_Page,other,48
Transfiguration_(Raphael),The_Raising_of_Lazarus_(Sebastiano_del_Piombo),link,48
Vandalism_of_Michelangelo's_Pietà,Steve_Ditko,link,48
other-empty,Joseph_Raphael_De_Lamar,external,48
other-empty,List_of_major_paintings_by_Masaccio,external,48
other-empty,Michelangelo_Frammartino,external,48
other-empty,Noli_me_tangere_(Titian),external,48
other-empty,Santa_Croce_Crucifix_(Donatello),external,48
other-internal,Holy_Trinity_(Masaccio),external,48
other-search,James_Raphael_Anaparambil,external,48
other-search,Raphael_House_Rudolf_Steiner_School,external,48
other-search,Raphaela_Neihausen,external,48
Arslanbek_Makhmudov,Raphael_Akpejiori,link,47
Arte_Povera,Michelangelo_Pistoletto,link,47
Book_of_Enoch,Raphael_(archangel),link,47
Broadgate_Venus,David_(Michelangelo),link,47
Caterina_di_Meo_Lippi,Leonardo_da_Vinci,link,47
David_(Michelangelo),Leonardo_da_Vinci,link,47
Donatello,Saint_Mark_(Donatello),link,47
Doula,Dana_Raphael,link,47
Equestrian_statue_of_Gattamelata,Donatello,link,47
Filippo_Brunelleschi,Masaccio,link,47
Galileo_Galilei,Leonardo_da_Vinci,other,47
Get_Involved_(Raphael_Saadiq_and_Q-Tip_song),The_PJs_(soundtrack),link,47
Heroic_nudity,David_(Michelangelo),link,47
Holinshed's_Chronicles,Raphael_Holinshed,link,47
Italian_lira,Raphael,link,47
June_Diane_Raphael,Bad_Night,link,47
June_Diane_Raphael,The_League,link,47
Leda_(mythology),Leda_and_the_Swan_(Michelangelo),link,47
Lemkin_Institute,Raphael_Lemkin,link,47
Leonardo_da_Vinci,Leonardo_DiCaprio,other,47
Leonardo_da_Vinci,Mantua,link,47
List_of_Pre-Raphaelite_paintings,Proserpine_(Rossetti),link,47
List_of_Pre-Raphaelite_paintings,The_Awakening_Conscience,link,47
List_of_paintings_by_Raphael,Resurrection_of_Christ_(Raphael),link,47
List_of_stolen_paintings,Portrait_of_a_Young_Man_(Raphael),link,47
List_of_works_by_Leonardo_da_Vinci,The_Virgin_and_Child_with_Saint_Anne_(cartoon),link,47
List_of_works_by_Michelangelo,The_Genius_of_Victory,link,47
Masaccio,Profile_Portrait_of_a_Young_Man,link,47
Personal_life_of_Leonardo_da_Vinci,Sodomy,link,47
Pietro_Aretino,The_Last_Judgment_(Michelangelo),link,47
Pre-Raphaelite_Brotherhood,Sophie_Gengembre_Anderson,link,47
Raphael,Galatea_(Raphael),link,47
Raphael,Rome,link,47
Raphael_Cilento,Charles_Thomas_McGlew,link,47
Raphael_Cormack,Marilyn_Booth,link,47
Robert_Clive,John_Raphael_(sportsman),link,47
Sally_Jessy_Raphael,Paul_Harvey,link,47
Sally_Jessy_Raphael,The_Jerry_Springer_Show,link,47
Sistine_Chapel_ceiling,List_of_works_by_Michelangelo,link,47
Sons_of_Raphael,Loral_Raphael,link,47
The_Last_Judgment_(Michelangelo),Saint_Blaise,link,47
The_Magic_Circle_(Waterhouse_paintings),Pre-Raphaelite_Brotherhood,link,47
Titian,Gentile_Bellini,link,47
Titian,Portrait_of_Federico_II_Gonzaga,link,47
Titian,Republic_of_Venice,link,47
Titian,"Self-Portrait_(Titian,_Berlin)",link,47
Titian,The_Death_of_Actaeon,link,47
Venus_Anadyomene_(Titian),Venus_Anadyomene,link,47
other-empty,David_(inspired_by_Michelangelo),external,47
other-empty,Michelangelo_Towers,external,47
other-empty,Raphael_(disambiguation),external,47
other-empty,Raphael_Chukwu,external,47
other-empty,Raphael_Evers,external,47
other-empty,Raphael_Ouzan,external,47
other-empty,Raphael_Perez,external,47
other-empty,Saint_John_the_Baptist_as_a_Boy_(Raphael),external,47
other-search,Creation_of_the_World_(Raphael),external,47
other-search,Joseph_Raphael_De_Lamar,external,47
other-search,Michelangelo_Rucci,external,47
other-search,"Portrait_of_a_Lady_(Titian,_Chicago)",external,47
other-search,Raphael_Duarte,external,47
other-search,Raphael_Evers,external,47
other-search,Raphael_Maklouf,external,47
Ambidexterity,Leonardo_da_Vinci,link,46
Anton_Raphael_Mengs,Villa_Albani,link,46
Antonis_Mor,Titian,link,46
Bastion_fort,Michelangelo,link,46
Beta_Israel,Raphael_Hadane,link,46
Capitoline_Museums,Michelangelo,link,46
Christians,Raphael,link,46
"David_(Donatello,_bronze)",Palazzo_Medici_Riccardi,link,46
David_(Michelangelo),Andrea_del_Castagno,link,46
David_(Michelangelo),Terracotta,link,46
Donatello_(Teenage_Mutant_Ninja_Turtles),Naginata,link,46
History_of_zoophilia_and_bestiality,Leda_and_the_Swan_(Michelangelo),link,46
Holy_Trinity_(Masaccio),Santa_Maria_Novella,link,46
Johann_Joachim_Winckelmann,Anton_Raphael_Mengs,link,46
Judith_and_Holofernes,Judith_and_Holofernes_(Donatello),link,46
List_of_Pre-Raphaelite_paintings,A_Converted_British_Family_Sheltering_a_Christian_Missionary_from_the_Persecution_of_the_Druids,link,46
List_of_Pre-Raphaelite_paintings,The_Death_of_Romeo_and_Juliet,link,46
List_of_works_by_Leonardo_da_Vinci,Andrea_del_Verrocchio,link,46
List_of_works_by_Michelangelo,Battle_of_Cascina_(Michelangelo),link,46
List_of_works_by_Michelangelo,The_Crucifixion_of_Saint_Peter_(Michelangelo),link,46
List_of_works_by_Michelangelo,The_Entombment_(Michelangelo),link,46
Marche,Raphael,link,46
Michelangelo_Antonioni_filmography,Story_of_a_Love_Affair,link,46
National_Gallery,Vision_of_a_Knight_(Raphael),link,46
Old_Master,Masaccio,link,46
Pazzi_conspiracy,Leonardo_da_Vinci,link,46
Personal_life_of_Leonardo_da_Vinci,Portrait_of_a_Man_in_Red_Chalk,link,46
Pietà,The_Deposition_(Michelangelo),link,46
Political_and_religious_beliefs_of_Stanley_Kubrick,Frederic_Raphael,link,46
Portrait_of_a_Young_Man_(Raphael),Wawel_Castle,link,46
Pre-Raphaelite_Brotherhood,Brotherhood_of_Ruralists,link,46
Raphael_Hostey,Jamal_Udeen_Al-Harith,link,46
Raphael_Ohin,Treaty_United_F.C.,link,46
Raphael_Onyedika,Onitsha,link,46
Raphael_Saadiq,Ali_Shaheed_Muhammad,link,46
Raphael_Samuel,Alison_Light,link,46
Raphael_Sbarge,The_History_of_Sound,link,46
Raphael_Warnock,2020–21_United_States_Senate_election_in_Georgia,other,46
Sculpture,David_(Michelangelo),link,46
The_Crucifixion_of_Saint_Peter_(Michelangelo),The_Conversion_of_Saul_(Michelangelo),link,46
The_Raft_of_the_Medusa,The_Last_Judgment_(Michelangelo),link,46
Titian_hair,Gillian_Anderson,link,46
other-empty,71st_David_di_Donatello,external,46
other-empty,Raphael_Hotel,external,46
other-internal,Raphael_Sbarge,external,46
other-search,American_Pre-Raphaelites,external,46
other-search,Clara_Raphael's_House,external,46
other-search,Michelangelo_Maestri,external,46
2026–27_Hibernian_F.C._season,Raphael_Sallinger,link,45
Arabelle_Raphael,Grooby_Productions,link,45
Domenico_Ghirlandaio,Michelangelo,link,45
Doni_Tondo,The_Entombment_(Michelangelo),link,45
Fernando_Botero,Raphael,link,45
Galileo's_middle_finger,Michelangelo,link,45
Gordon_Raphael,Is_This_It,link,45
June_Diane_Raphael,Going_the_Distance_(2010_film),link,45
June_Diane_Raphael,Parks_and_Recreation,link,45
Lebanese_Greek_Orthodox_Christians,Raphael_of_Brooklyn,link,45
Leonardo_da_Vinci,Louvre,link,45
List_of_paintings_by_Raphael,La_Fornarina,link,45
List_of_works_by_Leonardo_da_Vinci,Studies_of_the_Fetus_in_the_Womb,link,45
List_of_works_by_Michelangelo,Arca_di_San_Domenico,link,45
Michelangelo,Filippo_Brunelleschi,link,45
Michelangelo,Holy_Family,link,45
Michelangelo,San_Pietro_in_Vincoli,link,45
Michelangelo_Antonioni,Golden_Bear,link,45
Minos,The_Last_Judgment_(Michelangelo),link,45
Morehouse_College,Raphael_Warnock,link,45
Nautilus_(fictional_submarine),Raphael_Semmes,link,45
Night_Owl_(album),Raphael_Ravenscroft,link,45
Personal_life_of_Leonardo_da_Vinci,Saint_John_the_Baptist_(Leonardo),link,45
Pictures_at_Eleven,Raphael_Ravenscroft,link,45
Portrait_of_Pope_Julius_II,Raphael,link,45
Pre-Raphaelite_Brotherhood,Frederick_Sandys,link,45
Pre-Raphaelite_Brotherhood,The_Light_of_the_World_(Hunt),link,45
Raphael_(archangel),Gnosticism,link,45
Raphael_(given_name),Raphael_(Teenage_Mutant_Ninja_Turtles),link,45
Raphael_Bob-Waksberg,Adam_Ruins_Everything,link,45
Raphael_Lea'i,Marist_F.C.,link,45
Raphael_Lemkin,Mount_Hebron_Cemetery_(New_York_City),link,45
Raphael_Lemkin,Zelva_district,link,45
Raphael_Warnock,Doctor_of_Philosophy,link,45
SS_Michelangelo,Italian_Line,link,45
Saint_Matthew_(Michelangelo),Michelangelo,link,45
Sally_Jessy_Raphael,Geraldo_Rivera,link,45
Simon_of_Trent,Raphael_Levy,link,45
The_Battle_of_Anghiari_(Leonardo),Battle_of_Cascina_(Michelangelo),link,45
The_Deposition_(Michelangelo),Museo_dell'Opera_del_Duomo_(Florence),link,45
The_Jazz_Singer_(play),Samson_Raphaelson,link,45
Titian,Perseus_and_Andromeda_(Titian),link,45
Titian,Venus_and_Musician,link,45
other-empty,Michelangelo_Rampulla,external,45
other-empty,"Portrait_of_a_Young_Woman_(Raphael,_Strasbourg)",external,45
other-empty,Raphael_Miranda,external,45
other-empty,The_Concert_(Titian),external,45
other-empty,William_Raphael,external,45
other-external,Luca_della_Robbia,external,45
other-internal,Flaying_of_Marsyas_(Titian),external,45
other-search,71st_David_di_Donatello,external,45
other-search,Leonardo_da_Vinci_programme,external,45
other-search,Raphael_Schäfer,external,45
other-search,Saint_Petronius_(Michelangelo),external,45
other-search,Suite_on_Verses_of_Michelangelo_Buonarroti,external,45
other-search,Titian_Peale,external,45
other-search,Yeshiva_Rabbi_Samson_Raphael_Hirsch,external,45
8½,Michelangelo_Antonioni,link,44
Annæus_Schjødt_Jr.,Sylvia_Raphael,link,44
Athletics_at_the_2012_Summer_Olympics_–_Men's_pole_vault,Raphael_Holzdeppe,link,44
Battle_of_Mohács,Titian,link,44
Black_Monday_(TV_series),June_Diane_Raphael,link,44
Bob_Holness,Raphael_Ravenscroft,link,44
Cain_and_Abel,Titian,link,44
Cultural_history_of_the_buttocks,David_(Michelangelo),link,44
David_(Michelangelo),Doryphoros,link,44
Disputation_of_the_Holy_Sacrament,Raphael,link,44
Florence,Raphael,link,44
Governor_of_La_Union,Raphaelle_Ortega-David,link,44
Honeysuckle_Rose_(film),Mickey_Raphael,link,44
Identification_of_a_Woman,Michelangelo_Antonioni,link,44
Instant_Vintage,Raphael_Saadiq,link,44
June_Diane_Raphael,Drag_Baby_Mamas,link,44
Lady_Jane_Grey,Raphael_Holinshed,link,44
Leonardo_da_Vinci,Civil-law_notary,link,44
List_of_Pre-Raphaelite_paintings,"Rienzi_vowing_to_obtain_justice_for_the_death_of_his_young_brother,_slain_in_a_skirmish_between_the_Colonna_and_the_Orsini_factions",link,44
List_of_works_by_Michelangelo,Saint_Petronius_(Michelangelo),link,44
Main_Page,Pietà_(Michelangelo),other,44
Michelangelo,Arezzo,link,44
Michelangelo,Nicodemite,link,44
Michelangelo_Antonioni_filmography,Michelangelo_Antonioni,link,44
Michelangelo_Frammartino,Le_quattro_volte,link,44
Michelangelo_phenomenon,Looking-glass_self,link,44
New_Girl_season_1,June_Diane_Raphael,link,44
Nuremberg_trials,Raphael_Lemkin,link,44
Palazzo_Vecchio,Battle_of_Cascina_(Michelangelo),link,44
Pietro_Aretino,Titian,link,44
Pietà_(Michelangelo),Jesus,link,44
Pope_Leo_X,Raphael,link,44
"Portrait_of_Charles_V_(Titian,_Munich)",Alte_Pinakothek,link,44
Portrait_of_a_Young_Woman_with_a_Unicorn,Raphael,link,44
Raphael_(given_name),Raphael,link,44
Raphael_Rooms,The_Vision_of_the_Cross,link,44
Raphael_Saadiq,Joss_Stone,link,44
Raphael_Wallfisch,Peter_Wallfisch,link,44
Raphael_Warnock,Interstate_14,link,44
Rembrandt,Leonardo_da_Vinci,link,44
Sally_Jessy_Raphael,NBC_Talknet,link,44
Splinter_(Teenage_Mutant_Ninja_Turtles),Donatello_(Teenage_Mutant_Ninja_Turtles),link,44
Sylvia_Raphael,Ramat_HaKovesh,link,44
Teedra_Moses,Raphael_Saadiq,link,44
Teenage_Mutant_Ninja_Turtles:_Out_of_the_Shadows,Donatello_(Teenage_Mutant_Ninja_Turtles),link,44
The_Thirteenth_Tribe,Raphael_Patai,link,44
Ulysses_and_the_Sirens_(Waterhouse),Pre-Raphaelite_Brotherhood,link,44
Western_canon,Raphael,link,44
other-empty,Michelangelo_Dying,external,44
other-empty,Michelangelo_Rossi,external,44
other-empty,"Penitent_Magdalene_(Titian,_1565)",external,44
other-empty,Portrait_of_Cardinal_Alessandro_Farnese_(Titian),external,44
other-empty,Raphael_Schäfer,external,44
other-empty,"Saint_Raphael's_Cathedral_(Madison,_Wisconsin)",external,44
other-empty,Sons_of_Raphael,external,44
other-empty,St._Raphael's_Hospital,external,44
other-empty,The_Titan:_Story_of_Michelangelo,external,44
other-empty,Tsuriel_Raphael,external,44
other-external,Assumption_of_the_Virgin_(Titian),external,44
other-external,Transfiguration_(Raphael),external,44
other-search,Leonardo_da_Vinci_Art_School,external,44
other-search,Raphaela_Folie,external,44
other-search,Tobias_and_Sarah_in_Prayer_with_the_Angel_Raphael_and_the_Demon,external,44
Arabelle_Raphael,Pornhub,link,43
"Basilica_of_San_Lorenzo,_Florence",Donatello,link,43
Conservation-restoration_of_Leonardo_da_Vinci's_The_Last_Supper,The_Last_Supper_(Leonardo),link,43
Denmark_national_under-17_football_team,Raphael_Canut,link,43
Everybody_Still_Hates_Chris,Sally_Jessy_Raphael,link,43
Florence_Welch,Pre-Raphaelite_Brotherhood,link,43
Leonardo_Vinci,Leonardo_da_Vinci,link,43
Lilith_(painting),Pre-Raphaelite_Brotherhood,link,43
List_of_Pre-Raphaelite_paintings,The_Shadow_of_Death,link,43
List_of_works_by_Leonardo_da_Vinci,Lisa_del_Giocondo,link,43
Madonna_del_Cardellino,Raphael,link,43
Marie_Spartali_Stillman,Pre-Raphaelite_Brotherhood,link,43
Michael_Jordan,Michelangelo,link,43
Michelangelo,Arca_di_San_Domenico,link,43
Midnight_Marauders,Raphael_Saadiq,link,43
Raphael,Ansidei_Madonna,link,43
Raphael,Order_of_the_Golden_Spur,link,43
Raphael_Assunção,Marlon_Moraes,link,43
Raphael_S._Ndingi_Mwana_a'Nzeki,Maurice_Michael_Otunga,link,43
Sexual_intercourse,Leonardo_da_Vinci,link,43
Sistine_Chapel,Raphael,link,43
The_Deposition_(Michelangelo),Nicodemus,link,43
Transfiguration_of_Jesus_in_Christian_art,Transfiguration_(Raphael),link,43
"Versailles,_Yvelines",Arabelle_Raphael,link,43
William_Holman_Hunt,List_of_Pre-Raphaelite_paintings,link,43
other-empty,David_di_Donatello_for_Best_Screenplay,external,43
other-empty,Jacques_Raphael_Finlay,external,43
other-empty,Raphael_Tsu,external,43
other-empty,Raphaelle_Ortega-David,external,43
other-empty,Sarah_Raphael,external,43
other-empty,The_Presentation_of_the_Virgin_at_the_Temple_(Titian),external,43
other-external,Anton_Raphael_Mengs,external,43
other-internal,Raphael_Cartoons,external,43
other-search,Saint_Proculus_(Michelangelo),external,43
Adrian_Marcel,Raphael_Saadiq,link,42
Allegory_of_Prudence,The_Three_Ages_of_Man_(Titian),link,42
Angel_(Michelangelo),Sleeping_Cupid_(Michelangelo),link,42
Clarion_Project,Raphael_Shore,link,42
"David_(Donatello,_bronze)",Italian_Renaissance_sculpture,link,42
Frederic_Raphael,The_Glittering_Prizes,link,42
Gaza_genocide,Raphael_Lemkin,link,42
Gordon_Raphael,Regina_Spektor,link,42
Henry_IV_of_England,Raphael_Holinshed,link,42
House_of_Medici,The_Last_Judgment_(Michelangelo),link,42
Impasto,Titian,link,42
Injustice_2,Michelangelo_(Teenage_Mutant_Ninja_Turtles),link,42
Italian_Renaissance_painting,Masaccio,link,42
June_Diane_Raphael,Party_Down,link,42
Leonardo_da_Vinci,Albrecht_Dürer,link,42
Leonardo_da_Vinci,Imola,link,42
List_of_Pre-Raphaelite_paintings,The_Miracle_of_the_Holy_Fire_(painting),link,42
List_of_Renaissance_figures,Leonardo_da_Vinci,link,42
List_of_most_expensive_paintings,Raphael,link,42
List_of_paintings_by_Raphael,Mond_Crucifixion,link,42
List_of_works_by_Leonardo_da_Vinci,Codex_Trivulzianus,link,42
List_of_works_by_Titian,List_of_paintings_by_Thomas_Cole,link,42
Main_Page,Raphael_(archangel),other,42
Marco_Antonio_Bragadin,Flaying_of_Marsyas_(Titian),link,42
Michelangelo,Bridgewater_Madonna,link,42
Michelangelo,Donato_Bramante,link,42
Michelangelo,Garden_of_Eden,link,42
Michelangelo,Platonic_Academy_(Florence),link,42
Michelangelo_and_the_Medici,Michelangelo,link,42
Moses,Moses_(Michelangelo),link,42
Old_Master,Titian,link,42
Paul_the_Apostle,The_Conversion_of_Saul_(Michelangelo),link,42
Portrait_of_Leo_X,Raphael,link,42
Portrait_of_a_Musician,Leonardo_da_Vinci,link,42
Pre-Raphaelite_Brotherhood,Robert_Braithwaite_Martineau,link,42
Raphael,Chigi_Chapel,link,42
Raphael,Neoclassicism,link,42
Raphael_(disambiguation),Raphael_(singer),link,42
Raphael_Hostey,Neil_Christopher_Prakash,link,42
Raphael_Rowe,Old_Bailey,link,42
Raphael_Semmes,CSS_Sumter,link,42
Raphael_Semmes,USS_Somers_(1842),link,42
SS_Leonardo_da_Vinci_(1958),Italian_Line,link,42
The_Battle_of_Anghiari_(Leonardo),Leonardo_da_Vinci,link,42
The_Last_Judgment_(Michelangelo),Apollo_Belvedere,link,42
The_Last_Judgment_(Michelangelo),"Mary,_mother_of_Jesus",link,42
Titian,Pesaro_Madonna,link,42
Uffizi,Leonardo_da_Vinci,link,42
Yuval_Raphael,Eurovision_Song_Contest_2025,link,42
other-empty,Leonardo_da_Vinci_University_Center,external,42
other-empty,Michelangelo_Cerquozzi,external,42
other-empty,Raphael_S._Ndingi_Mwana_a'Nzeki,external,42
other-empty,Ziad_Raphael_Nassar,external,42
other-external,Raphael_Bob-Waksberg,external,42
other-other,Raphael,external,42
other-search,Gerrianne_Raphael,external,42
other-search,Girolamo_Michelangelo_Grigoletti,external,42
other-search,Milton_Raphael,external,42
other-search,Raphael_Holzdeppe,external,42
other-search,Raphael_Minder,external,42
other-search,Raphael_Rutman,external,42
other-search,Raphaelle_Standell-Preston,external,42
other-search,"St._Raphael's_Catholic_Church_(Springfield,_Ohio)",external,42
other-search,St._Raphael's_Hospital,external,42
other-search,St._Raphaela's_School,external,42
other-search,Île_Raphael,external,42
2020_United_States_Senate_elections,Raphael_Warnock,link,41
Caravaggio,Leonardo_da_Vinci,link,41
Centaur,Battle_of_the_Centaurs_(Michelangelo),link,41
Charlton_Heston,Moses_(Michelangelo),link,41
Coup_d'état_of_Yanaon,Dadala_Raphael_Ramanayya,link,41
"David_(Donatello,_bronze)",Judith_and_Holofernes_(Donatello),link,41
Doni_Tondo,Michelangelo,link,41
Flaying_of_Marsyas_(Titian),Kroměříž_Castle,link,41
Giancarlo_Giannini,David_di_Donatello_for_Best_Actor,link,41
Giulio_Romano,"Portrait_of_a_Young_Woman_(Raphael,_Strasbourg)",link,41
History_of_the_nude_in_art,David_(Michelangelo),link,41
Isaac_Newton,Leonardo_da_Vinci,other,41
Judith_and_Holofernes_(Donatello),Power_of_Women,link,41
June_Diane_Raphael,Girl_Most_Likely,link,41
Leon_Yehuda_Recanati,Raphael_Recanati,link,41
Leonardo_da_Vinci,Madonna_(art),link,41
Leonardo_da_Vinci,Physiognomy,link,41
List_of_Pre-Raphaelite_paintings,The_Long_Engagement,link,41
"List_of_atheists_in_film,_radio,_television_and_theatre",Michelangelo_Antonioni,link,41
List_of_missing_aircraft,St._Raphael_(aircraft),link,41
Marble_sculpture,Michelangelo,link,41
Michelangelo,"Santo_Spirito,_Florence",link,41
Michelangelo_(Teenage_Mutant_Ninja_Turtles),Teenage_Mutant_Ninja_Turtles_(1987_TV_series),link,41
Modern_art,Pre-Raphaelite_Brotherhood,link,41
Moses_(Michelangelo),Sigmund_Freud,link,41
Neoclassicism,Michelangelo_Maestri,link,41
Personal_life_of_Leonardo_da_Vinci,Portrait_of_a_Musician,link,41
Ra'anana,Yuval_Raphael,link,41
Raphael,Raphael_Cartoons,link,41
Raphael_Hostey,Ifthekar_Jaman,link,41
Raphael_Lemkin,Białystok_pogrom,link,41
Raphael_Rooms,The_Expulsion_of_Heliodorus_from_the_Temple,link,41
Raphael_Saadiq,Solange_Knowles,link,41
Raphael_Sbarge,Ed_Begley_Jr.,link,41
Raphael_Sbarge,Vision_Quest_(film),link,41
Raphael_Veiga,Coritiba_Foot_Ball_Club,link,41
Saint_George_and_the_Dragon_(Raphael),Raphael,link,41
Samson_Raphaelson,Dorothy_Wegman_Raphaelson,link,41
Santa_Maria_Gloriosa_dei_Frari,Titian,link,41
Siena_Cathedral,The_Feast_of_Herod_(Donatello),link,41
Stephen_Hawking,Raphael_Bousso,link,41
The_Last_Judgment_(Michelangelo),Vatican_City,link,41
Titian,Tintoretto,link,41
Tuscany,Leonardo_da_Vinci,link,41
United_States_Forest_Service,Raphael_Zon,link,41
Victorian_painting,Pre-Raphaelite_Brotherhood,link,41
other-empty,70th_David_di_Donatello,external,41
other-empty,Flight_into_Egypt_(Titian),external,41
other-empty,Michelangelo_Cinganelli,external,41
other-empty,Prophet_Daniel_(Michelangelo),external,41
other-empty,"Raphael,_or_The_Debauched_One",external,41
other-empty,Raphael_Afaedor,external,41
other-empty,Raphael_Douady,external,41
other-empty,Raphael_Geminder,external,41
other-empty,"The_Entombment_(Titian,_1559)",external,41
other-empty,The_Raphaels,external,41
other-empty,Tobit_Raphael,external,41
other-internal,List_of_paintings_by_Raphael,external,41
other-internal,List_of_works_by_Michelangelo,external,41
other-other,List_of_works_by_Leonardo_da_Vinci,external,41
other-search,David_di_Donatello_for_Best_Foreign_Actress,external,41
other-search,Raphael_Levy,external,41
other-search,"Self-Portrait_(Titian,_Madrid)",external,41
other-search,Violante_(Titian),external,41
2026_FIFA_World_Cup,Raphael_Claus,link,40
98th_Academy_Awards,Raphael_Saadiq,link,40
Arabelle_Raphael,Tumblr,link,40
Armenian_genocide,Raphael_Lemkin,link,40
Arthur_Hughes_(artist),Pre-Raphaelite_Brotherhood,link,40
Asia_Argento,David_di_Donatello_for_Best_Actress,link,40
August_6,Raphael_Pyrasch,link,40
Brigitte_Bardot,David_di_Donatello_for_Best_Foreign_Actress,link,40
Corey_Feldman,Donatello_(Teenage_Mutant_Ninja_Turtles),link,40
Crucifix_(Michelangelo),"Santo_Spirito,_Florence",link,40
Cyclopes,Titian,link,40
Diana_and_Actaeon_(Titian),Titian,link,40
Don_Novello,Vandalism_of_Michelangelo's_Pietà,link,40
Doom_painting,The_Last_Judgment_(Michelangelo),link,40
FC_Bayern_Munich_Junior_Team,Raphael_Pavlić,link,40
Frederic_Raphael,Coast_to_Coast_(2003_film),link,40
Galleria_Borghese,Raphael,link,40
George_Koovakad,Raphael_Thattil,link,40
House_of_Medici,Transfiguration_(Raphael),link,40
Il_Grido,Michelangelo_Antonioni,link,40
Italian_Renaissance_painting,Andrea_del_Sarto,link,40
Judith_and_Holofernes_(Donatello),Donatello,link,40
June_Diane_Raphael,Happy_Endings_(TV_series),link,40
L'Avventura,Michelangelo_Antonioni_filmography,link,40
Lady_Godiva_(painting),Pre-Raphaelite_Brotherhood,link,40
Leonardo_da_Vinci,Leonardo's_self-propelled_cart,link,40
Leonardo_da_Vinci,"Lives_of_the_Most_Excellent_Painters,_Sculptors,_and_Architects",link,40
Leonardo_da_Vinci,Optics,link,40
List_of_Mass_Effect_characters,Raphael_Sbarge,link,40
List_of_paintings_by_Raphael,The_School_of_Athens,link,40
Looting_of_Poland_in_World_War_II,Portrait_of_a_Young_Man_(Raphael),link,40
Maes_Titianus,Stone_Tower_(Ptolemy),link,40
Masaccio,Virgin_and_Child_with_Saint_Anne_(Masaccio),link,40
Michelangelo_(Teenage_Mutant_Ninja_Turtles),Kevin_Eastman,link,40
Michelangelo_Alessandro_Colli-Marchi,Battle_of_Faenza,link,40
Nicodemite,The_Deposition_(Michelangelo),link,40
Nolan_North_filmography,Raphael_(Teenage_Mutant_Ninja_Turtles),link,40
Penitent_Magdalene_(Donatello),Penitent_Magdalene,link,40
Portrait_of_a_Man_in_Red_Chalk,Lucan_portrait_of_Leonardo_da_Vinci,link,40
Portrait_of_a_Young_Man_(Raphael),The_Monuments_Men,link,40
Pre-Raphaelite_Brotherhood,Charles_Dickens,link,40
Pre-Raphaelite_Brotherhood,Frederic_Shields,link,40
Raphael,Titian,link,40
Raphael_(archangel),Paradise_Lost,link,40
Raphael_Augusto,Bashundhara_Kings,link,40
Raphael_Lemkin,German_war_crimes,link,40
Raphael_Obermair,FC_Carl_Zeiss_Jena,link,40
Raphael_Thattil,Syro-Malabar_Church,link,40
Samson_Raphael_Hirsch,Azriel_Hildesheimer,link,40
Satyr,Flaying_of_Marsyas_(Titian),link,40
Sculpture,Moses_(Michelangelo),link,40
Somnium_Scipionis,Vision_of_a_Knight_(Raphael),link,40
The_Death_of_Actaeon,Flaying_of_Marsyas_(Titian),link,40
The_Last_Judgment_(Michelangelo),Jesus,link,40
The_Last_One_for_the_Road,David_di_Donatello,link,40
The_Rape_of_Europa_(Titian),The_Abduction_of_Europa_(Rembrandt),other,40
The_Way_I_See_It,Raphael_Saadiq,link,40
Titian,David_and_Goliath_(Titian),link,40
Truth_Hurts_(singer),Raphael_Saadiq,link,40
Uffizi,Michelangelo,link,40
other-empty,David_di_Donatello_for_Best_Producer,external,40
other-empty,Judith_with_the_Head_of_Holofernes_(Titian),external,40
other-empty,Raphael_Recanati,external,40
other-empty,Raphael_Wong,external,40
other-empty,St._Raphael_the_Archangel_Catholic_Church,external,40
other-empty,Violante_(Titian),external,40
other-external,Arabelle_Raphael,external,40
other-external,List_of_works_by_Leonardo_da_Vinci,external,40
other-external,Masaccio,external,40
other-external,Morris_Raphael_Cohen,external,40
other-internal,Luca_della_Robbia,external,40
other-search,Leonardo_da_Vinci_International_Award,external,40
other-search,Raphael_Perez,external,40
other-search,Raphael_Weldon,external,40
other-search,"St_Raphael's_Church,_Surbiton",external,40
2013_World_Championships_in_Athletics_–_Men's_pole_vault,Raphael_Holzdeppe,link,39
A_Seat_at_the_Table,Raphael_Saadiq,link,39
Arabelle_Raphael,Alt_porn,link,39
Black_Men_United,Raphael_Saadiq,link,39
Dmitry_Merezhkovsky,The_Romance_of_Leonardo_da_Vinci,link,39
Donatello,Marzocco,link,39
Florence_Cathedral,Piazzale_Michelangelo,link,39
Goblin_Market,Pre-Raphaelite_Brotherhood,link,39
Gordon_Raphael,Room_on_Fire,link,39
Judith_and_Holofernes_(Donatello),Judith_beheading_Holofernes,link,39
June_Diane_Raphael,Abbott_Elementary,link,39
Leon_Black,Raphael,link,39
Leonardo_da_Vinci,Battle_of_Cascina_(Michelangelo),link,39
Leonardo_da_Vinci,Platonic_Academy_(Florence),link,39
List_of_Pre-Raphaelite_paintings,Edmund_Blair_Leighton,link,39
List_of_Pre-Raphaelite_paintings,The_Holy_Family_(Collinson_painting),link,39
List_of_art_movements,Pre-Raphaelite_Brotherhood,link,39
List_of_paintings_by_Raphael,Disputation_of_the_Holy_Sacrament,link,39
List_of_works_by_Titian,Detroit_Trio,link,39
Madonna_of_the_Harpies,Andrea_del_Sarto,link,39
Main_Page,Raphael_Saadiq,other,39
Masaccio,Desco_da_parto_(Masaccio),link,39
Michelangelo,Settignano,link,39
Michelangelo_(Teenage_Mutant_Ninja_Turtles),Ninja_Turtles:_The_Next_Mutation,link,39
Non_finito,Pietà_(Michelangelo),link,39
Pope_Benedict_XVI,The_Last_Judgment_(Michelangelo),link,39
Raphael,Borgo_(rione_of_Rome),link,39
Raphael_Assunção,Davey_Grant,link,39
Raphael_Rooms,Fresco,link,39
Raphael_Sbarge,Murder_in_the_First_(TV_series),link,39
Raphael_Semmes,Paul_Jones_Semmes,link,39
Raphael_Thattil,Archeparchy_of_Shamshabad,link,39
"Santa_Croce,_Florence",Leonardo_da_Vinci,link,39
Scandals_in_art,The_Last_Judgment_(Michelangelo),link,39
Second_Coming,The_Last_Judgment_(Michelangelo),link,39
Stoke_City_F.C._Under-21s_and_Academy,Raphael-Pijus_Otegbayo,link,39
The_Entombment_(Michelangelo),Doni_Tondo,link,39
Titian,Counter-Reformation,link,39
Titian,La_Schiavona,link,39
Tomb_of_Pope_Julius_II,Michelangelo,link,39
Treaty_United_F.C.,Raphael_Ohin,other,39
Yuval_Raphael,Keren_Peles,link,39
Zira_FK,Raphael_Utzig,link,39
other-empty,Raphael_Demos,external,39
other-empty,Raphael_Gray,external,39
other-empty,Raphael_Mazzucco,external,39
other-empty,Raphael_Tracey,external,39
other-empty,Saint_John_the_Baptist_in_the_Desert_(Raphael),external,39
other-search,David_di_Donatello_for_Best_Actress,external,39
other-search,Raphael_Cruz,external,39
other-search,Saint_John_the_Baptist_in_the_Desert_(Raphael),external,39
Île_Raphael,St._Brandon,link,39
2026_FIFA_World_Cup_officials,Raphael_Claus,link,38
Academy_Honorary_Award,Michelangelo_Antonioni,link,38
Arabelle_Raphael,Liara_Roux,other,38
Based_on_a_True_Story_(TV_series),June_Diane_Raphael,link,38
Bullying,Suicide_of_Nicola_Ann_Raphael,link,38
Capitoline_Hill,Michelangelo,link,38
Charles_Willson_Peale,Titian_Ramsay_Peale_I,link,38
Da_Vinci_Surgical_System,Leonardo_da_Vinci,link,38
David_(Michelangelo),Calcite,link,38
David_di_Donatello_for_Best_Actress,Margherita_Buy,link,38
Disputation_of_the_Holy_Sacrament,Raphael_Rooms,link,38
Donatello,Giotto,link,38
Donatello,Zuccone,link,38
Doni_Tondo,Battle_of_Cascina_(Michelangelo),link,38
Edward_Robert_Hughes,Pre-Raphaelite_Brotherhood,link,38
Expulsion_from_the_Garden_of_Eden,Masaccio,link,38
Flying_Spaghetti_Monster,Michelangelo,link,38
Genius,Leonardo_da_Vinci,link,38
June_Diane_Raphael,The_Wedding_Weekend,link,38
Leonardo_da_Vinci,Benois_Madonna,link,38
Leonardo_da_Vinci,Pablo_Picasso,link,38
List_of_megachurches_in_the_United_States,Raphael_Warnock,link,38
List_of_paintings_by_John_Everett_Millais,List_of_Pre-Raphaelite_paintings,link,38
Madonna_of_Bruges,List_of_works_by_Michelangelo,link,38
Michelangelo,Pablo_Picasso,other,38
Michelangelo_(Teenage_Mutant_Ninja_Turtles),California_English,link,38
Oxygen,Leonardo_da_Vinci,link,38
Penitent_Magdalene_(Donatello),Mary_Magdalene,link,38
Personal_life_of_Leonardo_da_Vinci,The_Baptism_of_Christ_(Verrocchio_and_Leonardo),link,38
Pre-Raphaelite_Brotherhood,James_McNeill_Whistler,link,38
Pre-Raphaelite_Brotherhood,Renaissance_art,link,38
Raphael,Disputation_of_the_Holy_Sacrament,link,38
Raphael,Villa_Farnesina,link,38
Raphael_(archangel),Smaller_midrashim,link,38
Raphael_Claus,2026_Trump–FIFA_red_card_controversy,link,38
Raphael_Guzzo,Neftçi_PFK,link,38
Raphael_Hostey,"Ahmed,_Salma_and_Zahra_Halane",link,38
Raphael_Ravenscroft,City_to_City,link,38
Raphael_Saadiq,Sheena_Easton,link,38
Raphael_Veiga,Zé_Rafael,other,38
Robinson_arithmetic,Raphael_M._Robinson,link,38
SS_United_States,SS_Leonardo_da_Vinci_(1958),link,38
Sasha_Grey,Michelangelo_Antonioni,link,38
Science_and_inventions_of_Leonardo_da_Vinci,Leonardo's_self-propelled_cart,link,38
Sin_(2019_film),Michelangelo,link,38
Sophia_Loren,David_di_Donatello,link,38
The_Death_of_Leonardo_da_Vinci,Francis_I_of_France,link,38
The_Gates_of_Hell,The_Last_Judgment_(Michelangelo),link,38
The_Greatest_Event_in_Television_History,June_Diane_Raphael,link,38
The_Last_Judgment_(Michelangelo),Daniele_da_Volterra,link,38
The_Last_Judgment_(Michelangelo),Fig_leaf,link,38
The_Parnassus,Raphael_Rooms,link,38
Vatican_City,Michelangelo,link,38
Venetian_painting,"Salome_(Titian,_Rome)",link,38
other-empty,Digital_Michelangelo_Project,external,38
other-empty,Michelangelo_Florio,external,38
other-empty,Raphael_Amit,external,38
other-empty,Raphael_David_Levine,external,38
other-internal,Michelangelo_Rampulla,external,38
other-internal,Raphael_De_Niro,external,38
other-other,Moses_(Michelangelo),external,38
other-search,Christ_Blessing_(Raphael),external,38
other-search,Michelangelo_Alessandro_Colli-Marchi,external,38
other-search,Portrait_of_Francesco_Maria_della_Rovere_(Titian),external,38
other-search,Raphael_Israeli,external,38
other-search,Raphael_Patkanian,external,38
other-search,Saint_John_the_Baptist_as_a_Boy_(Andrea_del_Sarto),external,38
other-search,"The_Crowning_with_Thorns_(Titian,_Munich)",external,38
16th_century,Leonardo_da_Vinci,link,37
70th_David_di_Donatello,71st_David_di_Donatello,link,37
Aidan_Turner,Leonardo_da_Vinci,link,37
"Allan_(footballer,_born_2004)",Raphael_Veiga,other,37
Assassination_of_Talaat_Pasha,Raphael_Lemkin,link,37
Athanasius_Kircher,Leonardo_da_Vinci,link,37
Battle_of_Faenza,Michelangelo_Alessandro_Colli-Marchi,link,37
Bō,Donatello_(Teenage_Mutant_Ninja_Turtles),link,37
Cecilia_Gallerani,Leonardo_da_Vinci,link,37
Cornelius_Vanderbilt,Raphael_Semmes,link,37
Dream_Chaser_(album),Mickey_Raphael,link,37
Elymas,Raphael_Cartoons,link,37
Eyes_Wide_Shut,Pre-Raphaelite_Brotherhood,link,37
Ezekiel,Raphael,link,37
Fanny_Hill,John_Raphael_Smith,link,37
Georgia's_congressional_delegations,Raphael_Warnock,link,37
Golden_ratio,Leonardo_da_Vinci,link,37
Harvard_Board_of_Overseers,Raphael_Bostic,link,37
Injustice_2,Donatello_(Teenage_Mutant_Ninja_Turtles),link,37
June_Diane_Raphael,Girlfriend's_Day,link,37
List_of_Pre-Raphaelite_paintings,John_Everett_Millais,link,37
List_of_Pre-Raphaelite_paintings,William_Holman_Hunt,link,37
List_of_works_by_Leonardo_da_Vinci,Codex_Madrid_(Leonardo),link,37
Luke_Cage_season_1,Raphael_Saadiq,link,37
Michelangelo,Cosimo_I_de'_Medici,link,37
Michelangelo,Flood_myth,link,37
Michelangelo,Michelangelus,link,37
Michelangelo,Paolo_Giovio,link,37
Michelangelo_Pistoletto,Arte_Povera,link,37
Omar_Benson_Miller,Raphael_(Teenage_Mutant_Ninja_Turtles),link,37
Personal_life_of_Leonardo_da_Vinci,Vitruvian_Man,link,37
Pre-Raphaelite_Brotherhood,Henry_Holiday,link,37
Pre-Raphaelite_Brotherhood,Romanticism,link,37
Pre-Raphaelite_Brotherhood,Thomas_Seddon,link,37
Raging_Abe_Simpson_and_His_Grumbling_Grandson_in_'The_Curse_of_the_Flying_Hellfish',Portrait_of_a_Young_Man_(Raphael),link,37
Raphael,The_Fire_in_the_Borgo,link,37
Raphael_(Teenage_Mutant_Ninja_Turtles),New_York_accent,link,37
Raphael_Cartoons,Raphael,link,37
Raphael_Cilento,Oodgeroo_Noonuccal,link,37
Raphael_Dwamena,KF_Egnatia,link,37
Raphael_I_Bidawid,Emmanuel_III_Delly,link,37
Raphael_Lemkin,Soghomon_Tehlirian,link,37
Raphael_Rooms,Vatican_Museums,link,37
Raphael_Warnock,Mary_Landrieu,link,37
Rembrandt_Peale,Raphaelle_Peale,link,37
Roxy_Theatre_(New_York_City),The_Michelangelo,link,37
SS_Michelangelo,Gadani_Ship_Breaking_Yard,link,37
SS_Michelangelo,Rogue_wave,link,37
Salaì,The_Life_of_Leonardo_da_Vinci,link,37
Silvana_Mangano,David_di_Donatello_for_Best_Actress,link,37
Slow_cinema,Michelangelo_Antonioni,link,37
Smokin'_in_the_Boys_Room,Mickey_Raphael,link,37
Teenage_Mutant_Ninja_Turtles_II:_The_Secret_of_the_Ooze,Michelangelo_(Teenage_Mutant_Ninja_Turtles),link,37
Teenage_Mutant_Ninja_Turtles_II:_The_Secret_of_the_Ooze,Raphael_(Teenage_Mutant_Ninja_Turtles),link,37
Titian,Italian_Renaissance,link,37
Union_Theological_Seminary,Raphael_Warnock,link,37
Vincenzo_Peruggia,Leonardo_da_Vinci,link,37
Vittorio_Mussolini,Michelangelo_Antonioni,link,37
other-empty,Gerrianne_Raphael,external,37
other-empty,Leonardo_da_Vinci_International_Award,external,37
other-empty,Nicholas_Raphael_de_Grandmaison,external,37
other-empty,Portrait_of_Francesco_Maria_della_Rovere_(Titian),external,37
other-empty,Raphael_Cruz,external,37
other-empty,"Salome_(Titian,_private_collection)",external,37
other-empty,"Self-Portrait_(Titian,_Madrid)",external,37
other-empty,Young_Man_with_an_Apple_(Raphael),external,37
other-external,Galatea_(Raphael),external,37
other-search,"Pop_Off,_Michelangelo!",external,37
other-search,Raphael_Alemão,external,37
other-search,Raphael_p'Mony_Wokorach,external,37
other-search,St._Raphael_the_Archangel_Catholic_Church,external,37
Anora,70th_David_di_Donatello,link,36
Armenian_genocide_recognition,Raphael_Lemkin,link,36
Arnold_Böcklin,Pre-Raphaelite_Brotherhood,link,36
Bacchus_(Michelangelo),Satyr,link,36
Bard_College,Raphael_Bob-Waksberg,link,36
Battle_of_Monte_Cassino,Titian,link,36
Carlo_Buonaparte,Anton_Raphael_Mengs,link,36
Charon's_obol,Pre-Raphaelite_Brotherhood,link,36
Chastity,Titian,link,36
Chigi_Chapel,Raphael,link,36
Children_of_Men,Pietà_(Michelangelo),link,36
Creativity_and_mental_health,Michelangelo,link,36
David,"David_(Donatello,_bronze)",link,36
"David_(Donatello,_bronze)",David_(Michelangelo),link,36
David_(Michelangelo),Niccolò_Machiavelli,link,36
David_(Michelangelo),Sandro_Botticelli,link,36
Ferdinand_I_of_the_Two_Sicilies,Anton_Raphael_Mengs,link,36
Goth_subculture,Pre-Raphaelite_Brotherhood,link,36
Isabella_of_Portugal,La_Gloria_(Titian),link,36
Joe_Lauzon,Raphael_Assunção,link,36
June_Diane_Raphael,Anchorman_2:_The_Legend_Continues,link,36
June_Diane_Raphael,The_High_Note,link,36
Lady_(D'Angelo_song),Raphael_Saadiq,link,36
Legitimacy_(family_law),Leonardo_da_Vinci,link,36
Leonardo_da_Vinci,Raphael_(archangel),other,36
List_of_Pre-Raphaelite_paintings,Lilith_(painting),link,36
List_of_Pre-Raphaelite_paintings,List_of_paintings_by_John_Everett_Millais,link,36
List_of_Renaissance_figures,Titian,link,36
List_of_aircraft_(pre-1914),Science_and_inventions_of_Leonardo_da_Vinci,link,36
List_of_best-selling_Latin_music_artists,Raphael_(singer),link,36
List_of_paintings_by_Raphael,Portrait_of_Tommaso_Inghirami,link,36
List_of_tallest_buildings_in_South_Africa,Michelangelo_Towers,link,36
List_of_works_by_Michelangelo,Angel_(Michelangelo),link,36
List_of_works_by_Michelangelo,Leah_(sculpture),link,36
List_of_works_by_Michelangelo,Young_Slave,link,36
Longleat,Rest_on_the_Flight_into_Egypt_(Titian),link,36
Michelangelo,Dionysus,link,36
Michelangelo_(Teenage_Mutant_Ninja_Turtles),Grappling_hook,link,36
Michelle_(Noam_Bettan_song),Yuval_Raphael,link,36
Palazzo_Vecchio,Michelangelo,link,36
Personal_life_of_Leonardo_da_Vinci,Caterina_di_Meo_Lippi,link,36
Personal_life_of_Leonardo_da_Vinci,Giorgio_Vasari,link,36
Peter_Paul_Rubens,Titian,link,36
Piazzale_Michelangelo,Oltrarno,link,36
Quattrocento,Donatello,link,36
Quicksilver_Highway,Raphael_Sbarge,link,36
Raphael,Timoteo_Viti,link,36
Raphael_(archangel),Lot_(biblical_person),link,36
Raphael_(archangel),Patron_saint,link,36
Raphael_(given_name),Raffael,link,36
Raphael_Bob-Waksberg,Conservative_Judaism,link,36
Raphael_Bob-Waksberg,Script_doctor,link,36
Raphael_Rowe,Jill_Dando,link,36
Raphael_Sbarge,Risky_Business,link,36
Santa_Maria_Gloriosa_dei_Frari,Saint_John_the_Baptist_(Donatello),link,36
Siena_Cathedral,Michelangelo,link,36
Splinter_(Teenage_Mutant_Ninja_Turtles),Raphael_(Teenage_Mutant_Ninja_Turtles),link,36
The_Death_of_Julius_Caesar_(Camuccini),The_Deposition_(Raphael),link,36
The_Deposition_(Michelangelo),Rondanini_Pietà,link,36
The_Hebrew_Goddess,Raphael_Patai,link,36
The_Rocky_Horror_Show,Sally_Jessy_Raphael,link,36
The_Shop_Around_the_Corner,Samson_Raphaelson,link,36
Titian,Woman_with_a_Mirror,link,36
Untitled_Teenage_Mutant_Ninja_Turtles:_Mutant_Mayhem_sequel,Raphael_(Teenage_Mutant_Ninja_Turtles),link,36
William_Shakespeare,Leonardo_da_Vinci,other,36
Wong_Kar-wai,Michelangelo_Antonioni,link,36
Yuval_Raphael,Eden_Golan,link,36
other-empty,Bertram_Raphael,external,36
other-empty,John_Raphael_(sportsman),external,36
other-empty,Prophet_Joel_(Michelangelo),external,36
other-empty,Raphael's_Ephemeris,external,36
other-empty,Raphael_Butler,external,36
other-empty,Raphael_Canut,external,36
other-empty,Raphael_Eristavi,external,36
other-empty,Raphael_Kühner,external,36
other-empty,Raphael_Odogwu,external,36
other-empty,Saint_John_the_Baptist_(Donatello),external,36
other-empty,Sibyls_(Raphael),external,36
other-empty,St._Raphael_(aircraft),external,36
other-external,Michelangelo_(Teenage_Mutant_Ninja_Turtles),external,36
other-external,Raphael_Warnock,external,36
other-external,Sally_Jessy_Raphael,external,36
other-internal,Raphael_Borges_Rodrigues,external,36
other-search,Michelangelo_Naccherino,external,36
other-search,Michelangelo_Simonetti,external,36
other-search,"Portrait_of_a_Man_(Titian,_New_York)",external,36
other-search,Raphael_Girard,external,36
other-search,Raphael_Tate,external,36
other-search,Saint_Louis_of_Toulouse_(Donatello),external,36
24_Hours_(ER),Raphael_Sbarge,link,35
71st_David_di_Donatello,The_Tasters,link,35
Ali_G,Sally_Jessy_Raphael,link,35
Art_of_Europe,Leonardo_da_Vinci,link,35
Baptism,Leonardo_da_Vinci,link,35
C.D._Mafra,Raphael_Rossi,link,35
Danaë_(Titian_paintings),Venus_and_Adonis_(Titian),link,35
David_(disambiguation),David_(inspired_by_Michelangelo),link,35
Donatello,Nude_(art),link,35
Euclid,Raphael,link,35
Filippo_Lippi,Masaccio,link,35
Florence_Cathedral,Michelangelo,link,35
Freaky_Tales_(film),Raphael_Saadiq,link,35
Jafar_Panahi,Michelangelo_Antonioni,link,35
Judith_and_Holofernes_(Donatello),Palazzo_Vecchio,link,35
June_Diane_Raphael,Black_Monday_(TV_series),link,35
Keeping_It_Real_Art_Critics,The_Rape_of_Europa_(Titian),link,35
Leonardo_da_Vinci,Arno,link,35
Leonardo_da_Vinci,Guild_of_Saint_Luke,link,35
Leonardo_da_Vinci,Lorenzo_de'_Medici,link,35
List_of_Chaldean_Catholic_patriarchs_of_Baghdad,Raphael_I_Bidawid,link,35
List_of_works_by_Leonardo_da_Vinci,Lucan_portrait_of_Leonardo_da_Vinci,link,35
Lucan_portrait_of_Leonardo_da_Vinci,Leonardo_da_Vinci,link,35
Madonna_del_Prato_(Raphael),Kunsthistorisches_Museum,link,35
Masaccio,List_of_major_paintings_by_Masaccio,link,35
Michelangelo_Antonioni,Italian_Social_Republic,link,35
Moses_(Michelangelo),Italian_units_of_measurement,link,35
Mount_Hebron_Cemetery_(New_York_City),Raphael_Lemkin,link,35
"Pawling_(town),_New_York",Sally_Jessy_Raphael,link,35
Pre-Raphaelite_Brotherhood,Main_Page,other,35
Raphael,Portrait_of_Baldassare_Castiglione,link,35
Raphael,Self-portrait,link,35
Raphael_(singer),Manuel_Alejandro,link,35
Raphael_Bob-Waksberg,The_Larry_Sanders_Show,link,35
Raphael_Bousso,Bousso's_holographic_bound,link,35
Raphael_Lemkin,University_of_Lviv,link,35
Raphael_Saadiq,Cowboy_Carter,link,35
Raphael_Semmes,John_McIntosh_Kell,link,35
Raphael_Wallfisch,Anita_Lasker-Wallfisch,link,35
Raphael_Warnock,Southern_United_States,link,35
Richard_Wagner,Assumption_of_the_Virgin_(Titian),link,35
Rising_Star_(Israeli_TV_series),Yuval_Raphael,link,35
SS_Leonardo_da_Vinci_(1958),SS_Andrea_Doria,link,35
Saint_George_and_the_Dragon_(Raphael),"Saint_George_(Raphael,_Louvre)",link,35
Saint_Matthew_(Michelangelo),Galleria_dell'Accademia,link,35
Science_and_inventions_of_Leonardo_da_Vinci,Mona_Lisa,link,35
Soghomon_Tehlirian,Raphael_Lemkin,link,35
"Stonebridge,_London",St_Raphael's_Estate,link,35
Stoned_(computer_virus),Michelangelo_(computer_virus),link,35
"Tall,_dark_and_handsome",David_(Michelangelo),link,35
Tapestry,Raphael_Cartoons,link,35
The_Lost_Leonardo,List_of_works_by_Leonardo_da_Vinci,link,35
Three_Graces_(Raphael),Raphael,link,35
Titian,Pietà_(Titian),link,35
other-empty,David_di_Donatello_for_Best_Supporting_Actor,external,35
other-empty,Michelangelo_Fortuzzi,external,35
other-empty,Michelangelo_Hand,external,35
other-empty,Raphael_Diaz,external,35
other-empty,Raphael_Minder,external,35
other-empty,Saint_Petronius_(Michelangelo),external,35
other-empty,St._Raphael_Academy,external,35
other-external,Vision_of_a_Knight_(Raphael),external,35
other-internal,Raphael_Nathan,external,35
other-internal,The_Tribute_Money_(Masaccio),external,35
other-search,Dovizia_(Donatello),external,35
other-search,Flight_into_Egypt_(Titian),external,35
other-search,"Madonna_and_Child_(Donatello,_Louvre)",external,35
other-search,Raphael_Wolf,external,35
71st_David_di_Donatello,Fuori,link,34
Arabelle_Raphael,Pornographic_film_actor,link,34
Arthur_Hughes_(artist),List_of_Pre-Raphaelite_paintings,link,34
Barry_Gordon,Donatello_(Teenage_Mutant_Ninja_Turtles),link,34
Battle_of_Cascina_(Michelangelo),Battle_of_Cascina,link,34
Battle_of_the_Centaurs_(Michelangelo),Crucifix_(Michelangelo),link,34
Casa_Buonarroti,Battle_of_the_Centaurs_(Michelangelo),link,34
Colonna_family,Michelangelo,link,34
Contact_lens,Leonardo_da_Vinci,link,34
"Cristiano_(footballer,_born_1981)",Raphael_Borges_Rodrigues,link,34
Danaë_(Titian_paintings),Titian,link,34
David_(Michelangelo),Andrea_Sansovino,link,34
David_(Michelangelo),Carrara,link,34
David_di_Donatello,Accademia_del_Cinema_Italiano,link,34
Diana_and_Actaeon_(Titian),Actaeon,link,34
Donatello,Pazzi_Madonna,link,34
Donatello_(Teenage_Mutant_Ninja_Turtles),Barry_Gordon,link,34
Drop_Dead_Fred,June_Diane_Raphael,link,34
Federico_Fellini,Michelangelo_Antonioni,link,34
Freaky_Styley,The_Last_Judgment_(Michelangelo),link,34
Il_buco,Michelangelo_Frammartino,link,34
Italy_in_the_Eurovision_Song_Contest,Raphael_Gualazzi,link,34
Julius_Caesar_(Andrea_Ferrucci),Brutus_(Michelangelo),link,34
June_Diane_Raphael,The_Hotwives,link,34
Kahen,Raphael_Hadane,link,34
Kissin'_You,Raphael_Saadiq,link,34
La_Belle_Ferronnière,Leonardo_da_Vinci,link,34
Larrakia_people,Raphael_Clarke,link,34
Leonardo's_aerial_screw,Science_and_inventions_of_Leonardo_da_Vinci,link,34
Leonardo_da_Vinci,Horse_and_Rider_(wax_sculpture),link,34
Leonardo_da_Vinci,Judas_Iscariot,link,34
List_of_Parks_and_Recreation_characters,June_Diane_Raphael,link,34
List_of_Pre-Raphaelite_paintings,May_Morning_on_Magdalen_Tower,link,34
List_of_Pre-Raphaelite_paintings,Stages_of_Cruelty,link,34
List_of_Pre-Raphaelite_paintings,The_Sisters_(Collinson),link,34
List_of_ThunderCats_characters,Gerrianne_Raphael,link,34
List_of_Xavier_Riddle_and_the_Secret_Museum_episodes,Michelangelo,link,34
List_of_paintings_by_Raphael,Portrait_of_Pope_Julius_II,link,34
Lovecraft_Country_(TV_series),Raphael_Saadiq,link,34
Michelangelo,Bullfinch,link,34
Michelangelo,Caravaggio,other,34
Michelangelo,The_Genius_of_Victory,link,34
Michelangelo_Antonioni,Akira_Kurosawa,link,34
National_Gallery,Aldobrandini_Madonna_(Titian),link,34
National_Gallery,Diana_and_Actaeon_(Titian),link,34
Ornithopter,Leonardo_da_Vinci,link,34
Personal_life_of_Leonardo_da_Vinci,Lorenzo_de'_Medici,link,34
Philip_Loeb,The_Michelangelo,link,34
Pontifical_Athenaeum_Dharmaram_Vidya_Kshetram,Raphael_Thattil,link,34
Pre-Raphaelite_Brotherhood,Frederic_William_Burton,link,34
Pre-Raphaelite_Brotherhood,Isabella_and_the_Pot_of_Basil,link,34
Pre-Raphaelite_Brotherhood,William_Lindsay_Windus,link,34
Proserpina,Pre-Raphaelite_Brotherhood,link,34
Raphael_M._Robinson,Julia_Robinson,link,34
Raphael_Maitimo,SC_Feyenoord,link,34
Raphael_Obermair,Prien_am_Chiemsee,link,34
Raphael_Rooms,High_Renaissance,link,34
Raphael_Warnock,Atlanta,link,34
Red_hair,Titian,link,34
Regia_Marina,Italian_battleship_Leonardo_da_Vinci,link,34
Renaissance,Raphael,link,34
Replicas_of_Michelangelo's_David,Kitsch,link,34
Sam_Riegel,Donatello_(Teenage_Mutant_Ninja_Turtles),link,34
Science_and_inventions_of_Leonardo_da_Vinci,Great_Kite,link,34
Sharknado_2:_The_Second_One,Raphael_Miranda,link,34
Sisyphus_(Titian),Sisyphus,link,34
Suicide_of_Kelly_Yeomans,Suicide_of_Nicola_Ann_Raphael,link,34
The_Arab_Mind,Raphael_Patai,link,34
The_Last_Judgment_(Michelangelo),Restoration_of_the_Sistine_Chapel_frescoes,link,34
The_Strokes,Gordon_Raphael,link,34
Titian,House_of_Habsburg,link,34
Titian_hair,Nancy_Drew,link,34
Transfiguration_(Raphael),Pope_Clement_VII,link,34
Uffizi,Titian,link,34
Untitled_Teenage_Mutant_Ninja_Turtles:_Mutant_Mayhem_sequel,Donatello_(Teenage_Mutant_Ninja_Turtles),link,34
other-empty,"Christ_and_the_Adulteress_(Titian,_Glasgow)",external,34
other-empty,David_di_Donatello_for_Best_Directorial_Debut,external,34
other-empty,John_Raphael_Rodrigues_Brandon,external,34
other-empty,Raphael_(musician),external,34
other-empty,Raphael_Hostey,external,34
other-empty,Raphael_Matthew_Chua,external,34
other-empty,Raphael_Patkanian,external,34
other-empty,Raphael_Supusepa,external,34
other-empty,Raphael_Tate,external,34
other-empty,Saint_Matthew_(Michelangelo),external,34
other-empty,"St._Raphael's_Catholic_Church_(Springfield,_Ohio)",external,34
other-empty,Yeshiva_Rabbi_Samson_Raphael_Hirsch,external,34
other-internal,Bacchus_(Michelangelo),external,34
other-internal,SS_Michelangelo,external,34
other-search,Digital_Michelangelo_Project,external,34
other-search,Michelangelo_Florio,external,34
other-search,"Raphael,_or_The_Debauched_One",external,34
other-search,Raphael_(musician),external,34
other-search,Raphael_Coxie,external,34
other-search,Raphael_Levi_Hannover,external,34
other-search,Saint_John_the_Baptist_as_a_Boy_(Raphael),external,34
other-search,The_Fall_of_Phaeton_(Michelangelo),external,34
other-search,Ziad_Raphael_Nassar,external,34
African_Orthodox_Church,Raphael_Morgan,link,33
Bloomsbury_Group,Pre-Raphaelite_Brotherhood,link,33
Catholic_Church,Leonardo_da_Vinci,link,33
David_di_Donatello,David_di_Donatello_for_Best_Foreign_Actor,link,33
David_di_Donatello_for_Best_Actress,Paola_Cortellesi,link,33
David_di_Donatello_for_Best_Actress,Sophia_Loren,link,33
Donatello,Michelozzo,link,33
Emil_Audero,Michelangelo_Rampulla,link,33
Equestrian_Portrait_of_Charles_V,Titian,link,33
Fall_of_man,The_Fall_of_Man_(Titian),link,33
Flaying_of_Marsyas_(Titian),Marco_Antonio_Bragadin,link,33
Fountain_pen,Leonardo_da_Vinci,link,33
Galatea_(Raphael),Raphael,link,33
Ginevra_de'_Benci,List_of_works_by_Leonardo_da_Vinci,link,33
Italian_Renaissance_sculpture,Pietà_(Michelangelo),link,33
Judith_and_Holofernes_(Donatello),Holofernes,link,33
June_Diane_Raphael,Isabella_Stewart_Gardner,link,33
Kazuki_Watanabe_(musician),Raphael_(band),link,33
Leonardeschi,Leonardo_da_Vinci,link,33
Leonardo_(2011_TV_series),Leonardo_da_Vinci,link,33
List_of_Pre-Raphaelite_paintings,Isabella_(Millais_painting),link,33
List_of_colors_by_shade,Titian_hair,link,33
List_of_most_expensive_paintings,Madonna_and_Child_Enthroned_with_Saints_(Raphael),link,33
List_of_paintings_by_John_William_Waterhouse,List_of_Pre-Raphaelite_paintings,link,33
"List_of_people_from_Vallejo,_California",Raphael_Cruz,link,33
List_of_works_by_Leonardo_da_Vinci,The_Holy_Infants_Embracing,link,33
List_of_works_by_Michelangelo,Saint_Matthew_(Michelangelo),link,33
List_of_works_by_Michelangelo,Saint_Proculus_(Michelangelo),link,33
"Macbeth,_King_of_Scotland",Raphael_Holinshed,link,33
Mary_Magdalene,Leonardo_da_Vinci,link,33
Michelangelo_Antonioni,Kingdom_of_Italy,link,33
Michelangelo_Antonioni,Palme_d'Or,link,33
Michelangelo_Antonioni_filmography,I_Vinti,link,33
Nazarene_movement,Pre-Raphaelite_Brotherhood,link,33
Pastoral_Concert,Titian,link,33
Piazza_della_Signoria,Donatello,link,33
Pietà_(Michelangelo),Holy_door,link,33
Portrait_of_a_Young_Man_(Raphael),Monuments_Men_and_Women_Foundation,link,33
Pre-Raphaelite_Brotherhood,James_Tissot,link,33
Pre-Raphaelite_Brotherhood,Stuckism,link,33
Raphael,Good_Friday,link,33
Raphael,Saint_Catherine_of_Alexandria_(Raphael),link,33
Raphael_Lemkin,Robert_H._Jackson,link,33
Raphael_Semmes,CSS_Virginia_II,link,33
Raphael_Veiga,Benjamín_Kuscevic,other,33
Raphael_Veiga,Marcos_Rocha,other,33
Raphael_Warnock,Racial_views_of_Donald_Trump,link,33
Rembrandt,Michelangelo,link,33
Sagrestia_Nuova,Michelangelo,link,33
Santa_Maria_della_Pace,Sibyls_(Raphael),link,33
Stanza_della_Segnatura,Cardinal_and_Theological_Virtues_(Raphael),link,33
The_Death_of_Leonardo_da_Vinci,Leonardo_da_Vinci,link,33
The_Deposition_(Michelangelo),Brutus_(Michelangelo),link,33
The_Marriage_of_the_Virgin_(Raphael),Raphael,link,33
The_Myth_of_Sisyphus,Titian,link,33
The_School_of_Athens,Cultural_references_to_Leonardo_da_Vinci,link,33
The_Ummah,Raphael_Saadiq,link,33
Titian,"The_Entombment_(Titian,_1559)",link,33
University_of_Orléans,Leonardo_da_Vinci_University_Group,link,33
Waka_Flocka_Flame,Raphael_Warnock,link,33
Yuval_Raphael,Maccabiah_Games,link,33
other-empty,Raphael-Pijus_Otegbayo,external,33
other-empty,Raphael_Falk_(geneticist),external,33
other-empty,Raphael_Maitimo,external,33
other-empty,Raphael_Reis,external,33
other-empty,Raphael_Semmes_House,external,33
other-empty,Saint_Sebastian_(Raphael),external,33
other-empty,Titian_of_Oderzo,external,33
other-empty,Visitation_(Raphael),external,33
other-internal,Frederic_Raphael,external,33
other-internal,Raphael_(disambiguation),external,33
other-internal,Raphael_Rowe,external,33
other-search,Chiaroscuro:_The_Private_Lives_of_Leonardo_da_Vinci,external,33
other-search,Holy_Trinity_(Raphael_and_Perugino),external,33
other-search,John_Raphael_Smith,external,33
other-search,Michelangelo_Anselmi,external,33
other-search,Raphael_Greenberg,external,33
other-search,Raphael_M._Robinson,external,33
other-search,Raphael_Tsu,external,33
other-search,"St._Raphael's_Cathedral,_Palakkad",external,33
other-search,Vanity_(Titian),external,33
26th_Annual_Latin_Grammy_Awards,Raphael_(singer),link,32
Anniversary_(Tony!_Toni!_Toné!_song),Raphael_Saadiq,link,32
April_O'Neil,Donatello_(Teenage_Mutant_Ninja_Turtles),link,32
August_11,Raphael_Blau,link,32
Bacchus_(Michelangelo),Raffaele_Riario,link,32
Bohemianism,Pre-Raphaelite_Brotherhood,link,32
Brutus_(Michelangelo),Marcus_Junius_Brutus,link,32
Danaë_(Klimt),Danaë_(Titian_paintings),link,32
Daniel_Patrick_Moynihan,Church_of_Sts._Cyril_&_Methodius_and_St._Raphael,link,32
David_(Michelangelo),Encaustic_painting,link,32
David_Akintola,Raphael_Onyedika,other,32
David_di_Donatello_for_Best_Actress,Valeria_Bruni_Tedeschi,link,32
Diana_and_Callisto,Diana_and_Actaeon_(Titian),link,32
Dominik_Szoboszlai,Raphael_Honigstein,link,32
Donatello,The_Feast_of_Herod_(Donatello),link,32
Donatello_(Teenage_Mutant_Ninja_Turtles),List_of_Teenage_Mutant_Ninja_Turtles_characters,link,32
Early_flying_machines,Leonardo_da_Vinci,link,32
Ennio_Morricone,David_di_Donatello,link,32
Equestrian_Portrait_of_Charles_V,"Portrait_of_Charles_V_(Titian,_Munich)",link,32
Frank_Cadogan_Cowper,Pre-Raphaelite_Brotherhood,link,32
Genocide_of_Serbs_in_the_Independent_State_of_Croatia,Raphael_Lemkin,link,32
Genocides_in_history,Raphael_Lemkin,link,32
Human_anatomy,Leonardo_da_Vinci,link,32
Italian_submarine_Leonardo_da_Vinci_(1939),RMS_Empress_of_Canada_(1920),link,32
Joseph_Raphael_De_Lamar,Alice_DeLamar,link,32
June_Diane_Raphael,Nine_Perfect_Strangers_(TV_series),link,32
Jürgen_Klopp,Raphael_Honigstein,link,32
Leonardo_da_Vinci,Annunciation,link,32
Leonardo_da_Vinci,William_Shakespeare,other,32
Liberation_of_Peter,Liberation_of_Saint_Peter_(Raphael),link,32
List_of_Pre-Raphaelite_paintings,Dante's_Dream,link,32
List_of_Pre-Raphaelite_paintings,"Take_your_Son,_Sir!",link,32
List_of_Pre-Raphaelite_paintings,The_Merciful_Knight,link,32
List_of_Star_Trek:_Voyager_characters,Raphael_Sbarge,link,32
List_of_film_awards,David_di_Donatello,link,32
List_of_most_popular_given_names,Raphael_(given_name),link,32
List_of_works_by_Titian,Danaë_(Titian_paintings),link,32
"Mary,_mother_of_Jesus",Pietà_(Michelangelo),link,32
Masculine_beauty_ideal,David_(Michelangelo),link,32
Michelangelo,Jeremiah,link,32
Michelangelo,Piero_the_Unfortunate,link,32
Michelangelo_(computer_virus),Timeline_of_computer_viruses_and_worms,link,32
Michelangelo_Antonioni,Italian_resistance_movement,link,32
Moses_(Michelangelo),Vulgate,link,32
National_Gallery,Titian,link,32
Olympia_(Manet),Titian,link,32
Phrygia,Flaying_of_Marsyas_(Titian),link,32
Pierre_Koenig,Raphael_Soriano,link,32
Pietà_(Titian),Titian,link,32
Portrait_of_Baldassare_Castiglione,Raphael,link,32
Pre-Raphaelite_Brotherhood,John_Atkinson_Grimshaw,link,32
Raphael,Court_painter,link,32
Raphael_(archangel),Brazil,link,32
Raphael_Lemkin,Axis_Rule_in_Occupied_Europe,link,32
Raphael_Ravenscroft,Stealers_Wheel,link,32
Raphael_Rooms,The_Battle_of_the_Milvian_Bridge_(Giulio_Romano),link,32
Raphael_Rooms,The_Meeting_of_Leo_the_Great_and_Attila,link,32
Raphael_Saadiq,Ledisi,link,32
Raphael_Warnock,Tommy_Tuberville,link,32
Renaissance_sculpture,Pietà_(Michelangelo),link,32
"Saint_Raphael's_Cathedral_(Madison,_Wisconsin)","St._Bernard_Catholic_Church_(Madison,_Wisconsin)",link,32
Samson_Raphael_Hirsch,Solomon_Breuer,link,32
Sariel,Raphael_(archangel),link,32
Sino-Roman_relations,Maes_Titianus,link,32
Statue,David_(Michelangelo),link,32
Teenage_Mutant_Ninja_Turtles_II:_The_Secret_of_the_Ooze,Donatello_(Teenage_Mutant_Ninja_Turtles),link,32
The_Lovers,Raphael_(archangel),link,32
The_PJs_(soundtrack),Get_Involved_(Raphael_Saadiq_and_Q-Tip_song),link,32
The_Parnassus,Raphael,link,32
The_Rape_of_Europa_(Titian),Putto,link,32
The_Raphaels,Marcus_Hummon,link,32
Tobias_and_the_Angel,Raphael_(archangel),link,32
Trouble_in_Paradise_(1932_film),Samson_Raphaelson,link,32
Untitled_Teenage_Mutant_Ninja_Turtles:_Mutant_Mayhem_sequel,Michelangelo_(Teenage_Mutant_Ninja_Turtles),link,32
Vatican_Apostolic_Archive,Michelangelo,link,32
William_James,Morris_Raphael_Cohen,link,32
You've_Got_Mail,Samson_Raphaelson,link,32
other-empty,Lucius_Salvius_Otho_Titianus,external,32
other-empty,Michelangelo_Ricci,external,32
other-empty,Raphael_Ankawa,external,32
other-empty,Raphael_Bocco,external,32
other-empty,Raphael_Maier,external,32
other-external,Piazzale_Michelangelo,external,32
other-external,The_Rape_of_Europa_(Titian),external,32
other-search,Paul_Raphael_Montford,external,32
other-search,Raphael_Haftka,external,32
other-search,"Saint_Jerome_in_Penitence_(Titian,_1552)",external,32
1755_Lisbon_earthquake,Titian,link,31
Academy_Award_for_Best_Original_Song,Raphael_Saadiq,link,31
Andrea_del_Sarto_(poem),Andrea_del_Sarto,link,31
Bab_Tuma,Raphael_of_Brooklyn,link,31
Bargello,Bacchus_(Michelangelo),link,31
Battle_of_Gettysburg_order_of_battle:_Confederate,Raphael_J._Moses,link,31
Camael,Raphael_(archangel),link,31
Cobh_Ramblers_F.C.,Raphael-Pijus_Otegbayo,link,31
Czartoryski_Museum,Portrait_of_a_Young_Man_(Raphael),link,31
David_(Michelangelo),Agostino_di_Duccio,link,31
David_di_Donatello_for_Best_Actress,Monica_Vitti,link,31
Dome_of_the_Rock,The_Marriage_of_the_Virgin_(Raphael),link,31
Donatello,Stucco,link,31
Donatello_(Teenage_Mutant_Ninja_Turtles),Okinawan_kobudō,link,31
Encomienda,Raphael_Lemkin,link,31
General_Government,Portrait_of_a_Young_Man_(Raphael),link,31
Genocide_definitions,Raphael_Lemkin,link,31
History_of_Christianity,Leonardo_da_Vinci,link,31
House_of_Music,Raphael_Saadiq,link,31
Jack_White,Michelangelo,link,31
Johannes_Vermeer,Leonardo_da_Vinci,link,31
June_Diane_Raphael,Ed_(TV_series),link,31
Killer_Mike,Raphael_Warnock,link,31
Leonardo_da_Vinci,Sfumato,link,31
Leonardo_da_Vinci,Silverpoint,link,31
List_of_Pre-Raphaelite_paintings,Cymon_and_Iphigenia_(Millais),link,31
List_of_Pre-Raphaelite_paintings,James_Collinson,link,31
List_of_Pre-Raphaelite_paintings,John_Collier_(painter),link,31
List_of_Pre-Raphaelite_paintings,L'Enfant_du_Régiment,link,31
List_of_Pre-Raphaelite_paintings,List_of_paintings_by_Edward_Burne-Jones,link,31
List_of_Pre-Raphaelite_paintings,London_Bridge_on_the_Night_of_the_Marriage_of_the_Prince_and_Princess_of_Wales,link,31
List_of_Pre-Raphaelite_paintings,The_Hireling_Shepherd,link,31
List_of_ocean_liners,SS_Leonardo_da_Vinci_(1958),link,31
List_of_works_by_Leonardo_da_Vinci,Ornithopter,link,31
List_of_works_by_Michelangelo,Siena_Cathedral,link,31
List_of_works_by_Titian,Venus_and_Musician,link,31
Madonna_della_Seggiola,Raphael,link,31
Madonna_of_the_Carnation,List_of_works_by_Leonardo_da_Vinci,link,31
Margarita_Luti,Raphael_and_La_Fornarina,link,31
Michelangelo,Chiusi_della_Verna,link,31
Michelangelo,Desiderio_da_Settignano,link,31
Michelangelo,Gian_Paolo_Lomazzo,link,31
Michelangelo,Massacre_of_the_Innocents,link,31
Michelangelo,Sack_of_Rome_(1527),link,31
Michelangelo_(Teenage_Mutant_Ninja_Turtles),Greg_Cipes,link,31
Michelangelo_Antonioni,Art_film,link,31
Michelangelo_Antonioni,Roberto_Rossellini,link,31
Michelangelo_Antonioni_filmography,Love_in_the_City_(1953_film),link,31
Mirror_writing,Leonardo_da_Vinci,link,31
Museo_del_Prado,La_Perla_(Raphael),link,31
Paolo_Renier,Michelangelo_Celesia,link,31
Parachute,Leonardo_da_Vinci,link,31
Pietà_(Michelangelo),Geologist's_hammer,link,31
Pope_Clement_VII,Raphael,link,31
Portrait_of_a_Young_Man_(Raphael),Hans_Posse,link,31
Pre-Raphaelite_Brotherhood,Joseph_Noel_Paton,link,31
Pre-Raphaelite_Brotherhood,Kate_Bunce,link,31
Raphael_Onyedika,Order_of_the_Niger,link,31
Raphael_Ravenscroft,The_Final_Cut_(album),link,31
Raphael_Rowe,Pilgrimage_(TV_series),link,31
Raphael_Saadiq_production_discography,Raphael_Saadiq,link,31
Red_Desert_(film),Michelangelo_Antonioni_filmography,link,31
Red_Headed_Stranger,Mickey_Raphael,link,31
Romanticism,Pre-Raphaelite_Brotherhood,link,31
RuPaul's_Drag_Race_season_17,June_Diane_Raphael,link,31
SS_Leonardo_da_Vinci_(1958),SS_Raffaello,link,31
Samson_Raphaelson,Bob_Rafelson,link,31
Simone_Peterzano,Titian,link,31
Sistine_Madonna,List_of_paintings_by_Raphael,link,31
Sposalizio,The_Marriage_of_the_Virgin_(Raphael),link,31
Story_of_a_Love_Affair,Michelangelo_Antonioni,link,31
Suicide_of_Nicola_Ann_Raphael,Subculture,link,31
Tetrahydrocannabinol,Raphael_Mechoulam,link,31
The_Last_Judgment_(Michelangelo),13,other,31
The_Last_Judgment_(Michelangelo),Epithets_of_Jupiter,link,31
The_Last_Judgment_(Michelangelo),Flaying,link,31
The_Last_Judgment_(Michelangelo),Saint_Lawrence,link,31
The_Ugly_Duchess,Leonardo_da_Vinci,link,31
Titian,Gian_Paolo_Lomazzo,link,31
Titian,Portrait_of_Jacopo_Sannazaro,link,31
US_Cremonese,Michelangelo_Rampulla,link,31
Vandalism_of_Michelangelo's_Pietà,Michelangelo,link,31
Villa_Farnesina,Raphael,link,31
other-empty,"Leonardo_da_Vinci_High_School_(Buffalo,_New_York)",external,31
other-empty,Max_Raphael,external,31
other-empty,Michelangelo_Albertazzi,external,31
other-empty,Michelangelo_Alessandro_Colli-Marchi,external,31
other-empty,Michelangelo_Canale,external,31
other-empty,Raphael_Carl_Lee,external,31
other-empty,Raphael_H._Cohen,external,31
other-empty,Raphael_Levi_Hannover,external,31
other-empty,Raphael_Meldola,external,31
other-empty,The_Bravo_(Titian),external,31
other-external,Flora_(Titian),external,31
other-internal,Galatea_(Raphael),external,31
other-internal,"List_of_erotica_by_George_Morland,_William_Ward_and_John_Raphael_Smith",external,31
other-internal,Raphael_Ravenscroft,external,31
other-search,Flavia_Titiana,external,31
other-search,Michelangelo_(song),external,31
other-search,Michelangelo_Sabatino,external,31
other-search,Portrait_of_Pietro_Bembo_(Raphael),external,31
other-search,Raphael_Bouju,external,31
other-search,Raphael_Finkel,external,31
other-search,Raphael_Rossi,external,31
other-search,Raphael_at_the_Vatican,external,31
other-search,The_Baptism_of_Christ_(Donatello),external,31
other-search,William_Raphael,external,31
1930_FIFA_World_Cup_squads,Raphael_Tracey,link,30
2026–27_Stoke_City_F.C._season,Raphael-Pijus_Otegbayo,other,30
71st_David_di_Donatello,Forbidden_City_(film),link,30
Alfonso_Cusi,Raphael_Lotilla,link,30
Art,Leonardo_da_Vinci,link,30
Body_image,Titian,link,30
Cannabis_in_Israel,Raphael_Mechoulam,link,30
Caprese_Michelangelo,Province_of_Arezzo,link,30
Crucifix_(Michelangelo),Saint_Petronius_(Michelangelo),link,30
"David_(Donatello,_bronze)",Goliath,link,30
David_(Michelangelo),Neoplatonism,link,30
David_di_Donatello_for_Best_Actress,Aurora_Quattrocchi,link,30
De_Humani_Corporis_Fabrica_Libri_Septem,Titian,link,30
Destiny_(streamer),Raphael_Warnock,link,30
Diocese_of_Madison,"Saint_Raphael's_Cathedral_(Madison,_Wisconsin)",link,30
Domus_Aurea,Raphael_Rooms,link,30
Don_Hewitt,Michelangelo,other,30
Donatello,Paolo_Uccello,link,30
Edward_Jenner,John_Raphael_Smith,link,30
Ezekiel,Michelangelo,link,30
Helen_of_Troy,Pre-Raphaelite_Brotherhood,link,30
Henry_E._Stebbins,SS_Leonardo_da_Vinci_(1958),link,30
Hieronymus_Bosch,Leonardo_da_Vinci,other,30
I_Think_You_Should_Leave_with_Tim_Robinson,Tobit_Raphael,link,30
Italian_Renaissance,Masaccio,link,30
June_Diane_Raphael,Flight_of_the_Conchords_(TV_series),link,30
Laocoön_and_His_Sons,Michelangelo,link,30
Leda_and_the_Swan_(Michelangelo),Michelangelo,link,30
Lenzie_Academy,Suicide_of_Nicola_Ann_Raphael,link,30
Leonardo_da_Vinci,Domenico_Ghirlandaio,link,30
Leonardo_da_Vinci,Steam_cannon,link,30
List_of_Pre-Raphaelite_paintings,Frank_Dicksee,link,30
List_of_Pre-Raphaelite_paintings,Hope_(Burne-Jones),link,30
List_of_Pre-Raphaelite_paintings,The_Violet's_Message,link,30
List_of_Real_Time_with_Bill_Maher_episodes,Raphael_Warnock,link,30
List_of_Xavier_Riddle_and_the_Secret_Museum_episodes,Leonardo_da_Vinci,link,30
List_of_ocean_liners,SS_Michelangelo,link,30
List_of_paintings_by_Raphael,Saint_Michael_Vanquishing_Satan,link,30
List_of_works_by_Leonardo_da_Vinci,Ken_Griffin_(businessman),link,30
List_of_works_by_Michelangelo,Awakening_Slave,link,30
List_of_works_by_Michelangelo,Doni_Tondo,link,30
List_of_works_by_Michelangelo,St._Peter's_Basilica,link,30
List_of_works_by_Titian,Venus_of_Urbino,link,30
Madonna_of_Bruges,Leonardo_da_Vinci,link,30
Mary_Magdalene,Penitent_Magdalene_(Donatello),link,30
Michelangelo,Bertoldo_di_Giovanni,link,30
Michelangelo_Antonioni,Golden_Lion,link,30
Michelangelo_and_the_Medici,"Lorenzo_de'_Medici,_Duke_of_Urbino",link,30
New_Girl_season_6,June_Diane_Raphael,link,30
Pederasty,Donatello,link,30
Personal_life_of_Leonardo_da_Vinci,Kite_(bird),link,30
Pietà_(Michelangelo),List_of_statues_of_Jesus,link,30
Pre-Raphaelite_Brotherhood,Frank_Dicksee,link,30
Pre-Raphaelite_Brotherhood,Henry_Wallis,link,30
Pre-Raphaelite_Brotherhood,Marian_Collier_(painter),link,30
Raphael,St._Peter's_Basilica,link,30
Raphael,Umbria,link,30
Raphael_(Teenage_Mutant_Ninja_Turtles),Kevin_Eastman,link,30
Raphael_(Teenage_Mutant_Ninja_Turtles),Sean_Astin,link,30
Raphael_Bob-Waksberg,Jewish_ceremonial_art,link,30
Raphael_Bob-Waksberg,The_Exquisite_Corpse_Project,link,30
Raphael_Hostey,Manchester_Arena_bombing,link,30
Raphael_Saadiq,Erykah_Badu,link,30
Raphael_Shore,David_Shore,link,30
Raphael_Thattil,Joseph_Kundukulam,link,30
Raphael_Warnock,Benjamin_Watson,link,30
Rebellious_Slave,Moses_(Michelangelo),link,30
Rembrandt_Peale,Titian_Peale,link,30
Saint_Michael_Vanquishing_Satan,Saint_Michael_(Raphael),link,30
Sala_delle_Asse,Leonardo_da_Vinci,link,30
Samael,Raphael_(archangel),link,30
Semitic_neopaganism,Raphael_Patai,link,30
Speculations_about_Mona_Lisa,Leonardo_da_Vinci,link,30
Sylvia_Raphael,Kibbutz,link,30
The_Crucifixion_of_Saint_Peter_(Michelangelo),Saint_Peter,link,30
The_Entombment_(Michelangelo),Manchester_Madonna,link,30
Titian,Diana_and_Callisto,link,30
Titian,Giovanni_Bellini,link,30
Titian,Realgar,link,30
Tocharians,Maes_Titianus,link,30
Urijah_Faber,Raphael_Assunção,link,30
William_Shakespeare,Michelangelo,other,30
other-empty,Chiaroscuro:_The_Private_Lives_of_Leonardo_da_Vinci,external,30
other-empty,David_di_Donatello_for_Best_Foreign_Actor,external,30
other-empty,David_di_Donatello_for_Best_Score,external,30
other-empty,Kyle_Raphael,external,30
other-empty,Raphael_Cohen,external,30
other-empty,Raphael_Levy,external,30
other-empty,Raphael_Meade,external,30
other-empty,Raphaella_Spence,external,30
other-empty,"Saint_Sebastian_(Titian,_Hermitage)",external,30
other-internal,Samson_Raphael_Hirsch,external,30
other-other,Raphael_Rooms,external,30
other-search,Michelangelo_Lovelace,external,30
other-search,Raphael_David_Levine,external,30
other-search,Raphael_Demos,external,30
other-search,Saint_Margaret_and_the_Dragon_(Titian),external,30
Édouard_Manet,Titian,link,30
Academy_Award_for_Best_Documentary_Feature_Film,The_Titan:_Story_of_Michelangelo,link,29
Annunciation_(Leonardo),List_of_works_by_Leonardo_da_Vinci,link,29
Ansaldo_(1853–1993),SS_Michelangelo,link,29
Aphrodite,Venus_Anadyomene_(Titian),link,29
Benjamin_Wallfisch,Raphael_Wallfisch,link,29
Chaim_Yosef_David_Azulai,Raphael_Isaiah_Azulai,link,29
Cultural_discourse_about_the_Gaza_genocide,Yuval_Raphael,link,29
"David_(Donatello,_bronze)",House_of_Medici,link,29
David_8,David_(Michelangelo),link,29
David_di_Donatello_for_Best_Film,Io_capitano,link,29
David_di_Donatello_for_Best_Film,The_Tasters,link,29
Flavia_Titiana,Titus_Flavius_Claudius_Sulpicianus,link,29
Galleria_Borghese,Titian,link,29
Galleria_dell'Accademia,Saint_Matthew_(Michelangelo),link,29
Gordon_Raphael,David_Kahne,link,29
Holy_Trinity_(Masaccio),Perspective_(graphical),link,29
Hongkong_and_Shanghai_Hotels,Emanuel_Raphael_Belilios,link,29
Israel_in_the_Eurovision_Song_Contest_2026,Yuval_Raphael,link,29
Italian_submarine_Leonardo_da_Vinci_(1939),BETASOM,link,29
Italy,Michelangelo,link,29
J_Dilla,Raphael_Saadiq,link,29
Jean-Auguste-Dominique_Ingres,Raphael,link,29
John_William_Waterhouse,List_of_Pre-Raphaelite_paintings,link,29
June_Diane_Raphael,Sam_Waterston,link,29
Karen_Greenlee,Sally_Jessy_Raphael,link,29
La_Scapigliata,Leonardo_da_Vinci,link,29
Leonardo's_fighting_vehicle,Science_and_inventions_of_Leonardo_da_Vinci,link,29
Leonardo_da_Vinci,Battle_of_Cascina,link,29
Leonardo_da_Vinci,Napoleon_III,link,29
Leonardo_da_Vinci,Peter_Paul_Rubens,link,29
List_of_9-1-1_characters,June_Diane_Raphael,link,29
List_of_Grace_and_Frankie_episodes,June_Diane_Raphael,link,29
List_of_Pre-Raphaelite_paintings,Edward_Burne-Jones,link,29
List_of_Pre-Raphaelite_paintings,Lady_Godiva_(painting),link,29
List_of_Pre-Raphaelite_paintings,The_Blind_Girl,link,29
List_of_Renaissance_figures,Michelangelo,link,29
List_of_common_misconceptions_about_arts_and_culture,Michelangelo,link,29
List_of_works_by_Leonardo_da_Vinci,Bacchus_(Leonardo),link,29
List_of_works_by_Leonardo_da_Vinci,"Santa_Maria_delle_Grazie,_Milan",link,29
List_of_works_by_Michelangelo,Casa_Buonarroti,link,29
List_of_works_by_Michelangelo,San_Pietro_in_Vincoli,link,29
Longmire_(TV_series),Raphael_Sbarge,link,29
Mary_Magdalene,Raphael,link,29
Maurice_White,Raphael_Saadiq,link,29
Michael_(given_name),Raphael_(archangel),link,29
Michelangelo,Enrico_Lo_Verso,link,29
Michelangelo,Henry_Moore,link,29
Michelangelo,"San_Petronio,_Bologna",link,29
Michelangelo,Teenage_Mutant_Ninja_Turtles,other,29
Pauline_Kael,Michelangelo_Antonioni,link,29
Peter_Wallfisch,Raphael_Wallfisch,link,29
Piazza_del_Campidoglio,Michelangelo,link,29
Pompeo_Batoni,Anton_Raphael_Mengs,link,29
Pre-Raphaelite_Brotherhood,Bitumen,link,29
Pre-Raphaelite_Brotherhood,Gustav_Pope,link,29
RMS_Empress_of_Canada_(1920),Italian_submarine_Leonardo_da_Vinci_(1939),link,29
Raphael,Piazza_Scossacavalli,link,29
Raphael,Sack_of_Rome_(1527),link,29
Raphael_(archangel),Intercalary_month_(Egypt),link,29
Raphael_(archangel),Supernatural_(American_TV_series),link,29
Raphael_Cormack,Mounira_El_Mahdeya,link,29
Raphael_Obermair,SK_Sturm_Graz,link,29
Raphael_Onyedika,David_Akintola,other,29
Raphael_Rooms,The_Baptism_of_Constantine,link,29
Raphael_Semmes,Alexander_Alderman_Semmes,link,29
Raphael_Warnock,African_Americans_in_the_United_States_Congress,link,29
Raphael_Warnock,Minister_(Christianity),link,29
Renaissance:_The_Blood_and_the_Beauty,Michelangelo,link,29
Renaissance_sculpture,Michelangelo,link,29
Respect_for_Marriage_Act,Raphael_Warnock,link,29
Ricki_Lake,Sally_Jessy_Raphael,link,29
Ricky_Simón,Raphael_Assunção,link,29
SS_Michelangelo,SS_Rex,link,29
Saint_John_the_Baptist_(Titian),John_the_Baptist,link,29
Samson_Raphaelson,Paul_Raphaelson,link,29
Sibyl,Sibyls_(Raphael),link,29
Siena_Cathedral,Donatello,link,29
Sisyphus,Titian,link,29
The_Deposition_(Raphael),Descent_from_the_Cross,link,29
The_Great_American_Baking_Show,June_Diane_Raphael,link,29
Tiferet,Raphael_(archangel),link,29
Umberto_Eco,Michelangelo_Antonioni,link,29
Urbino,Raphael,link,29
Werewolf_(TV_series),Raphael_Sbarge,link,29
Yuval_Raphael,One_Day_in_October,link,29
other-empty,Get_Involved_(Raphael_Saadiq_and_Q-Tip_song),external,29
other-empty,Leonardo_da_Vinci's_Vineyard,external,29
other-empty,Museo_Ideale_Leonardo_da_Vinci,external,29
other-empty,Raphael_Friedeberg,external,29
other-empty,Raphaels_Bank,external,29
other-empty,Rest_on_the_Flight_into_Egypt_(Titian),external,29
other-empty,Sacrifice_of_Isaac_(Andrea_del_Sarto),external,29
other-empty,"Saint_Jerome_in_Penitence_(Titian,_1531)",external,29
other-empty,Università_Leonardo_da_Vinci,external,29
other-internal,Judith_and_Holofernes_(Donatello),external,29
other-other,Raphael_(archangel),external,29
other-search,Hillary_Raphael,external,29
other-search,John_Raphael_(sportsman),external,29
other-search,Prophet_Joel_(Michelangelo),external,29
other-search,Raphael_Ohin,external,29
other-search,Raphael_Rakowski,external,29
2024_Copa_América,Raphael_Claus,link,28
2027_AFC_Asian_Cup_qualification_–_third_round,Raphael_Obermair,link,28
Archeparchy_of_Ernakulam–Angamaly,Raphael_Thattil,link,28
Aristotle,Raphael,link,28
Austria_at_the_2026_European_Athletics_Championships,Raphael_Pallitsch,link,28
Bartholomew_the_Apostle,Michelangelo,link,28
Battle_of_the_Centaurs_(Michelangelo),Michelangelo,link,28
Chiaroscuro,Raphael,link,28
Church_tabernacle,"St._Raphael's_Cathedral_(Dubuque,_Iowa)",link,28
Cuff_It,Raphael_Saadiq,link,28
David_(Michelangelo),Bible,link,28
David_(Verrocchio),Leonardo_da_Vinci,link,28
David_di_Donatello_for_Best_Film,Hidden_Away_(2020_film),link,28
Diogenes,Raphael,link,28
Donatello,David_(Michelangelo),link,28
Four_Horsemen_of_the_Apocalypse,Raphael_(archangel),link,28
Going_the_Distance_(2010_film),June_Diane_Raphael,link,28
Jimmy_Lee_(album),Raphael_Saadiq,link,28
L'Eclisse,Michelangelo_Antonioni_filmography,link,28
Leonardo_da_Vinci,"Head_of_a_Woman_(Leonardo,_Turin)",link,28
Leonardo_da_Vinci,Vegetarianism,link,28
List_of_Belgian_football_transfers_summer_2026,Raphael_Onyedika,link,28
List_of_Pre-Raphaelite_paintings,Ferdinand_Lured_by_Ariel,link,28
List_of_Pre-Raphaelite_paintings,List_of_paintings_by_John_William_Waterhouse,link,28
List_of_Victoria_Cross_recipients_by_nationality,Raphael_Zengel,link,28
List_of_paintings_by_Raphael,Portrait_of_Baldassare_Castiglione,link,28
List_of_universities_and_colleges_in_France,Leonardo_da_Vinci_University_Center,link,28
Love_of_My_Life_(An_Ode_to_Hip-Hop),Raphael_Saadiq,link,28
Lynnewood_Hall,"David_(Donatello,_bronze)",link,28
Masaccio,Santa_Maria_Novella,link,28
Matilda_De_Angelis,David_di_Donatello_for_Best_Actress,link,28
Matt_Willis,Raphael_Rowe,link,28
Medusa_(Leonardo),Leonardo_da_Vinci,link,28
Michelangelo_(given_name),Angelo,link,28
Mickey_Raphael,Willie_Nelson,link,28
Milan_Cathedral,Leonardo_da_Vinci,link,28
Museo_del_Prado,Raphael,link,28
North_Cobb_High_School,Donatello_Brown,link,28
Nude_(art),Michelangelo,link,28
Penitent_Magdalene,Penitent_Magdalene_(Donatello),link,28
Personal_life_of_Leonardo_da_Vinci,Andrea_del_Verrocchio,link,28
Personal_life_of_Leonardo_da_Vinci,Ludovico_Sforza,link,28
Portrait_of_a_Young_Man_(Raphael),National_Treasure:_Edge_of_History,link,28
Pre-Raphaelite_Brotherhood,George_Frederic_Watts,link,28
Pre-Raphaelite_Brotherhood,Joanna_Mary_Boyce,link,28
Pre-Raphaelite_Brotherhood,Royal_Academy_of_Arts,link,28
Raphael,Christ_Falling_on_the_Way_to_Calvary,link,28
Raphael,Portrait_of_Elisabetta_Gonzaga,link,28
Raphael_(Teenage_Mutant_Ninja_Turtles),Alan_Ritchson,link,28
Raphael_(given_name),Raffaella,link,28
Raphael_Assunção,Aljamain_Sterling,link,28
Raphael_Bob-Waksberg,Tick_(character),link,28
Raphael_Borges_Rodrigues,Western_Strikers_SC,link,28
Raphael_Cartoons,Modello,link,28
Raphael_Dwamena,Arrhythmia,link,28
Raphael_Rooms,Battle_of_Ostia_(painting),link,28
Raphael_Saadiq,Castlemont_High_School,link,28
Raphael_Samuel,History_Workshop_Journal,link,28
Raphael_Sbarge,Independence_Day_(1996_film),link,28
Raphael_Semmes,Raphael_Semmes_House,link,28
Raphael_Thattil,Eastern_Catholic_Churches,link,28
Raphael_Veiga,Grêmio_Osasco_Audax_Esporte_Clube,link,28
Raphael_of_Brooklyn,Greek_Orthodox_Patriarchate_of_Antioch,link,28
Raphael_of_Brooklyn,Orthodox_Church_in_America,link,28
Raphaël_(given_name),Raphael_(given_name),link,28
Rogue_Male_(1976_film),Frederic_Raphael,link,28
"Saint_George_(Raphael,_Louvre)",Saint_George_and_the_Dragon_(Raphael),link,28
Science_and_inventions_of_Leonardo_da_Vinci,Parachute,link,28
Sinners_(2025_film),Raphael_Saadiq,link,28
St_Raphael's_Estate,Raheem_Sterling,link,28
Teenage_Mutant_Ninja_Turtles_(1990_film),Donatello_(Teenage_Mutant_Ninja_Turtles),link,28
The_Death_of_Actaeon,Diana_and_Actaeon_(Titian),link,28
The_Jazz_Singer_(1980_film),Samson_Raphaelson,link,28
The_Marriage_of_the_Virgin_(Raphael),Marriage_of_the_Virgin_(Perugino),link,28
The_Preaching_of_the_Antichrist,The_Last_Judgment_(Michelangelo),link,28
The_Tribute_Money_(Masaccio),Brancacci_Chapel,link,28
Titian,Allegory_of_Prudence,link,28
Titian,The_Resurrected_Christ,link,28
Transfiguration_(Raphael),Narbonne_Cathedral,link,28
Venus_(mythology),Venus_Anadyomene_(Titian),link,28
other-empty,65th_David_di_Donatello,external,28
other-empty,Antonietta_Raphael,external,28
other-empty,D._D._Raphael,external,28
other-empty,David_di_Donatello_for_Best_Cinematography,external,28
other-empty,David_di_Donatello_for_Best_Foreign_Director,external,28
other-empty,La_Madonna_de_Bogota_(Raphael),external,28
other-empty,Raphael_Meldola_(rabbi),external,28
other-empty,Raphael_Pessoa,external,28
other-empty,Raphael_Spiegel,external,28
other-empty,"Saint_Jerome_in_Penitence_(Titian,_1552)",external,28
other-empty,Saint_John_the_Baptist_as_a_Boy_(Andrea_del_Sarto),external,28
other-external,Donatello_(Teenage_Mutant_Ninja_Turtles),external,28
other-external,Lochis_Madonna_(Titian),external,28
other-external,Michelangelo_Signorile,external,28
other-internal,Italian_battleship_Leonardo_da_Vinci,external,28
other-internal,Madonna_del_Prato_(Raphael),external,28
other-internal,Raphael_Holinshed,external,28
other-internal,Titian_hair,external,28
other-search,Aldobrandini_Madonna_(Titian),external,28
other-search,David_(inspired_by_Michelangelo),external,28
other-search,Michelangelo_Falvetti,external,28
other-search,Michelangelo_Palloni,external,28
other-search,Michelangelo_Towers,external,28
other-search,Raphael_Carl_Lee,external,28
other-search,Raphael_Hotel,external,28
other-search,Raphael_Martinho,external,28
other-search,Raphael_Pelcovitz,external,28
other-search,Raphael_Vieira_de_Oliveira,external,28
other-search,St._Raphael's_Girls'_Higher_Secondary_School,external,28
other-search,The_Bravo_(Titian),external,28
2014–15_AC_Milan_season,Michelangelo_Albertazzi,link,27
2024–25_Coventry_City_F.C._season,Raphael_Borges_Rodrigues,link,27
2026_European_Athletics_Championships_–_Men's_1500_metres,Raphael_Pallitsch,link,27
Acis_and_Galatea,Galatea_(Raphael),link,27
Andrea_del_Sarto,Panciatichi_Assumption,link,27
Anton_Raphael_Mengs,Anna_Maria_Mengs,link,27
Anton_Raphael_Mengs,Therese_Concordia_Maron,link,27
Bargello,Apollo_(Michelangelo),link,27
Births_in_2000,Yuval_Raphael,link,27
Bob_Rafelson,Samson_Raphaelson,link,27
Cheryl_Venable,Raphael_Bostic,link,27
Codex_Leicester,Leonardo_da_Vinci_(video_game),link,27
Damnation_(film),Michelangelo_Antonioni,link,27
David_(Michelangelo),Baccio_Bandinelli,link,27
David_(Michelangelo),Buttress,link,27
David_di_Donatello,David_di_Donatello_for_Best_Supporting_Actor,link,27
Deadman_(character),Raphael_Sbarge,link,27
Donatello,Giorgio_Vasari,link,27
Donatello,Saint_George_Freeing_the_Princess,link,27
Donatello,Saint_John_the_Baptist_(Donatello),link,27
Eleanor_Fortescue-Brickdale,Pre-Raphaelite_Brotherhood,link,27
Elizabeth_Wallfisch,Raphael_Wallfisch,link,27
Far_Cry_5,Leonardo_da_Vinci,link,27
Filippo_Brunelleschi,Holy_Trinity_(Masaccio),link,27
Florence_Cathedral,Leonardo_da_Vinci,link,27
High_Renaissance,Titian,link,27
Kate_Purdy,Raphael_Bob-Waksberg,link,27
Leonardo_da_Vinci,Constantijn_Huygens_Jr.,link,27
Leonardo_da_Vinci,"Piazza_San_Marco,_Florence",link,27
Leonardo_da_Vinci,Pietro_Perugino,link,27
Leonardo_da_Vinci_(Isaacson_book),Codex_Leicester,link,27
List_of_LGBTQ_artists,Donatello,link,27
List_of_Pre-Raphaelite_paintings,"A_Huguenot,_on_St._Bartholomew's_Day",link,27
List_of_Pre-Raphaelite_paintings,Circe_(painting),link,27
List_of_Pre-Raphaelite_paintings,"The_Escape_of_a_Heretic,_1559",link,27
List_of_Pre-Raphaelite_paintings,The_Scapegoat_(painting),link,27
List_of_paintings_by_John_William_Waterhouse,Pre-Raphaelite_Brotherhood,link,27
List_of_paintings_by_Raphael,Saint_Margaret_and_the_Dragon_(Raphael),link,27
List_of_works_by_Leonardo_da_Vinci,Martin_Kemp_(art_historian),link,27
List_of_works_by_Michelangelo,"Basilica_of_San_Lorenzo,_Florence",link,27
"Lorenzo_de'_Medici,_Duke_of_Urbino",Raphael,link,27
Luca_della_Robbia,Andrea_della_Robbia,link,27
Lucan_portrait_of_Leonardo_da_Vinci,Portrait_of_a_Man_in_Red_Chalk,link,27
Man,David_(Michelangelo),link,27
Mandaeism,Saint_John_the_Baptist_(Titian),link,27
Margarita_Luti,Raphael,link,27
Masaccio,Giorgio_Vasari,link,27
Michelangelo,Carrara_marble,link,27
Michelangelo,"Lives_of_the_Most_Excellent_Painters,_Sculptors,_and_Architects",link,27
Michelangelo,Palazzo_Vecchio,link,27
Michelangelo,Pope_Leo_X,link,27
Michelangelo_(Teenage_Mutant_Ninja_Turtles),Orange_(colour),link,27
Michelangelo_Antonioni,Andrei_Tarkovsky,link,27
Michelangelo_and_the_Medici,House_of_Medici,link,27
Mickey_Raphael,World's_Gone_Wrong,link,27
"Pantheon,_Rome",Museo_Nazionale_Scienza_e_Tecnologia_Leonardo_da_Vinci,link,27
Perseus_and_Andromeda_(Titian),Danaë_(Titian_paintings),link,27
Personal_life_of_Leonardo_da_Vinci,Codex_Atlanticus,link,27
Pietà_(Michelangelo),Chapel,link,27
Pre-Raphaelite_Brotherhood,Charles_William_Mitchell,link,27
Pre-Raphaelite_Brotherhood,Elihu_Vedder,link,27
Pre-Raphaelite_Brotherhood,James_Campbell_(artist),link,27
Pre-Raphaelite_Brotherhood,May_Morris,link,27
Raphael,Baroque,link,27
Raphael,Renaissance_in_Urbino,link,27
Raphael,Sebastiano_del_Piombo,link,27
Raphael_(Teenage_Mutant_Ninja_Turtles),Rob_Paulsen,link,27
Raphael_(Teenage_Mutant_Ninja_Turtles),TMNT_(film),link,27
Raphael_(singer),Yo_soy_aquél,link,27
Raphael_Borges_Rodrigues,Australia_men's_national_under-23_soccer_team,link,27
Raphael_Borges_Rodrigues,Melbourne_City_FC,link,27
Raphael_Mechoulam,Endocannabinoid_system,link,27
Raphael_Recanati,Michael_Recanati,link,27
Raphael_Saadiq,Ghostbusters:_Spirits_Unleashed,link,27
Raphael_Sbarge,Star_Wars:_Knights_of_the_Old_Republic_(video_game),link,27
Raphael_Semmes,"Nanjemoy,_Maryland",link,27
Raphael_Shore,OpenDor_Media,link,27
Raphael_Thattil,Kakkanad,link,27
Raphael_Wallfisch,Benjamin_Wallfisch,link,27
Raphael_Warnock,Gaza_Strip_famine,link,27
Raphael_Warnock,Right-wing_politics,link,27
Renaissance_sculpture,Donatello,link,27
SS_Michelangelo,Lido_(swimming_pool),link,27
Santa_Maria_Gloriosa_dei_Frari,Donatello,link,27
Science_and_inventions_of_Leonardo_da_Vinci,Ribauldequin,link,27
Sinners_(soundtrack),Raphael_Saadiq,link,27
Sleeping_Cupid_(Michelangelo),Palace_of_Whitehall,link,27
Societal_and_cultural_aspects_of_autism,Michelangelo,link,27
Sofonisba_Anguissola,Michelangelo,link,27
Stardust_(Willie_Nelson_album),Mickey_Raphael,link,27
Statue_of_Raphael_Semmes,Raphael_Semmes,link,27
Tales_of_the_Teenage_Mutant_Ninja_Turtles_(TV_series),Donatello_(Teenage_Mutant_Ninja_Turtles),link,27
The_Battle_of_Anghiari_(Leonardo),Holy_Trinity_(Masaccio),link,27
The_Hurlingham_Club,Adam_Raphael,link,27
The_Last_Judgment_(Michelangelo),Keys_of_Heaven,link,27
The_Last_Judgment_(Michelangelo),The_Ambassadors_(Holbein),link,27
The_Monuments_Men,Portrait_of_a_Young_Man_(Raphael),other,27
Thomas_Woolner,Pre-Raphaelite_Brotherhood,link,27
Titian,El_Greco,link,27
Titian_hair,Henna,link,27
Uffizi,Raphael,link,27
Venice,Titian,link,27
Yale_New_Haven_Hospital,Hospital_of_Saint_Raphael,link,27
Zōshigaya_Cemetery,Raphael_von_Koeber,link,27
other-empty,Aldobrandini_Madonna_(Titian),external,27
other-empty,David_di_Donatello_for_Best_European_Film,external,27
other-empty,David_di_Donatello_for_Best_Production_Design,external,27
other-empty,Flavia_Titiana,external,27
other-empty,Girolamo_Michelangelo_Grigoletti,external,27
other-empty,Jane_Raphaely,external,27
other-empty,Lennox_Raphael,external,27
other-empty,Leonardo_da_Vinci:_The_Mind_of_the_Renaissance,external,27
other-empty,Leonardo_da_Vinci_Art_Institute,external,27
other-empty,Michelangelo_(disambiguation),external,27
other-empty,Michelangelo_Anselmi,external,27
other-empty,Noli_me_tangere_(Andrea_del_Sarto),external,27
other-empty,Raphael_Holzdeppe,external,27
other-empty,Raphael_Rutman,external,27
other-empty,Raphael_Sonenshein,external,27
other-empty,Saint_Louis_of_Toulouse_(Donatello),external,27
other-empty,"Salome_(Titian,_Madrid)",external,27
other-empty,"The_Crowning_with_Thorns_(Titian,_Munich)",external,27
other-empty,Titian_Ramsay_Peale_I,external,27
other-empty,"Virgin_and_Child_with_Saints_Stephen,_Jerome_and_Maurice_(Titian,_Paris)",external,27
other-external,Holy_Trinity_(Masaccio),external,27
other-external,Raphael_Dwamena,external,27
other-internal,Perseus_and_Andromeda_(Titian),external,27
other-internal,Raphael_Claus,external,27
other-internal,Suicide_of_Nicola_Ann_Raphael,external,27
other-search,Günter_Raphael,external,27
other-search,La_Madonna_de_Bogota_(Raphael),external,27
other-search,Michelangelo_Caetani,external,27
other-search,Raphael_Cheenath,external,27
other-search,Raphael_Davis,external,27
other-search,Raphael_Woolf,external,27
other-search,St._Raphael_Provincial_Park,external,27
Étoile_(TV_series),Sons_of_Raphael,link,27
2012_AFF_Championship_squads,Raphael_Maitimo,link,26
71st_David_di_Donatello,70th_David_di_Donatello,link,26
Alexa_Wilding,Pre-Raphaelite_Brotherhood,link,26
Am_Yisrael_Chai,Yuval_Raphael,link,26
Art_Nouveau,Pre-Raphaelite_Brotherhood,link,26
Artemisia_Gentileschi,Michelangelo,link,26
Bargello,"David_(Donatello,_bronze)",link,26
"Basilica_of_San_Lorenzo,_Florence",Michelangelo,link,26
Carlo_Di_Palma,Michelangelo_Antonioni,link,26
Casa_Buonarroti,Michelangelo_Buonarroti_the_Younger,link,26
Cory_Sandhagen,Raphael_Assunção,link,26
Cultural_references_to_Leonardo_da_Vinci,Leonardo_(2021_TV_series),link,26
"David_(Donatello,_bronze)",David_(Bernini),link,26
David_(Michelangelo),Fig_leaf,link,26
David_di_Donatello_for_Best_Actress,Tecla_Insolia,link,26
Diana_and_Callisto,Titian,link,26
Donald_Davidson_(philosopher),Raphael_Demos,link,26
Girl_Most_Likely,June_Diane_Raphael,link,26
Gordon_Raphael,The_Strokes,link,26
Grand_manner,Raphael_Cartoons,link,26
Hans_Holbein_the_Younger,Leonardo_da_Vinci,link,26
Hercules_and_Cacus,David_(Michelangelo),link,26
John_Putnam_Demos,Raphael_Demos,link,26
Júnior_Assunção,Raphael_Assunção,link,26
Kaio_César,Raphael_Veiga,other,26
Lady_Dynamite,June_Diane_Raphael,link,26
Lana_Turner,David_di_Donatello,link,26
Lauren_Lapkus,June_Diane_Raphael,link,26
Le_Amiche,Michelangelo_Antonioni,link,26
Leda_and_the_Swan_(Michelangelo),Leda_and_the_Swan_(Rubens),other,26
Leonardo's_crossbow,Leonardo_da_Vinci,link,26
Leonardo_da_Vinci,Battle_of_Anghiari,link,26
Leonardo_da_Vinci,Cortile_del_Belvedere,link,26
Leonardo_da_Vinci,David_(Michelangelo),link,26
Leonardo_da_Vinci,French_Revolution,link,26
Leonardo_da_Vinci,Humorism,link,26
Leonardo_da_Vinci,Luigi_Pampaloni,link,26
Leonardo_da_Vinci,Parachute,link,26
Leonardo_da_Vinci_(2024_film),Keith_David,link,26
Leonardo_da_Vinci_(Isaacson_book),Leonardo_da_Vinci,link,26
Lilith,Pre-Raphaelite_Brotherhood,link,26
List_of_Little_Einsteins_episodes,Leonardo_da_Vinci,link,26
List_of_Pre-Raphaelite_paintings,Manfred_on_the_Jungfrau_(Madox_Brown),link,26
List_of_Pre-Raphaelite_paintings,The_Last_Sleep_of_Arthur_in_Avalon,link,26
List_of_Pre-Raphaelite_paintings,"The_Proscribed_Royalist,_1651",link,26
List_of_accolades_received_by_Sinners_(2025_film),Raphael_Saadiq,link,26
List_of_works_by_Michelangelo,Atlas_Slave,link,26
List_of_works_by_Titian,Venus_Anadyomene_(Titian),link,26
Lucius_Salvius_Otho,Lucius_Salvius_Otho_Titianus,link,26
Madonna_of_the_Yarnwinder,List_of_works_by_Leonardo_da_Vinci,link,26
Masaccio,Giotto,link,26
Masolino_da_Panicale,Virgin_and_Child_with_Saint_Anne_(Masaccio),link,26
Menasseh_Ben_Israel,Moses_Raphael_de_Aguilar,link,26
Michelangelo_Antonioni_filmography,The_Lady_Without_Camelias,link,26
Michelangelo_Rampulla,Ivano_Bordon,other,26
Miraculous_catch_of_fish,Raphael,link,26
Morris_Raphael_Cohen,Felix_S._Cohen,link,26
Noli_me_tangere_(Titian),Noli_me_tangere,link,26
Obsession:_Radical_Islam's_War_Against_the_West,Raphael_Shore,link,26
Pablo_Picasso,Michelangelo,other,26
Palazzo_Medici_Riccardi,"David_(Donatello,_bronze)",link,26
Penitent_Magdalene,"Penitent_Magdalene_(Titian,_1531)",link,26
Pete_Williams_(journalist),Michelangelo_Signorile,link,26
Pierfrancesco_Favino,David_di_Donatello,link,26
Pietà_(Michelangelo),List_of_minor_planets:_274001–275000,link,26
Pietà_(Michelangelo),Saint_Sebastian,link,26
Pope_Clement_VII,Leonardo_da_Vinci,link,26
Portrait_of_Isabella_of_Portugal_(Titian),Isabella_of_Portugal,link,26
Portrait_of_Pope_Paul_III_(Titian),Titian,link,26
Pre-Raphaelite_Brotherhood,Arts_and_Crafts_movement,link,26
Raphael,Giulio_Romano,link,26
Raphael_(Teenage_Mutant_Ninja_Turtles),Okinawan_kobudō,link,26
Raphael_(given_name),Raffaello,link,26
Raphael_(singer),Province_of_Jaén_(Spain),link,26
Raphael_Assunção,Cory_Sandhagen,link,26
Raphael_Borges_Rodrigues,Maastricht,link,26
Raphael_Holzhauser,KSK_Beveren,link,26
Raphael_Lea'i,OFC_Professional_League,link,26
Raphael_Nathan,Ra'anana,link,26
Raphael_Rooms,The_Coronation_of_Charlemagne,link,26
Raphael_Saadiq,En_Vogue,link,26
Raphael_Success,FC_Zhetysu,link,26
Raphael_Warnock,Incumbent,link,26
Raphael_Warnock,Title_42_expulsion,link,26
Raphael_of_Brooklyn,Joseph_of_Damascus,link,26
Renaissance,Masaccio,link,26
Replicas_of_Michelangelo's_David,Piazzale_Michelangelo,link,26
SS_Cristoforo_Colombo,SS_Michelangelo,link,26
Saint_George's_Day,Saint_George_and_the_Dragon_(Raphael),link,26
Salaì,Chiaroscuro:_The_Private_Lives_of_Leonardo_da_Vinci,link,26
Sally_Jessy_Raphael,Larry_King,link,26
Science_and_inventions_of_Leonardo_da_Vinci,Helicopter,link,26
Science_and_inventions_of_Leonardo_da_Vinci,List_of_works_by_Leonardo_da_Vinci,link,26
Self-portrait_(Raphael),Raphael,link,26
Sonar,Leonardo_da_Vinci,link,26
Suicide_of_Nicola_Ann_Raphael,Marilyn_Manson,link,26
The_Crucifixion_of_Saint_Peter_(Michelangelo),Cappella_Paolina,link,26
The_Inventor_(2023_film),Leonardo_da_Vinci,link,26
The_Marriage_of_the_Virgin_(Raphael),Pinacoteca_di_Brera,link,26
The_Rape_of_Europa_(Titian),The_Death_of_Actaeon,link,26
The_Virgin_and_Child_with_Saint_Anne_and_Saint_John_the_Baptist,Leonardo_da_Vinci,link,26
The_Wedding_at_Cana_(Veronese),Leonardo_da_Vinci,link,26
Three_Graces_(Raphael),Charites,link,26
Titian,Christ_Carrying_the_Cross_(Titian),link,26
Titian_Ramsay_Peale_I,Titian_Peale,link,26
Waterloo_(1970_film),David_di_Donatello_for_Best_Film,link,26
Wright_brothers,Leonardo_da_Vinci,link,26
other-empty,Herbert_Raphael,external,26
other-empty,Moses_Raphael_de_Aguilar,external,26
other-empty,"Portrait_of_Charles_V_(Titian,_Naples)",external,26
other-empty,"Portrait_of_a_Lady_(Titian,_Chicago)",external,26
other-empty,Raphael_Holzhauser,external,26
other-empty,Raphael_Xavier,external,26
other-empty,Raphael_p'Mony_Wokorach,external,26
other-empty,Saint_Dominic_(Titian),external,26
other-external,Lucan_portrait_of_Leonardo_da_Vinci,external,26
other-external,Vandalism_of_Michelangelo's_Pietà,external,26
other-internal,Diana_and_Actaeon_(Titian),external,26
other-other,Replicas_of_Michelangelo's_David,external,26
other-search,David_di_Donatello_for_Best_Actor,external,26
other-search,Joseph_Raphael,external,26
other-search,Leonardo_da_Vinci_(video_game),external,26
other-search,Michelangelo_Canale,external,26
other-search,Raphael_Chegeni,external,26
other-search,Raphael_Meldola,external,26
other-search,Raphael_Pyrasch,external,26
1996_UEFA_Champions_League_final,Michelangelo_Rampulla,link,25
2025–26_Scottish_Premiership,Raphael_Sallinger,link,25
2026_in_film,71st_David_di_Donatello,link,25
305_mm/46_Model_1909,Italian_battleship_Leonardo_da_Vinci,link,25
71st_David_di_Donatello,Five_Seconds,link,25
71st_David_di_Donatello,La_grazia,link,25
A_hundred_Italian_films_to_be_saved,Michelangelo_Antonioni,link,25
Abraham_Geiger,Samson_Raphael_Hirsch,link,25
Ananias_and_Sapphira,Raphael_Cartoons,link,25
Andrea_della_Robbia,Luca_della_Robbia,link,25
Angels_in_Judaism,Raphael_(archangel),link,25
Années_de_pèlerinage,The_Marriage_of_the_Virgin_(Raphael),link,25
Arabelle_Raphael,San_Francisco_Bay_Area,link,25
Bacchus_and_Ariadne,Raphael,link,25
Blowup,Michelangelo_Antonioni_filmography,link,25
Borgia_Apartments,Raphael_Rooms,link,25
Chateau_Marmont,Leonardo_da_Vinci,link,25
Cinema_of_Italy,Michelangelo_Antonioni,link,25
Codex_Leicester,Museo_Ideale_Leonardo_da_Vinci,link,25
Cosimo_de'_Medici,Judith_and_Holofernes_(Donatello),link,25
Daphne_Patai,Raphael_Patai,link,25
David_(Michelangelo),Cosimo_de'_Medici,link,25
David_(Michelangelo),Nanni_di_Banco,other,25
David_Perdue,Raphael_Warnock,link,25
David_di_Donatello_for_Best_Actor,Elio_Germano,link,25
Donatello,Relief,link,25
Donatello_(Teenage_Mutant_Ninja_Turtles),Qigong,link,25
"Dubuque,_Iowa","St._Raphael's_Cathedral_(Dubuque,_Iowa)",link,25
Ecce_homo,Titian,link,25
Gunn_High_School,Raphael_Bob-Waksberg,link,25
Hutton_Gibson,Raphael_I_Bidawid,link,25
Imperia_Cognati,Galatea_(Raphael),link,25
Inflatable_(Better_Call_Saul),Raphael_Sbarge,link,25
Isabella_Stewart_Gardner,Titian,link,25
Isleworth_Mona_Lisa,Leonardo_da_Vinci,link,25
Italian_Renaissance_sculpture,Donatello,link,25
James_Collinson,List_of_Pre-Raphaelite_paintings,link,25
James_McNeill_Whistler,Pre-Raphaelite_Brotherhood,link,25
John_Singer_Sargent,Titian,link,25
Josh_Brener,Donatello_(Teenage_Mutant_Ninja_Turtles),link,25
Leonardo_da_Vinci,Cultural_icon,link,25
Leonardo_da_Vinci,Fetus,link,25
Leonardo_da_Vinci,Genetic_genealogy,link,25
Leonardo_da_Vinci,Natural_philosophy,link,25
List_of_Pre-Raphaelite_paintings,Annie_Miller,link,25
List_of_Pre-Raphaelite_paintings,Bubbles_(painting),link,25
List_of_Pre-Raphaelite_paintings,Ecce_Ancilla_Domini!,link,25
List_of_Pre-Raphaelite_paintings,Esther_(Millais),link,25
List_of_Pre-Raphaelite_paintings,The_Golden_Stairs,link,25
List_of_council_estates_in_the_United_Kingdom,St_Raphael's_Estate,link,25
"List_of_erotica_by_George_Morland,_William_Ward_and_John_Raphael_Smith",List_of_erotica_by_Thomas_Rowlandson,link,25
List_of_paintings_by_Raphael,Christ_Blessing_(Raphael),link,25
List_of_paintings_by_Raphael,Madonna_del_Cardellino,link,25
List_of_works_by_Michelangelo,Galleria_dell'Accademia,link,25
List_of_works_by_Titian,Noli_me_tangere_(Titian),link,25
Looking-glass_self,Michelangelo_phenomenon,link,25
Lost_artworks,Raphael,link,25
Main_Page,Masaccio,other,25
Mass_Effect_(video_game),Raphael_Sbarge,link,25
Massimo_Taibi,Michelangelo_Rampulla,link,25
Michelozzo,Donatello,link,25
Museo_dell'Opera_del_Duomo_(Florence),The_Deposition_(Michelangelo),link,25
NBC_Talknet,Sally_Jessy_Raphael,link,25
Neo_soul,Raphael_Saadiq,link,25
Nicodemite,Michelangelo,link,25
Noam_Bettan,Yuval_Raphael,link,25
Ophite_Diagrams,Raphael_(archangel),link,25
Patron_saints_of_places,Raphael_(archangel),link,25
Peter_S._Beagle,Raphael_Soyer,link,25
Piazzale_Michelangelo,Michelangelo,link,25
Pietà_(Michelangelo),Canonical_coronation,link,25
Pieve_di_Cadore,Titian,link,25
Portrait_of_Henry_VIII,Titian,link,25
Portrait_of_Ranuccio_Farnese,Titian,link,25
Pre-Raphaelite_Brotherhood,Charles_Edward_Hallé,link,25
Pre-Raphaelite_Brotherhood,John_Keats,link,25
Raphael,Last_rites,link,25
Raphael_(archangel),Date_A_Live,link,25
Raphael_Claus,Pierluigi_Collina,link,25
Raphael_De_Niro,The_Real_Deal_(magazine),link,25
Raphael_Lemkin,History_of_the_Jews_in_Poland,link,25
Raphael_Lemkin,Simele_massacre,link,25
Raphael_Lotilla,Sharon_Garin,link,25
Raphael_Ravenscroft,Night_Owl_(album),link,25
Raphael_Rooms,The_Mass_at_Bolsena,link,25
Raphael_Saadiq,Higher_Learning,link,25
Raphael_Sallinger,Hibernian_F.C.,link,25
Raphael_Wallfisch,Simon_Wallfisch,link,25
Raphael_Warnock,Abyssinian_Baptist_Church,link,25
Raphael_Warnock,John_Lewis_Voting_Rights_Act,link,25
Renaissance_architecture,Michelangelo,link,25
Rise_of_the_Teenage_Mutant_Ninja_Turtles:_The_Movie,Raphael_(Teenage_Mutant_Ninja_Turtles),link,25
"Risen_Christ_(Michelangelo,_Santa_Maria_sopra_Minerva)",Crouching_Boy,link,25
Robbie_Rist,Michelangelo_(Teenage_Mutant_Ninja_Turtles),link,25
Rondanini_Pietà,List_of_works_by_Michelangelo,link,25
Saint_John_the_Baptist_(Leonardo),List_of_works_by_Leonardo_da_Vinci,link,25
Sepia_(color),Leonardo_da_Vinci,link,25
Sfumato,Raphael,link,25
Sistine_Chapel,Raphael_Cartoons,link,25
"St._Raphael's_Cathedral_(Dubuque,_Iowa)","Dubuque,_Iowa",link,25
Stanza_della_Segnatura,Raphael,link,25
The_Entombment_(Michelangelo),The_Torment_of_Saint_Anthony,link,25
The_Last_Judgment_(Michelangelo),Sebastiano_del_Piombo,link,25
The_Meeting_of_Leo_the_Great_and_Attila,Raphael,link,25
The_Unsafe_House,The_Rape_of_Europa_(Titian),link,25
There's_No_Such_Thing_as_Vampires,Raphael_Sbarge,link,25
Titian,"Saint_Jerome_in_Penitence_(Titian,_1552)",link,25
Titian,The_Gypsy_Madonna,link,25
Touched_by_an_Angel,Sally_Jessy_Raphael,link,25
Victor_Henry_(fighter),Raphael_Assunção,link,25
Yuval_Raphael,Rising_Star_(Israeli_TV_series),link,25
other-empty,Christ_Blessing_(Raphael),external,25
other-empty,David_di_Donatello_for_Best_Costumes,external,25
other-empty,Italian_submarine_Leonardo_da_Vinci_(S_520),external,25
other-empty,Leonardo_da_Vinci:_The_Flights_of_the_Mind,external,25
other-empty,Leonardo_da_Vinci_Medal,external,25
other-empty,Lev_Raphael,external,25
other-empty,Michelangelo_Caetani,external,25
other-empty,Paul_Raphaelson,external,25
other-empty,Portrait_of_Cardinal_Bibbiena_(Raphael),external,25
other-empty,Raphael_Luz,external,25
other-empty,Raphael_Magyezi,external,25
other-empty,Raphael_Maklouf,external,25
other-empty,Raphael_von_Koeber,external,25
other-empty,Seven_Sonnets_of_Michelangelo,external,25
other-empty,"St._Raphael's_Cathedral,_Palakkad",external,25
other-empty,"St._Raphael's_College,_Loughrea",external,25
other-empty,St._Raphael's_Edible_Garden,external,25
other-external,Personal_life_of_Leonardo_da_Vinci,external,25
other-external,Raphael_Lemkin,external,25
other-internal,Caprese_Michelangelo,external,25
other-internal,Michelangelo_Pistoletto,external,25
other-internal,Michelangelo_phenomenon,external,25
other-internal,Raphael_Lea'i,external,25
other-internal,Raphael_Patai,external,25
other-internal,Raphael_of_Brooklyn,external,25
other-internal,Saint_Raphael,external,25
other-internal,The_Entombment_(Michelangelo),external,25
other-other,The_Life_of_Leonardo_da_Vinci,external,25
other-search,Donatello_(singer),external,25
other-search,Madonna_del_Sacco_(Andrea_del_Sarto),external,25
other-search,Michelangelo_Hand,external,25
other-search,Ralph_Raphael,external,25
other-search,Raphael_Ensemble,external,25
other-search,Raphael_Falk_(geneticist),external,25
other-search,Raphael_Meldola_(rabbi),external,25
other-search,Raphael_Pallitsch,external,25
117th_United_States_Congress,Raphael_Warnock,link,24
2025–26_Wigan_Athletic_F.C._season,Raphael_Borges_Rodrigues,link,24
71st_David_di_Donatello,Sweetheart_(2025_film),link,24
A_Woman_Bathing_in_a_Stream,Diana_and_Actaeon_(Titian),other,24
Aleks_Le,Michelangelo_(Teenage_Mutant_Ninja_Turtles),link,24
Andrea_del_Sarto,Andrea_del_Sarto_(poem),link,24
Andrea_del_Sarto,Mannerism,link,24
Andrea_del_Sarto,Noli_me_tangere_(Andrea_del_Sarto),link,24
Anne_of_Cleves,Raphael_Holinshed,link,24
Anton_Raphael_Mengs,Johann_Joachim_Winckelmann,link,24
Archeparchy_of_Kottayam,Raphael_Thattil,link,24
Battle_of_Cascina_(Michelangelo),Palazzo_Vecchio,link,24
Bearing_(mechanical),Leonardo_da_Vinci,link,24
Biagio_da_Cesena,Michelangelo,link,24
Brady_Noon,Raphael_(Teenage_Mutant_Ninja_Turtles),link,24
Cabinet_of_Bongbong_Marcos,Raphael_Lotilla,link,24
Cate_Le_Bon_discography,Michelangelo_Dying,link,24
Chimes_at_Midnight,Raphael_Holinshed,link,24
"Chung_Kuo,_Cina",Michelangelo_Antonioni,link,24
David_(Michelangelo),Giorgio_Vasari,link,24
David_(Michelangelo),Palazzo_Vecchio,link,24
David_di_Donatello,David_di_Donatello_for_Best_Foreign_Actress,link,24
David_di_Donatello_for_Best_Film,Five_Seconds,link,24
Diana_and_Actaeon_(Titian),Diana_(mythology),link,24
Donatello,Antonio_Manetti,link,24
Donatello,Tomb_of_Cardinal_Rainaldo_Brancaccio,link,24
Eurovision_Song_Contest_1966,Raphael_(singer),link,24
Eurovision_Song_Contest_2011,Raphael_Gualazzi,link,24
Fallen_angel,Raphael_(archangel),link,24
February_18,Michelangelo_Cerquozzi,link,24
Franco_Zeffirelli,Leonardo_da_Vinci,link,24
Frederic_Raphael,The_King's_Whore,link,24
Galatea_(Raphael),Imperia_Cognati,link,24
Galleria_Nazionale_d'Arte_Antica,Venus_and_Adonis_(Titian),link,24
Genocide_studies,Raphael_Lemkin,link,24
Hierarchy_of_the_Catholic_Church,Raphael_Thattil,link,24
High_Renaissance,David_(Michelangelo),link,24
Human_head,Leonardo_da_Vinci,link,24
John_Florio,Michelangelo_Florio,link,24
John_Rhys-Davies,Leonardo_da_Vinci,link,24
LOVB_Houston,Raphaela_Folie,link,24
Law_&_Order:_Special_Victims_Unit_season_11,Raphael_Sbarge,link,24
Leonardo's_crossbow,Science_and_inventions_of_Leonardo_da_Vinci,link,24
Leonardo_da_Vinci,De_pictura,link,24
Leonardo_da_Vinci,Hospital_of_Santa_Maria_Nuova,link,24
Leonardo_da_Vinci,Sex_organ,link,24
Leonardo_da_Vinci_(Isaacson_book),Salvator_Mundi_(painting),link,24
List_of_American_Eastern_Orthodox_saints,Raphael_of_Brooklyn,link,24
List_of_Pre-Raphaelite_paintings,Edward_Robert_Hughes,link,24
List_of_cybercriminals,Raphael_Gray,link,24
List_of_paintings_by_Raphael,Christ_Falling_on_the_Way_to_Calvary,link,24
List_of_paintings_by_Raphael,Madonna_and_Child_with_the_Book,link,24
List_of_paintings_by_Raphael,Portrait_of_Perugino,link,24
List_of_video_games_with_LGBTQ_characters,Leonardo_da_Vinci,link,24
List_of_works_by_Leonardo_da_Vinci,Giovanni_Antonio_Boltraffio,link,24
List_of_works_by_Leonardo_da_Vinci,High_Renaissance,link,24
List_of_works_by_Leonardo_da_Vinci,Tobias_and_the_Angel_(Verrocchio),link,24
List_of_works_by_Michelangelo,Capitoline_Hill,link,24
List_of_works_by_Titian,The_Three_Ages_of_Man_(Titian),link,24
List_of_works_by_Titian,The_Worship_of_Venus,link,24
Lyceum_(classical),Raphael,link,24
Man_with_a_Glove,Titian,link,24
Maria_Carolina_of_Austria,Anton_Raphael_Mengs,link,24
Marian_Collier_(painter),Pre-Raphaelite_Brotherhood,link,24
Medici_Chapels,Michelangelo,link,24
Michael_Zetterer,Raphael_Wolf,link,24
Michelangelo,Louvre,link,24
Michelangelo,St_Paul's_Cathedral,link,24
Michelangelo_(Teenage_Mutant_Ninja_Turtles),Townsend_Coleman,link,24
Monica_Vitti,David_di_Donatello,link,24
NEET,Leonardo_da_Vinci_programme,link,24
Ottoman_Empire,Titian,link,24
Piazzale_Michelangelo,List_of_squares_in_Florence,link,24
Pre-Raphaelite_Brotherhood,The_Love_School,link,24
Pre-Raphaelite_Brotherhood,William_James_Webbe,link,24
Raphael_(Teenage_Mutant_Ninja_Turtles),Brady_Noon,link,24
Raphael_(Teenage_Mutant_Ninja_Turtles),List_of_Teenage_Mutant_Ninja_Turtles_characters,link,24
Raphael_(Teenage_Mutant_Ninja_Turtles),Qigong,link,24
Raphael_(Teenage_Mutant_Ninja_Turtles),Teenage_Mutant_Ninja_Turtles_(2014_film),link,24
Raphael_(given_name),Rafi_(name),link,24
Raphael_Armattoe,Paracelsus,link,24
Raphael_Bob-Waksberg,Nice_While_It_Lasted,link,24
Raphael_Cormack,Rose_al_Yusuf_(journalist),link,24
Raphael_Geminder,Richard_Pratt_(businessman),link,24
Raphael_Lea'i,2026_FIFA_Series_(men's_matches),link,24
Raphael_Lotilla,Toni_Yulo-Loyzaga,link,24
Raphael_Montes,Prêmio_Jabuti,link,24
Raphael_Sallinger,Klagenfurt,link,24
Raphael_Sbarge,The_Exorcist:_Believer,link,24
Raphael_Shore,Clarion_Project,link,24
Raphael_Soyer,Moses_Soyer,link,24
Raphael_Warnock,Jenna_Ellis,link,24
Raphael_Warnock,Ken_Salazar,link,24
Rembrandt_Peale,Titian_Ramsay_Peale_I,link,24
Renaissance_art,"David_(Donatello,_bronze)",link,24
Roberto_Benigni,David_di_Donatello,link,24
Royal_Collection,Raphael_Cartoons,link,24
SS_Cristoforo_Colombo,Pietà_(Michelangelo),link,24
SS_Michelangelo,Michelangelo,link,24
Saint_Catherine_of_Alexandria_(Raphael),Catherine_of_Alexandria,link,24
Saint_Michael_in_the_Catholic_Church,Raphael_(archangel),link,24
Secretary_of_Environment_and_Natural_Resources,Raphael_Lotilla,link,24
Sudden_cardiac_death_of_athletes,Raphael_Dwamena,link,24
Suicide_of_Nicola_Ann_Raphael,Bullying_and_suicide,link,24
Suicide_of_Nicola_Ann_Raphael,Tim_Field,link,24
Suicide_of_Nicola_Ann_Raphael,Youth_suicide,link,24
Teenage_Mutant_Ninja_Turtles_(2003_TV_series),Donatello_(Teenage_Mutant_Ninja_Turtles),link,24
The_Advocate_(magazine),Michelangelo_Signorile,link,24
The_Bacchanal_of_the_Andrians,Titian,link,24
"The_Creation_of_the_Sun,_Moon,_and_Plants",Michelangelo,link,24
The_Death_of_Chatterton,Pre-Raphaelite_Brotherhood,link,24
The_Martyrdom_of_Saint_Lawrence_(Titian),"I_Gesuiti,_Venice",link,24
The_Muppets_(TV_series),June_Diane_Raphael,link,24
Titian,Caravaggio,link,24
Titian,Raphael,link,24
Titian,Venice,link,24
Titian_hair,Anne_Shirley,link,24
Two–Mona_Lisa_theory,Leonardo_da_Vinci,link,24
Vatican_City,Raphael,link,24
Vatican_Museums,Raphael,link,24
Venus_and_Adonis_(Titian),Perseus_and_Andromeda_(Titian),link,24
Virtue,Raphael,link,24
Vitruvian_Man,Raphael,link,24
Yuval_Raphael,Nova_music_festival_massacre,link,24
Yuval_Raphael,Tel_Aviv_Pride,link,24
other-empty,Michelangelo_Celesia,external,24
other-empty,Michelangelo_Maestri,external,24
other-empty,"Penitent_Magdalene_(Titian,_1550)",external,24
other-empty,Raphael_(surname),external,24
other-empty,Raphael_Clarke,external,24
other-empty,Raphael_Salaman,external,24
other-empty,Raphael_Sobiehrd-Mnishovsky,external,24
other-empty,Saint_Margaret_and_the_Dragon_(Titian),external,24
other-empty,Saint_Proculus_(Michelangelo),external,24
other-empty,Shamira_Raphaela,external,24
other-empty,Statue_of_Raphael_Semmes,external,24
other-empty,Tobias_and_Sarah_in_Prayer_with_the_Angel_Raphael_and_the_Demon,external,24
other-empty,Zvi_Raphaeli,external,24
other-external,Raphael_Saadiq,external,24
other-external,Raphael_Semmes,external,24
other-external,Three_Graces_(Raphael),external,24
other-internal,Raphael_Abramovitch,external,24
other-internal,The_Deposition_(Raphael),external,24
other-internal,Venus_and_Adonis_(Titian),external,24
other-other,"David_(Donatello,_bronze)",external,24
other-search,"Church_of_St._Raphael_the_Archangel,_Vilnius",external,24
other-search,Moses_Raphael_de_Aguilar,external,24
other-search,Raphael_Afaedor,external,24
other-search,Raphael_Ankawa,external,24
other-search,Saint_Raphael,external,24
Île_Raphael,Raphael_Fishing_Company,link,24
1998_UEFA_Champions_League_final,Michelangelo_Rampulla,link,23
2024_Copa_América_final,Raphael_Claus,link,23
2025–26_Bangladesh_Football_League,Raphael_Augusto,link,23
2026–27_Club_América_season,Raphael_Veiga,link,23
Adam_and_Eve,Michelangelo,link,23
Aestheticism,Pre-Raphaelite_Brotherhood,link,23
Albrecht_Dürer,Titian,link,23
Allegory_of_Prudence,Titian,link,23
American_Pre-Raphaelites,Thomas_Charles_Farrer,link,23
Angel_(Michelangelo),Michelangelo,link,23
Archimedes,Leonardo_da_Vinci,link,23
Baldassare_Castiglione,Raphael,link,23
Boyz_n_the_Hood_(soundtrack),Raphael_Saadiq,link,23
"Christina,_Queen_of_Sweden",Venus_and_Adonis_(Titian),link,23
Crollalanza_theory_of_Shakespeare_authorship,Michelangelo_Florio,link,23
"David_(Donatello,_marble)",David,link,23
David_di_Donatello_for_Best_Actress,Jasmine_Trinca,link,23
Della_Robbia,Luca_della_Robbia,link,23
Diana_and_Actaeon_(Titian),Orleans_Collection,link,23
Divine_Comedy_in_popular_culture,The_Last_Judgment_(Michelangelo),link,23
Donatello,Padua,link,23
Donatello_(Teenage_Mutant_Ninja_Turtles),Kevin_Eastman,link,23
Edward_Robert_Hughes,List_of_Pre-Raphaelite_paintings,link,23
Ewe_people,Raphael_Armattoe,link,23
Far_from_the_Madding_Crowd_(1967_film),Frederic_Raphael,link,23
Fig_leaf,The_Last_Judgment_(Michelangelo),link,23
"Francis_II,_Holy_Roman_Emperor",Anton_Raphael_Mengs,link,23
Francis_I_of_France,Andrea_del_Sarto,link,23
Gallery_of_the_Sistine_Chapel_ceiling,List_of_works_by_Michelangelo,link,23
German_minority_in_Poland,Raphael_Schäfer,link,23
Goliath,Michelangelo,link,23
Helicopter,Leonardo_da_Vinci,link,23
Hierarchy_of_genres,Raphael_Cartoons,link,23
History_painting,Titian,link,23
Interchange_(de_Kooning),Leonardo_da_Vinci,link,23
Isabella_Stewart_Gardner_Museum_theft,Titian,link,23
Isaiah,Michelangelo,link,23
Isamu_Noguchi,Leonardo_da_Vinci_Art_School,link,23
Italian_submarines_of_World_War_II,Italian_submarine_Leonardo_da_Vinci_(1939),other,23
Jacques-Louis_David,Anton_Raphael_Mengs,link,23
Jean-Luc_Godard,Michelangelo_Antonioni,link,23
Jeremiah_Azu,Raphael_Bouju,other,23
John_(given_name),Anton_Raphael_Mengs,link,23
"Jonathan_Kestenbaum,_Baron_Kestenbaum",Samson_Raphael_Hirsch,link,23
June_Diane_Raphael,The_Goldbergs_(2013_TV_series),link,23
Leonardo_da_Vinci,Lorenzo_di_Credi,link,23
Leonardo_da_Vinci,Monte_Rosa,link,23
Leonardo_da_Vinci_(2024_film),Leonardo_da_Vinci,link,23
List_of_How_Did_This_Get_Made?_episodes,June_Diane_Raphael,link,23
List_of_Pre-Raphaelite_paintings,The_Finding_of_the_Saviour_in_the_Temple,link,23
List_of_Pre-Raphaelite_paintings,Wilma_Neruda,link,23
List_of_paintings_by_Raphael,"Saint_George_(Raphael,_Louvre)",link,23
List_of_works_by_Leonardo_da_Vinci,La_Bella_Principessa,link,23
List_of_works_by_Leonardo_da_Vinci,Portrait_of_Luca_Pacioli,link,23
List_of_works_by_Michelangelo,The_Battle_of_Anghiari_(Leonardo),link,23
List_of_works_by_Titian,Sacred_and_Profane_Love,link,23
Lorenzo_Ghiberti,Michelangelo,link,23
Medici_(TV_series),Donatello,link,23
Melkite,Raphael_of_Brooklyn,link,23
Michelangelo,Capitoline_Hill,link,23
Michelangelo,Galileo_Galilei,other,23
Michelangelo,Gian_Lorenzo_Bernini,other,23
Michelangelo,Grammar,link,23
Michelangelo,Museo_di_Capodimonte,link,23
Michelangelo,Titian,link,23
Michelangelo_(Teenage_Mutant_Ninja_Turtles),Teenage_Mutant_Ninja_Turtles_(2014_film),link,23
Michelangelo_Antonioni_filmography,Il_Grido,link,23
Michelangelo_Antonioni_filmography,Le_Amiche,link,23
Museo_Nazionale_Scienza_e_Tecnologia_Leonardo_da_Vinci,Toti-class_submarine,link,23
Music_recording_certification,Raphael_(singer),link,23
Nicolas_Poussin,Raphael,link,23
Ottoman_Imperial_Harem,Titian,link,23
Paul_II_Cheikho,Raphael_I_Bidawid,link,23
Paul_Weiss_(philosopher),Morris_Raphael_Cohen,link,23
Perspective_(graphical),The_Feast_of_Herod_(Donatello),link,23
Piazza_della_Signoria,Michelangelo,link,23
Piazzale_Michelangelo,Florence,link,23
Pietà_(Michelangelo),Crucifixion_of_Jesus,link,23
Pietà_(Michelangelo),Main_Page,other,23
"Portrait_of_Charles_V_(Titian,_Munich)",Augsburg,link,23
Pre-Raphaelite_Brotherhood,John_Lee_(artist),link,23
Pre-Raphaelite_Brotherhood,The_Last_Sleep_of_Arthur_in_Avalon,link,23
Psyche_(mythology),Raphael,link,23
Rafael,Raphael,other,23
Raphael,Portrait_of_Cardinal_Alessandro_Farnese_(Raphael),link,23
Raphael,Resurrection_of_Christ_(Raphael),link,23
Raphael_(archangel),Abra_de_Ilog,link,23
Raphael_(archangel),Khidr,link,23
Raphael_Assunção,Júnior_Assunção,link,23
Raphael_Bob-Waksberg,"San_Mateo,_California",link,23
Raphael_Cartoons,Tapestry,link,23
Raphael_Rooms,The_Donation_of_Constantine_(painting),link,23
Raphael_Saadiq,Kelis,link,23
Raphael_Sbarge,Friendship_(2024_film),link,23
Raphael_Sbarge,My_Science_Project,link,23
Raphael_Veiga,"Breno_Lopes_(footballer,_born_1996)",other,23
Raphael_Veiga,Spider-Man:_Brand_New_Day,other,23
Raphael_Warnock,Upward_Bound,link,23
Raphael_Warnock,Workfare,link,23
Rembrandt,Titian,link,23
Renaissance_literature,Michelangelo,link,23
"Risen_Christ_(Michelangelo,_Santa_Maria_sopra_Minerva)",Michelangelo,link,23
Saint_George_(Donatello),Saint_George,link,23
Saint_Jerome_in_the_Wilderness_(Leonardo),List_of_works_by_Leonardo_da_Vinci,link,23
Salvator_Mundi,Leonardo_da_Vinci,link,23
Samson_Raphael_Hirsch,Orthodox_Judaism,link,23
San_Pietro_in_Vincoli,Michelangelo,link,23
Science_and_inventions_of_Leonardo_da_Vinci,Personal_life_of_Leonardo_da_Vinci,link,23
Science_and_inventions_of_Leonardo_da_Vinci,Wheellock,link,23
Sisyphus,Sisyphus_(Titian),link,23
Stations_of_the_Cross,"St._Raphael's_Cathedral_(Dubuque,_Iowa)",link,23
Swarovski,Marina_Raphael,link,23
Sylvia_Raphael,Mossad,link,23
Talaat_Pasha,Raphael_Lemkin,link,23
Teeny_Mutant_Ninja_Turtles,Raphael_(Teenage_Mutant_Ninja_Turtles),link,23
Terribilità,David_(Michelangelo),link,23
The_Death_of_Actaeon,Venus_and_Adonis_(Titian),link,23
The_Fall_of_Man_(Titian),Titian,link,23
The_Pros_and_Cons_of_Hitch_Hiking,Raphael_Ravenscroft,link,23
Titian,Michelangelo,link,23
Titian,Santa_Maria_della_Salute,link,23
Torah_im_Derech_Eretz,Samson_Raphael_Hirsch,link,23
William-Adolphe_Bouguereau,Raphael,link,23
other-empty,Adoration_of_the_Shepherds_(Raphael),external,23
other-empty,Baptism_of_Christ_(Titian),external,23
other-empty,"Church_of_St._Raphael_the_Archangel,_Vilnius",external,23
other-empty,Dennis_Raphael,external,23
other-empty,Guild_of_St_Raphael,external,23
other-empty,Günter_Raphael,external,23
other-empty,Landscape_with_Tobias_and_Raphael,external,23
other-empty,Leonardo_da_Vinci's_Greatest_Hits,external,23
other-empty,Leonardo_da_Vinci_World_Award_of_Arts,external,23
other-empty,Leonce_Raphael_Agbodjelou,external,23
other-empty,Madonna_del_Sacco_(Andrea_del_Sarto),external,23
other-empty,Michelangelo_Sabatino,external,23
other-empty,Michelangelo_Tamburini,external,23
other-empty,Raphael_Hadane,external,23
other-empty,Raphael_Nnanna_Igbokwe,external,23
other-empty,Raphaela_Folie,external,23
other-empty,St._Raphael_School,external,23
other-empty,Suite_on_Verses_of_Michelangelo_Buonarroti,external,23
other-external,Ezekiel's_Vision_(Raphael),external,23
other-external,Frederic_Raphael,external,23
other-external,Saint_Catherine_of_Alexandria_(Raphael),external,23
other-external,Venus_Anadyomene_(Titian),external,23
other-internal,"David_(Donatello,_marble)",external,23
other-internal,Flora_(Titian),external,23
other-search,Antonietta_Raphael,external,23
other-search,Bertram_Raphael,external,23
other-search,"Christ_and_the_Adulteress_(Titian,_Vienna)",external,23
other-search,Lutz_Raphael,external,23
other-search,Michelangelo_Baracchi_Bonvicini,external,23
other-search,"Portrait_of_Charles_V_(Titian,_Naples)",external,23
other-search,Raphael_Cohen,external,23
other-search,Raphael_Fishing_Company,external,23
other-search,Raphael_Semmes_House,external,23
other-search,Raphael_Tenthani,external,23
other-search,Titus_Flavius_Titianus_(consul),external,23
other-search,Zvi_Raphaeli,external,23
1971–72_United_States_network_television_schedule,The_Life_of_Leonardo_da_Vinci,link,22
2022_United_States_Senate_elections,Raphael_Warnock,link,22
2026_Leagues_Cup_knockout_stage,Raphael_Veiga,link,22
2026–27_Cong_An_Ho_Chi_Minh_City_FC_season,Raphael_Utzig,link,22
Abel_Ferrara,Leonardo_da_Vinci,link,22
Academy_Award_for_Best_Director,Michelangelo_Antonioni,link,22
"Aeneas,_Anchises,_and_Ascanius","Risen_Christ_(Michelangelo,_Santa_Maria_sopra_Minerva)",link,22
Ali_Shaheed_Muhammad,Raphael_Saadiq,link,22
Annunciation,Leonardo_da_Vinci,link,22
Anton_Raphael_Mengs,Portrait_of_Ferdinand_IV,link,22
Art,The_Last_Judgment_(Michelangelo),link,22
Bernardo_Bandini_Baroncelli,Leonardo_da_Vinci,link,22
Bill_Gates,Leonardo_da_Vinci,link,22
Björn_Skifs,Michelangelo_(song),link,22
Brazilian_Australians,Raphael_Borges_Rodrigues,link,22
Casa_Buonarroti,Michelangelo,link,22
Childhood_nudity,David_(Michelangelo),link,22
"Consulate_General_of_Poland,_New_York_City",Joseph_Raphael_De_Lamar_House,link,22
Cyberpunk_derivatives,Leonardo_da_Vinci,link,22
Danaïdes,Pre-Raphaelite_Brotherhood,link,22
Dance_Tonight_(Lucy_Pearl_song),Raphael_Saadiq,link,22
Dante_and_Beatrice_(painting),Pre-Raphaelite_Brotherhood,link,22
David_(Michelangelo),Loggia_dei_Lanzi,link,22
David_(Michelangelo),Museo_dell'Opera_del_Duomo_(Florence),link,22
David_(Michelangelo),Venus_de_Milo,link,22
David_di_Donatello_for_Best_Actress,Barbara_Ronchi,link,22
David_di_Donatello_for_Best_Film,Fuori,link,22
Domus_Aurea,Raphael,link,22
Don_DeLillo,Michelangelo_Antonioni,link,22
Donatello,Chellini_Madonna,link,22
Donatello_(Teenage_Mutant_Ninja_Turtles),Signature_weapon,link,22
Ethereal_wave,Pre-Raphaelite_Brotherhood,link,22
Ezekiel's_Vision_(Raphael),Raphael,link,22
Ezio_Auditore_da_Firenze,Leonardo_da_Vinci,link,22
Floyd–Steinberg_dithering,David_(Michelangelo),link,22
French_Revolutionary_Wars,Michelangelo_Alessandro_Colli-Marchi,link,22
Galatea_(Raphael),Apotheosis,link,22
Galatea_(Raphael),Polyphemus_(Sebastiano_del_Piombo),link,22
Galileo_Galilei,Michelangelo,other,22
Genocides_in_history_(World_War_I_through_World_War_II),Raphael_Lemkin,link,22
Giorgio_Vasari,Raphael,link,22
"Good_Morning,_Verônica",Raphael_Montes,link,22
Halo_(religious_iconography),The_Tribute_Money_(Masaccio),link,22
Hillsdale_College,David_(Michelangelo),link,22
Hotel_Chevalier,Hôtel_Raphael,link,22
Isabella_Stewart_Gardner_Museum_theft,Michelangelo,link,22
Italian_Renaissance,Titian,link,22
Jessica_St._Clair,June_Diane_Raphael,link,22
Judith_and_Holofernes,Judith_with_the_Head_of_Holofernes_(Titian),link,22
June_Diane_Raphael,Human_Giant,link,22
June_Diane_Raphael,Melissa_Rauch,link,22
LGBTQ_people_in_science,Leonardo_da_Vinci,link,22
La_Belle_Ferronnière,List_of_works_by_Leonardo_da_Vinci,link,22
Last_Judgment_(disambiguation),The_Last_Judgment_(Michelangelo),link,22
Leonardo_da_Vinci,Atherosclerosis,link,22
Leonardo_da_Vinci,Buckler,link,22
Leonardo_da_Vinci,Gallerie_dell'Accademia,link,22
Leonardo_da_Vinci,Giovanni_Pico_della_Mirandola,link,22
Leonardo_da_Vinci,Last_Supper,link,22
Leonardo_da_Vinci,List_of_dukes_of_Milan,link,22
Leonardo_da_Vinci,"Mary,_mother_of_Jesus",link,22
Leonardo_da_Vinci,Masaccio,link,22
Leonardo_da_Vinci,Pazzi_conspiracy,link,22
Leonardo_da_Vinci,Piero_della_Francesca,link,22
Leonardo_da_Vinci,Pope_Alexander_VI,link,22
Leonardo_da_Vinci,Tempera,link,22
"Leonardo_da_Vinci,_A_Memory_of_His_Childhood",The_Virgin_and_Child_with_Saint_Anne_(Leonardo),link,22
Leonardo_da_Vinci_(Isaacson_book),La_Bella_Principessa,link,22
Leonardo_da_Vinci_(disambiguation),Leonardo_da_Vinci,link,22
List_of_Pre-Raphaelite_paintings,A_Sea-Spell,link,22
List_of_Pre-Raphaelite_paintings,Charon's_obol,link,22
List_of_Pre-Raphaelite_paintings,Convent_Thoughts,link,22
List_of_Pre-Raphaelite_paintings,God_Speed_(painting),link,22
List_of_Pre-Raphaelite_paintings,The_Beloved_(Rossetti),link,22
List_of_Pre-Raphaelite_paintings,The_Lady_of_Shalott_(painting),link,22
List_of_Pre-Raphaelite_paintings,The_Last_of_England_(painting),link,22
List_of_Pre-Raphaelite_paintings,Vanessa_(Millais),link,22
List_of_Pre-Raphaelite_paintings,Water_Willow_(Rossetti),link,22
List_of_last_words,Raphael,link,22
List_of_paintings_by_Raphael,Ansidei_Madonna,link,22
List_of_paintings_by_Raphael,Madonna_with_the_Fish,link,22
List_of_paintings_by_Raphael,Portrait_of_Leo_X,link,22
List_of_paintings_by_Raphael,Saint_George_and_the_Dragon_(Raphael),link,22
List_of_paintings_by_Raphael,The_Expulsion_of_Heliodorus_from_the_Temple,link,22
List_of_works_by_Leonardo_da_Vinci,Biblioteca_Ambrosiana,link,22
List_of_works_by_Leonardo_da_Vinci,Codex_on_the_Flight_of_Birds,link,22
List_of_works_by_Michelangelo,Palestrina_Pietà,link,22
List_of_works_by_Michelangelo,Taddei_Tondo,link,22
List_of_works_by_Titian,Flora_(Titian),link,22
List_of_works_by_Titian,The_Lovers_(Titian),link,22
Michelangelo,Charlton_Heston,link,22
Michelangelo,John_Addington_Symonds,link,22
Michelangelo,Marcello_Venusti,link,22
Michelangelo_(Teenage_Mutant_Ninja_Turtles),Teenage_Mutant_Ninja_Turtles_(2012_TV_series),link,22
Michelangelo_Antonioni,Giorgio_de_Chirico,link,22
Michelangelo_Antonioni,Nostalghia,link,22
Michelangelo_Signorile,Pete_Williams_(journalist),link,22
Michelangelo_and_the_Medici,Sagrestia_Nuova,link,22
Moon_Girl_and_Devil_Dinosaur,June_Diane_Raphael,link,22
Mudbound_(film),Raphael_Saadiq,link,22
Museo_leonardiano_di_Vinci,Museo_Ideale_Leonardo_da_Vinci,link,22
Orthodox_Judaism,Samson_Raphael_Hirsch,link,22
Patriarch_Tikhon_of_Moscow,Raphael_of_Brooklyn,link,22
Peale_family,Raphaelle_Peale,link,22
Personal_life_of_Leonardo_da_Vinci,Exotropia,link,22
Personal_life_of_Leonardo_da_Vinci,Leonardeschi,link,22
Pietà_(Michelangelo),Aesthetic_interpretation,link,22
Pope_Julius_II,Raphael,link,22
Pre-Raphaelite_Brotherhood,Gustave_Courbet,link,22
Pre-Raphaelite_Brotherhood,Julia_Margaret_Cameron,link,22
Pre-Raphaelite_Brotherhood,Thomas_Cooper_Gotch,link,22
Pre-Raphaelite_Brotherhood,Wyke_Bayliss,link,22
Quattrocento,Michelangelo,link,22
Raphael,Palazzo_Branconio_dell'Aquila,link,22
Raphael,Pinacoteca_di_Brera,link,22
Raphael,Raphael_(archangel),link,22
Raphael,William-Adolphe_Bouguereau,link,22
Raphael_(given_name),Book_of_Tobit,link,22
Raphael_(given_name),Rapolas,link,22
Raphael_Bob-Waksberg,The_Times_of_Israel,link,22
Raphael_Cormack,Dr._Dahesh,link,22
Raphael_Gualazzi,Raphael_Gualazzi_discography,link,22
Raphael_Kalinowski,January_Uprising,link,22
Raphael_Maitimo,VV_Capelle,link,22
Raphael_Ravenscroft,Steve_Marcus,link,22
Raphael_Recanati,Leon_Yehuda_Recanati,link,22
Raphael_Rooms,Cortile_del_Belvedere,link,22
Raphael_Saadiq,Cuff_It,link,22
Raphael_Sallinger,Wolfsberger_AC,link,22
Raphael_Samuel,The_Lost_World_of_British_Communism,link,22
Raphael_of_Brooklyn,Innocent_of_Alaska,link,22
Raphaelle_Ortega-David,Enderun_Colleges,link,22
Raphaelle_Peale,Charles_Willson_Peale,link,22
Sally_Jessy_Raphael,Sanford_Meisner,link,22
Samson_Raphael_Hirsch,Jacob_Ettlinger,link,22
Sarah_Raphael,Sepsis,link,22
Science_and_inventions_of_Leonardo_da_Vinci,Leonardo's_aerial_screw,link,22
Science_and_inventions_of_Leonardo_da_Vinci,Microcosm–macrocosm_analogy,link,22
Science_and_inventions_of_Leonardo_da_Vinci,Ostrich_Egg_Globe,link,22
Scrambled_(film),June_Diane_Raphael,link,22
Sforza_Castle,Leonardo_da_Vinci,link,22
Socialist_Courier,Raphael_Abramovitch,link,22
Sophia_Chang,Raphael_Saadiq,link,22
Sponge,Leonardo_da_Vinci,other,22
Stanley_Kubrick,Frederic_Raphael,link,22
Teeny_Mutant_Ninja_Turtles,Michelangelo_(Teenage_Mutant_Ninja_Turtles),link,22
The_Agony_and_the_Ecstasy_(film),Raphael,link,22
The_Chosen_(Potok_novel),Yeshiva_Rabbi_Samson_Raphael_Hirsch,link,22
The_Death_of_Leonardo_da_Vinci,Jean-Auguste-Dominique_Ingres,link,22
The_Fall_of_Man_(Rubens),Titian,link,22
The_Rape_of_Europa_(Titian),List_of_works_by_Titian,link,22
Titian,Orpiment,link,22
Titian,Tiziano_(disambiguation),link,22
Tolu_Arokodare,Raphael_Onyedika,link,22
Tomb_of_Pope_Julius_II,Saint_Matthew_(Michelangelo),link,22
Uffizi,David_(Michelangelo),link,22
Use_Your_Illusion_I,Raphael,link,22
Victoria_and_Albert_Museum,List_of_works_by_Leonardo_da_Vinci,link,22
Viva_Terlingua,Mickey_Raphael,link,22
other-empty,David_di_Donatello_for_Best_Documentary,external,22
other-empty,Holy_Trinity_(Raphael_and_Perugino),external,22
other-empty,Leonardo_da_Vinci_(disambiguation),external,22
other-empty,Raphael_House,external,22
other-empty,Raphael_Meir_Panigel,external,22
other-empty,Raphaelle_Standell-Preston,external,22
other-empty,St._Raphael_Provincial_Park,external,22
other-internal,Crucifix_(Michelangelo),external,22
other-internal,List_of_Pre-Raphaelite_paintings,external,22
other-internal,"Raphael,_Nicholas,_and_Irene_of_Lesbos",external,22
other-internal,The_Deposition_(Michelangelo),external,22
other-internal,The_Marriage_of_the_Virgin_(Raphael),external,22
other-internal,The_Tribute_Money_(Titian),external,22
other-search,70th_David_di_Donatello,external,22
other-search,Dennis_Raphael,external,22
other-search,Desco_da_parto_(Masaccio),external,22
other-search,Judith_with_the_Head_of_Holofernes_(Titian),external,22
other-search,Raphael_(opera),external,22
other-search,Raphael_(surname),external,22
other-search,Raphael_Flauger,external,22
other-search,Sacrifice_of_Isaac_(Andrea_del_Sarto),external,22
other-search,"Saint_Jerome_in_Penitence_(Titian,_1575)",external,22
other-search,Steven_Raphael,external,22
other-search,The_Lovers_(Titian),external,22
other-search,Venus_and_Cupid_(Titian),external,22
16th_century,Michelangelo,link,21
2001–02_Juventus_FC_season,Michelangelo_Rampulla,link,21
2021_Copa_Libertadores,Raphael_Veiga,link,21
2026_Trans-Am_Series,Raphael_Matos,link,21
Actaeon,Diana_and_Actaeon_(Titian),link,21
Aircraft,Leonardo_da_Vinci,link,21
Albrecht_Dürer,Michelangelo,link,21
Alerame_Maria_Pallavicini,Michelangelo_Cambiaso,link,21
Anton_Raphael_Mengs,Julia_Charlotte_Mengs,link,21
Arabelle_Raphael,Prostitution,link,21
Arthur_Janov,Raphael_Montañez_Ortiz,link,21
Assassin's_Creed:_Brotherhood,Leonardo_da_Vinci,link,21
Attila,Raphael,link,21
Back_to_Hannibal:_The_Return_of_Tom_Sawyer_and_Huckleberry_Finn,Raphael_Sbarge,link,21
Billionaire_Boys_Club_(1987_film),Raphael_Sbarge,link,21
Body_of_light,Michelangelo_Caetani,link,21
Brutus_(Michelangelo),"Risen_Christ_(Michelangelo,_Santa_Maria_sopra_Minerva)",link,21
Danaë_(Titian_paintings),Venus_of_Urbino,link,21
Davey_Grant,Raphael_Assunção,link,21
David_di_Donatello,David_di_Donatello_for_Best_Supporting_Actress,link,21
Della_Robbia_Pottery,Luca_della_Robbia,link,21
Diego_Velázquez,The_Rape_of_Europa_(Titian),link,21
Don_Hertzfeldt,Raphael_Bob-Waksberg,link,21
Donatello,Siena,link,21
Donatello_(Teenage_Mutant_Ninja_Turtles),Italian_Renaissance,link,21
Early_life_of_Joseph_Stalin,Raphael_Eristavi,link,21
Edward_II_(play),Raphael_Holinshed,link,21
Egyptian_blue,Galatea_(Raphael),link,21
Elymas,Raphael,link,21
Enrica_Antonioni,Michelangelo_Antonioni,link,21
Eugene_Goodman,Raphael_Warnock,link,21
Flaying_of_Marsyas_(Titian),Satyr,link,21
Flora_(Titian),Titian,link,21
Francis_I_of_France,Titian,link,21
Giovanna_Battaglia_Engelbert,Marina_Raphael,link,21
Heated_Rivalry,"Pop_Off,_Michelangelo!",link,21
Helicopter,Science_and_inventions_of_Leonardo_da_Vinci,link,21
Higher_Learning_(soundtrack),Raphael_Saadiq,link,21
Historic_Hotels_of_America,Raphael_Hotel,link,21
Illadelph_Halflife,Raphael_Saadiq,link,21
Italian_Renaissance_sculpture,Michelangelo,link,21
Italian_submarine_Leonardo_da_Vinci_(1939),Gianfranco_Gazzana-Priaroggia,link,21
Jaane_Bhi_Do_Yaaro,Michelangelo_Antonioni,link,21
"Johnson_High_School_(Savannah,_Georgia)",Raphael_Warnock,link,21
Leonardo_da_Vinci,Battle_of_Novara_(1500),link,21
Leonardo_da_Vinci,Eucharist,link,21
Leonardo_da_Vinci,Leonardo's_crossbow,link,21
Leonardo_da_Vinci,Teenage_Mutant_Ninja_Turtles,other,21
Leonardo_da_Vinci_(2024_film),Sarah_Burns_(writer),link,21
List_of_LGBTQ_artists,Leonardo_da_Vinci,link,21
List_of_Little_Einsteins_episodes,Michelangelo,link,21
List_of_Pre-Raphaelite_paintings,Christ_in_the_House_of_His_Parents,link,21
List_of_Pre-Raphaelite_paintings,Found_(Rossetti),link,21
List_of_Pre-Raphaelite_paintings,Only_a_Lock_of_Hair,link,21
List_of_Pre-Raphaelite_paintings,"Richard_of_Shrewsbury,_Duke_of_York",link,21
List_of_Pre-Raphaelite_paintings,"The_Order_of_Release,_1746",link,21
List_of_Pre-Raphaelite_paintings,Wandering_Thoughts,link,21
List_of_health_deities,Raphael_(archangel),link,21
List_of_paintings_by_Raphael,Michelangelo,link,21
List_of_paintings_by_Raphael,Portrait_of_Bindo_Altoviti,link,21
List_of_paintings_by_Raphael,Portrait_of_Elisabetta_Gonzaga,link,21
List_of_paintings_by_Raphael,Portrait_of_Maddalena_Doni,link,21
List_of_paintings_by_Raphael,Self-Portrait_with_a_Friend,link,21
List_of_paintings_by_Raphael,The_Deposition_(Raphael),link,21
List_of_paintings_by_Raphael,Young_Man_with_an_Apple_(Raphael),link,21
List_of_people_with_tinnitus,Michelangelo,link,21
List_of_works_by_Leonardo_da_Vinci,Bernardino_Luini,link,21
List_of_works_by_Leonardo_da_Vinci,Giampietrino,link,21
Lost_in_Translation_(film),Michelangelo_Antonioni,link,21
Main_Page,Raphael_Lemkin,other,21
Make_America_Great_Again_Inc.,Raphael_Warnock,link,21
Marcello_Lippi,Michelangelo_Rampulla,other,21
Men_and_Women_(poetry_collection),Andrea_del_Sarto_(poem),link,21
Michelangelo,Battle_of_Cascina,link,21
Michelangelo,Renaissance,link,21
Michelangelo_Antonioni,Aphasia,link,21
Michelangelo_Antonioni,Eros_(film),link,21
Michelangelo_Antonioni_filmography,Sheba_and_the_Gladiator,link,21
Michelangelo_Cambiaso,Giuseppe_Maria_Doria,link,21
Michelangelo_and_the_Medici,Tomb_of_Pope_Julius_II,link,21
Midas,Flaying_of_Marsyas_(Titian),link,21
Montenotte_campaign,Michelangelo_Alessandro_Colli-Marchi,link,21
Niccolò_Machiavelli,Leonardo_da_Vinci,other,21
Oil_painting,Titian,link,21
Oltrarno,Piazzale_Michelangelo,link,21
Orthodox_Church_in_America,Raphael_of_Brooklyn,link,21
Penitent_Magdalene,"Penitent_Magdalene_(Titian,_1550)",link,21
Penitent_Magdalene,"Penitent_Magdalene_(Titian,_1565)",link,21
Perseus_and_Andromeda_(Titian),Venus_and_Adonis_(Titian),link,21
Personal_life_of_Leonardo_da_Vinci,Mirror_writing,link,21
Perspective_(graphical),Leonardo_da_Vinci,link,21
Perugia,Raphael,link,21
Pierre-Auguste_Renoir,Titian,link,21
Pietà_(Michelangelo),Altarpiece,link,21
Pole_vault,Raphael_Holzdeppe,link,21
Pope_Clement_XIII,Anton_Raphael_Mengs,link,21
Portrait_of_Isabella_d'Este_(Titian),Isabella_d'Este,link,21
Portrait_of_a_Young_Man_(Raphael),National_Museum_in_Kraków,link,21
Pre-Raphaelite_Brotherhood,George_Price_Boyce,link,21
Pre-Raphaelite_Brotherhood,Henry_Meynell_Rheam,link,21
Pre-Raphaelite_Brotherhood,William_Davis_(artist),link,21
Proserpine_(Rossetti),Pre-Raphaelite_Brotherhood,link,21
Puer_mingens,Judith_and_Holofernes_(Donatello),link,21
Raphael,Liberation_of_Saint_Peter_(Raphael),link,21
Raphael,Pietro_Bembo,link,21
Raphael,Printmaking,link,21
Raphael,Sfumato,link,21
Raphael,Vatican_Hill,link,21
Raphael_(Teenage_Mutant_Ninja_Turtles),Casey_Jones_(Teenage_Mutant_Ninja_Turtles),link,21
Raphael_(Teenage_Mutant_Ninja_Turtles),Teenage_Mutant_Ninja_Turtles_(1990_film),link,21
Raphael_(archangel),Dhu'l-Qarnayn,link,21
Raphael_(archangel),Gulf_of_Venice,link,21
Raphael_(archangel),John_of_God,link,21
Raphael_(archangel),Saint,link,21
Raphael_(given_name),Rafał,link,21
Raphael_(given_name),Raffaele,link,21
Raphael_(singer),Music_recording_certification,link,21
Raphael_Bob-Waksberg,Attention_deficit_hyperactivity_disorder,link,21
Raphael_Bob-Waksberg,Daria,link,21
Raphael_Bob-Waksberg,Free_Churro,link,21
Raphael_De_Niro,42nd_Street_(Manhattan),link,21
Raphael_Lemkin,Assassination_of_Talaat_Pasha,link,21
Raphael_Lemkin,Huguenots,link,21
Raphael_Obermair,FC_Bayern_Munich,link,21
Raphael_Rooms,The_Oath_of_Leo_III,link,21
Raphael_Saadiq,"Earth,_Wind_&_Fire",link,21
Raphael_Saadiq,Friday_the_13th:_The_Game,link,21
Raphael_Saadiq,Q-Tip_(musician),link,21
Raphael_Semmes,Confederate_States_Navy,link,21
Raphael_Thattil,Major_archbishop,link,21
Raphael_Veiga,Brazil_national_football_team,link,21
Religion_in_pre-Islamic_Arabia,Raphael_(given_name),link,21
Ribauldequin,Leonardo_da_Vinci,link,21
Rob_Font,Raphael_Assunção,link,21
SC_Heerenveen,Raphael_Bove,link,21
SS_Leonardo_da_Vinci,SS_Leonardo_da_Vinci_(1958),link,21
Saint_Jerome_in_the_Wilderness_(Leonardo),Leonardo_da_Vinci,link,21
Sandro_Botticelli,Raphael,link,21
Science_and_inventions_of_Leonardo_da_Vinci,Divina_proportione,link,21
September_8,David_(Michelangelo),link,21
Sleepaway_Camp,June_Diane_Raphael,link,21
St._Nicholas_Antiochian_Orthodox_Cathedral_(Brooklyn),Raphael_of_Brooklyn,link,21
St_Raphael's_Estate,Chunkz,link,21
Symbolist_painting,Pre-Raphaelite_Brotherhood,link,21
Tammany_Hall,Joseph_Raphael_De_Lamar_House,link,21
Teenage_Mutant_Ninja_Turtles_(1990_film),Michelangelo_(Teenage_Mutant_Ninja_Turtles),link,21
Teenage_Mutant_Ninja_Turtles_(2003_TV_series),Raphael_(Teenage_Mutant_Ninja_Turtles),link,21
Teeny_Mutant_Ninja_Turtles,Donatello_(Teenage_Mutant_Ninja_Turtles),link,21
The_Birth_of_Venus,Titian,link,21
The_Last_Judgment_(Michelangelo),Five_Holy_Wounds,link,21
The_League_of_Extraordinary_Gentlemen_(film),Leonardo_da_Vinci,link,21
The_Rape_of_Europa_(Titian),Peter_Paul_Rubens,link,21
The_Romance_of_Leonardo_da_Vinci,Dmitry_Merezhkovsky,link,21
The_Torment_of_Saint_Anthony,List_of_works_by_Michelangelo,link,21
The_Wedding_at_Cana_(Veronese),Michelangelo,link,21
The_Wedding_at_Cana_(Veronese),Raphael,link,21
Theatre_of_Pain,Mickey_Raphael,link,21
Tinto_Brass,Michelangelo_Antonioni,link,21
Titin,Titian,link,21
Vatican_Museums,Michelangelo_Simonetti,link,21
Venus_in_Furs,Titian,link,21
Venus_of_Urbino,List_of_works_by_Titian,link,21
Virgin_of_the_Rocks,List_of_works_by_Leonardo_da_Vinci,link,21
Wiki,Leonardo_da_Vinci,other,21
Yan_Couto,Raphael_Veiga,other,21
other-empty,Italian_ship_Leonardo_da_Vinci,external,21
other-empty,Joseph_Raphael_John_Crimont,external,21
other-empty,Lutz_Raphael,external,21
other-empty,Portrait_of_Cardinal_Alessandro_Farnese_(Raphael),external,21
other-empty,Raphael_Ayagwa,external,21
other-empty,Raphael_Botti,external,21
other-empty,Raphael_Stănescu,external,21
other-empty,Raphael_Zengel,external,21
other-empty,Raphael_Zon,external,21
other-empty,Raphael_de_Mercatellis,external,21
other-empty,The_Baptism_of_Christ_(Donatello),external,21
other-external,Bacchus_(Michelangelo),external,21
other-external,The_Deposition_(Raphael),external,21
other-internal,Leda_and_the_Swan_(Michelangelo),external,21
other-internal,Oddi_Altarpiece_(Raphael),external,21
other-other,Assumption_of_the_Virgin_(Titian),external,21
other-search,Dadala_Raphael_Ramanayya,external,21
other-search,Leonardo_da_Vinci:_The_Flights_of_the_Mind,external,21
other-search,Leonardo_da_Vinci_World_Award_of_Arts,external,21
other-search,Raphael_Beck_(artist),external,21
other-search,Raphael_Bove,external,21
other-search,Raphael_Kandra,external,21
other-search,Raphael_Meyuchas_ben_Shmuel,external,21
other-search,Simcha_Paull_Raphael,external,21
other-search,Sérgio_Raphael,external,21
other-search,When_I_Dream_of_Michelangelo,external,21
1997_UEFA_Champions_League_final,Michelangelo_Rampulla,link,20
2026_Maccabiah_Games,Yuval_Raphael,link,20
Abduction_of_a_Sabine_Woman,Judith_and_Holofernes_(Donatello),link,20
Abyzou,Raphael_(archangel),link,20
Alfred_North_Whitehead,Raphael_Demos,link,20
Amboise,Leonardo_da_Vinci,link,20
Aphrodite,Venus_and_Adonis_(Titian),link,20
Armenians_in_the_United_Kingdom,Alexander_Raphael,link,20
Artistic_Dress,Pre-Raphaelite_Brotherhood,link,20
Auguste_Couder,The_Death_of_Masaccio,link,20
Baroque_painting,David_(Michelangelo),link,20
Baroque_painting,Michelangelo,link,20
Battle_of_Cascina,Battle_of_Cascina_(Michelangelo),link,20
Boreas_(painting),Pre-Raphaelite_Brotherhood,link,20
Brandon_Mychal_Smith,Michelangelo_(Teenage_Mutant_Ninja_Turtles),link,20
Bulgarian_Greek_Catholic_Church,Raphael_Popov,link,20
Caricature,Leonardo_da_Vinci,link,20
Carlo_Ponti,Michelangelo_Antonioni,link,20
Case_Study_Houses,Raphael_Soriano,link,20
Charles_Dance,Michelangelo,link,20
Chicago_(play),Raphael,link,20
Christopher_Columbus,Leonardo_da_Vinci,other,20
Conservation-restoration_of_Leonardo_da_Vinci's_The_Last_Supper,"Santa_Maria_delle_Grazie,_Milan",link,20
Contessina_di_Lorenzo_de'_Medici,Michelangelo,link,20
Cultural_references_to_Leonardo_da_Vinci,Leonardo_da_Vinci,link,20
Danaë_(Titian_paintings),Perseus_and_Andromeda_(Titian),link,20
David_Dimbleby,Adam_Raphael,link,20
David_di_Donatello,Margherita_Buy,link,20
Death_Wish_(Star_Trek:_Voyager),Raphael_Sbarge,link,20
Doge_of_Genoa,Michelangelo_Cambiaso,link,20
Donatello,Tomb_of_Antipope_John_XXIII,link,20
Donatello_(Teenage_Mutant_Ninja_Turtles),Purple,link,20
Emperor,"Portrait_of_Charles_V_(Titian,_Munich)",link,20
Euclidean_geometry,Raphael,link,20
Forced_perspective,David_(Michelangelo),link,20
Ginevra_King,Luca_della_Robbia,link,20
Giulio_Romano,Raphael,link,20
Giuseppe_Maria_Doria,Michelangelo_Cambiaso,link,20
God_the_Father,Michelangelo,link,20
Greek_Orthodox_Patriarchate_of_Antioch,Raphael_of_Brooklyn,link,20
Guardian_angel,Raphael_(archangel),link,20
Haredi_Judaism,Yeshiva_Rabbi_Samson_Raphael_Hirsch,link,20
Hawaii_Five-0_(2010_TV_series)_season_5,Raphael_Sbarge,link,20
History_of_human_sexuality,Leonardo_da_Vinci,link,20
History_of_the_Jews_in_Hong_Kong,Emanuel_Raphael_Belilios,link,20
Ivano_Bordon,Michelangelo_Rampulla,other,20
JaackMaate,Raphael_Rowe,link,20
John_the_Baptist,Leonardo_da_Vinci,link,20
Jonathan_Groff,Raphael_Warnock,link,20
Joseph_Raphael_De_Lamar_House,Joseph_Raphael_De_Lamar,link,20
June_Diane_Raphael,Big_City_Greens,link,20
La_Notte,Michelangelo_Antonioni_filmography,link,20
La_belle_jardinière,Madonna_del_Prato_(Raphael),link,20
Lapis_lazuli,Masaccio,link,20
Lapis_lazuli,Titian,link,20
Leda_and_the_Swan_(Leonardo),Leonardo_da_Vinci,link,20
Leonardo_da_Vinci,Arsène_Houssaye,link,20
Leonardo_da_Vinci,Bargello,link,20
Leonardo_da_Vinci,Christopher_Columbus,other,20
Leonardo_da_Vinci,John_the_Baptist,link,20
Let's_Get_Down_(Tony!_Toni!_Toné!_song),Raphael_Saadiq,link,20
List_of_Dianna_Agron_performances,Dinner_with_Raphael,link,20
List_of_Pre-Raphaelite_paintings,A_Dream_of_the_Past:_Sir_Isumbras_at_the_Ford,link,20
List_of_Pre-Raphaelite_paintings,Alain_Chartier_(painting),link,20
List_of_Pre-Raphaelite_paintings,Autumn_Leaves_(painting),link,20
List_of_Pre-Raphaelite_paintings,Beata_Beatrix,link,20
List_of_Pre-Raphaelite_paintings,Cromwell_on_his_Farm,link,20
List_of_Pre-Raphaelite_paintings,Helen_of_Troy_(painting),link,20
List_of_Pre-Raphaelite_paintings,Mnemosyne_(Rossetti),link,20
List_of_Pre-Raphaelite_paintings,Paolo_and_Francesca_da_Rimini,link,20
List_of_Pre-Raphaelite_paintings,The_Blessed_Damozel,link,20
List_of_Pre-Raphaelite_paintings,The_Garden_of_Pan,link,20
List_of_Pre-Raphaelite_paintings,The_Rescue_(painting),link,20
List_of_Renaissance_figures,Donatello,link,20
List_of_former_Iranian_naval_vessels,SS_Michelangelo,link,20
List_of_paintings_by_Dante_Gabriel_Rossetti,List_of_Pre-Raphaelite_paintings,link,20
List_of_paintings_by_Raphael,La_Madonna_de_Bogota_(Raphael),link,20
List_of_paintings_by_Raphael,La_velata,link,20
List_of_paintings_by_Raphael,"Lorenzo_de'_Medici,_Duke_of_Urbino",link,20
List_of_paintings_by_Raphael,Madonna_del_Granduca,link,20
List_of_paintings_by_Raphael,Saint_Michael_(Raphael),link,20
List_of_paintings_by_Raphael,Three_Graces_(Raphael),link,20
List_of_works_by_Michelangelo,Bargello,link,20
List_of_works_by_Michelangelo,Bearded_Slave,link,20
List_of_works_by_Michelangelo,Manchester_Madonna,link,20
List_of_works_by_Titian,A_Man_with_a_Quilted_Sleeve,link,20
List_of_works_by_Titian,Bacchus_and_Ariadne,link,20
List_of_works_by_Titian,Pastoral_Concert,link,20
Lost_artworks,Leonardo_da_Vinci,link,20
Macchi_C.205_Veltro,Museo_Nazionale_Scienza_e_Tecnologia_Leonardo_da_Vinci,link,20
Main_Page,Raphael_Sbarge,other,20
Michelangelo,Genesis_creation_narrative,link,20
Michelangelo,"Mary,_mother_of_Jesus",link,20
Michelangelo_Rampulla,Massimo_Taibi,link,20
Michelangelo_Rampulla,Stefano_Tacconi,link,20
Mickey_Raphael,Naked_Willie,link,20
Mickey_Raphael,Quarter_Moon_in_a_Ten_Cent_Town,link,20
Moses_(Michelangelo),List_of_works_by_Michelangelo,link,20
Newsnight,Adam_Raphael,link,20
Outing,Michelangelo_Signorile,link,20
Parks_and_Recreation_season_6,June_Diane_Raphael,link,20
Paul_the_Apostle,Michelangelo,link,20
Pedro_Munhoz,Raphael_Assunção,link,20
Personal_life_of_Leonardo_da_Vinci,Polymath,link,20
Pietà_(Michelangelo),1964_New_York_World's_Fair,link,20
Pietà_(Michelangelo),Paradiso,link,20
Pietà_(Michelangelo),Renaissance,link,20
Pope_Leo_X,Raphael_Rooms,link,20
Pope_Paul_III_and_His_Grandsons,Portrait_of_Pope_Paul_III_(Titian),link,20
"Portrait_of_Charles_V_(Titian,_Munich)",List_of_works_by_Titian,link,20
Portrait_of_a_Young_Man_(Raphael),Looted_art,link,20
Pre-Raphaelite_Brotherhood,Charles_Edward_Perugini,link,20
Pre-Raphaelite_Brotherhood,Daniel_Alexander_Williamson,link,20
Pre-Raphaelite_Brotherhood,English_art,link,20
Pre-Raphaelite_Brotherhood,Frederick_Smallfield,link,20
Pre-Raphaelite_Brotherhood,The_Eve_of_St._Agnes,link,20
Provenance,Titian,link,20
Pythagoreanism,Raphael,link,20
Rafał,Raphael_(given_name),link,20
Raphael,Federico_da_Montefeltro,link,20
Raphael,Joshua_Reynolds,link,20
Raphael,Saint_Michael_(Raphael),link,20
Raphael_(Teenage_Mutant_Ninja_Turtles),Josh_Pais,link,20
Raphael_(Teenage_Mutant_Ninja_Turtles),Teenage_Mutant_Ninja_Turtles:_Mutant_Mayhem,link,20
Raphael_(disambiguation),Rafael,link,20
Raphael_(given_name),Deuterocanonical_books,link,20
Raphael_(singer),Let_Them_Talk_(film),link,20
Raphael_Assunção,Pedro_Munhoz,link,20
Raphael_Assunção,Victor_Henry_(fighter),link,20
Raphael_De_Niro,Chuck_Low,other,20
Raphael_Holinshed,Christopher_Marlowe,link,20
Raphael_Holinshed,Samuel_Daniel,link,20
Raphael_I_Bidawid,Hallstrom_House,other,20
Raphael_Lemkin,Karim_Azkoul,link,20
Raphael_Mechoulam,Cannabinoid,link,20
Raphael_Saadiq,Love_of_My_Life_(An_Ode_to_Hip-Hop),link,20
Raphael_Thattil,Syriac_language,link,20
Raphael_Wallfisch,Joanna_Wallfisch,link,20
Raphael_Warnock,List_of_African-American_United_States_senators,link,20
Raphael_Warnock,Martin_Luther_King_Jr.,link,20
Raphael_Warnock,Medicaid_coverage_gap,link,20
Raphaelle_Ortega-David,Ortega_family_(Philippines),link,20
Renaissance_technology,Leonardo_da_Vinci,link,20
Replicas_of_Michelangelo's_David,David_(Verrocchio),link,20
Resurrection_of_Christ_(Raphael),Raphael,link,20
Retro-soul,Raphael_Saadiq,link,20
SS_Leonardo_da_Vinci_(1958),RFA_Maine_(1924),link,20
Saint_George_(Donatello),Bargello,link,20
"Salome_(Titian,_Rome)",Salome,link,20
Self-expansion_model,Michelangelo_phenomenon,link,20
Settler_colonialism,Raphael_Lemkin,link,20
Sextus_Tarquinius,Titian,link,20
Sibyls_(Raphael),Persian_Sibyl,link,20
Siena_Baptistery_of_San_Giovanni,The_Feast_of_Herod_(Donatello),link,20
Sigmund_Freud's_views_on_homosexuality,Leonardo_da_Vinci,link,20
Spring_Temple_Buddha,David_(Michelangelo),link,20
"St._Raphael's_Cathedral_(Dubuque,_Iowa)",Archdiocese_of_Dubuque,link,20
Taddei_Tondo,Michelangelo,link,20
Teenage_Mutant_Ninja_Turtles_III,Donatello_(Teenage_Mutant_Ninja_Turtles),link,20
"Tenderloin,_San_Francisco",Raphael_House,link,20
Texas_Hold_'Em_(song),Raphael_Saadiq,link,20
The_Death_of_Actaeon,Titian,link,20
The_Entombment_(Michelangelo),Michelangelo,link,20
The_Last_Judgment_(Michelangelo),Deesis,link,20
The_Last_Judgment_(Michelangelo),Doom_painting,link,20
The_Lego_Movie,Michelangelo_(Teenage_Mutant_Ninja_Turtles),link,20
The_Marriage_of_the_Virgin_(Raphael),Dome_of_the_Rock,link,20
The_Prophet_(book),Pre-Raphaelite_Brotherhood,link,20
The_Rape_of_Lucrece,Titian,link,20
The_White_Sheik,Michelangelo_Antonioni,link,20
Toni_Yulo-Loyzaga,Raphael_Lotilla,link,20
Vandalism_of_Michelangelo's_Pietà,Messiah_complex,link,20
Venus_(mythology),Titian,link,20
Venus_and_Adonis_(Titian),Danaë_(Titian_paintings),link,20
"Vinci,_Tuscany",Museo_Ideale_Leonardo_da_Vinci,other,20
"Weverton_(footballer,_born_1987)",Raphael_Veiga,link,20
Yo_soy_aquél,Raphael_(singer),link,20
Yuval_Raphael,Tel_Aviv,link,20
Zvi_Hirsch_Kalischer,Samson_Raphael_Hirsch,link,20
other-empty,55th_David_di_Donatello,external,20
other-empty,63rd_David_di_Donatello,external,20
other-empty,66th_David_di_Donatello,external,20
other-empty,69th_David_di_Donatello,external,20
other-empty,David_di_Donatello_for_Best_Short_Film,external,20
other-empty,Dorothy_Wegman_Raphaelson,external,20
other-empty,Dovizia_(Donatello),external,20
other-empty,Michelangelo_(song),external,20
other-empty,Raphael_Assibey-Mensah,external,20
other-empty,Raphael_Fellmer,external,20
other-empty,Raphael_Khouri,external,20
other-empty,Raphael_Mahler,external,20
other-empty,Raphael_Meyuchas_ben_Shmuel,external,20
other-empty,Raphael_Nathan_Nota_Rabinovicz,external,20
other-empty,Raphael_Pyrasch,external,20
other-empty,Raphael_Sassower,external,20
other-empty,Raphael_at_the_Vatican,external,20
other-empty,"Saint_Raphael_Catholic_Church_(Koloa,_Hawaii)",external,20
other-external,Monument_to_Leonardo_da_Vinci,external,20
other-internal,Battle_of_Cascina_(Michelangelo),external,20
other-internal,Raphael_Holzhauser,external,20
other-internal,Sylvia_Raphael,external,20
other-search,Portrait_of_Cardinal_Alessandro_Farnese_(Titian),external,20
other-search,Portrait_of_a_Man_(Raphael),external,20
other-search,Raphael_Kühner,external,20
other-search,Raphaella_Spence,external,20
1995–96_Juventus_FC_season,Michelangelo_Rampulla,link,19
1997–98_Juventus_FC_season,Michelangelo_Rampulla,link,19
1998–99_Juventus_FC_season,Michelangelo_Rampulla,link,19
2025_Africa_Cup_of_Nations,Raphael_Onyedika,link,19
70th_David_di_Donatello,69th_David_di_Donatello,link,19
Alice_DeLamar,Joseph_Raphael_De_Lamar,link,19
Alliances_(Star_Trek:_Voyager),Raphael_Sbarge,link,19
Andrea_del_Sarto_(poem),Robert_Browning,link,19
Angel_(Michelangelo),"San_Domenico,_Bologna",link,19
Arabelle_Raphael,Cherie_DeVille,other,19
Ariadne,Titian,link,19
Art,Michelangelo,link,19
Art_forgery,Sleeping_Cupid_(Michelangelo),link,19
Arthur_Lyon_Fremantle,Raphael_Semmes,link,19
Battle_of_Cascina_(Michelangelo),Sistine_Chapel_ceiling,link,19
Battle_of_Cascina_(Michelangelo),Tomb_of_Pope_Julius_II,link,19
Battle_of_Loano,Michelangelo_Alessandro_Colli-Marchi,link,19
Beata_Beatrix,Pre-Raphaelite_Brotherhood,link,19
Beheading_of_John_the_Baptist,Donatello,link,19
Ben_Starr_(actor),Donatello,link,19
Brunelleschi_Crucifix,Crucifix_(Michelangelo),link,19
C._P._H._Gilbert,Joseph_Raphael_De_Lamar_House,link,19
Crucifixion_(Titian),Titian,link,19
Cruelty_to_animals,Leonardo_da_Vinci,link,19
Da_Vinci's_self_supporting_bridge,Leonardo_da_Vinci,link,19
David_(Michelangelo),Mona_Lisa,link,19
David_and_Goliath_(Caravaggio),David_and_Goliath_(Titian),link,19
David_and_Jonathan,Donatello,link,19
David_di_Donatello_for_Best_Film,The_Eight_Mountains,link,19
De_Niro_(surname),Raphael_De_Niro,link,19
Death_Has_a_Shadow,David_(Michelangelo),link,19
Dionysus,Bacchus_(Michelangelo),link,19
Donatello,The_Ascension_with_Christ_Giving_the_Keys_to_Saint_Peter,link,19
Doug_Collins_(politician),Raphael_Warnock,link,19
Federal_Reserve_Bank_of_Atlanta,Raphael_Bostic,link,19
Galleria_Doria_Pamphilj,"Salome_(Titian,_Rome)",link,19
Henry_Holiday,Pre-Raphaelite_Brotherhood,link,19
History_Workshop_Journal,Raphael_Samuel,link,19
Holographic_principle,Raphael_Bousso,link,19
Hudson_Hawk,Leonardo_da_Vinci,link,19
Investigations_(Star_Trek:_Voyager),Raphael_Sbarge,link,19
Isabella_(Millais_painting),Pre-Raphaelite_Brotherhood,link,19
Italian_Renaissance,The_Last_Judgment_(Michelangelo),link,19
Italian_art,Leonardo_da_Vinci,link,19
Italian_submarine_Enrico_Tazzoli_(1935),Italian_submarine_Leonardo_da_Vinci_(1939),link,19
Ivar_Kreuger,Leonardo_da_Vinci,link,19
John_Garrett_(comics),Leonardo_da_Vinci,link,19
Joseph_Noel_Paton,List_of_Pre-Raphaelite_paintings,link,19
Josh_Pais,Raphael_(Teenage_Mutant_Ninja_Turtles),link,19
José_Manuel_López_(footballer),Raphael_Veiga,other,19
June_Diane_Raphael,Drunk_History,link,19
June_Diane_Raphael,Lady_Dynamite,link,19
La_Scapigliata,List_of_works_by_Leonardo_da_Vinci,link,19
La_belle_jardinière,Raphael,link,19
La_velata,Raphael,link,19
Last_Nite,Gordon_Raphael,link,19
Leda_and_the_Swan_(disambiguation),Leda_and_the_Swan_(Michelangelo),link,19
Leonard_Susskind,Raphael_Bousso,link,19
Leonardo's_horse,Leonardo_da_Vinci,link,19
Leonardo_(given_name),Leonardo_da_Vinci,link,19
Leonardo_da_Vinci,Benvenuto_Cellini,link,19
Leonardo_da_Vinci,Bill_Gates,link,19
Leonardo_da_Vinci,Windsor_Castle,link,19
List_of_Courage_the_Cowardly_Dog_characters,Gerrianne_Raphael,link,19
List_of_Pre-Raphaelite_paintings,A_Vision_of_Fiammetta,link,19
List_of_Pre-Raphaelite_paintings,King_Cophetua_and_the_Beggar_Maid_(painting),link,19
List_of_Pre-Raphaelite_paintings,The_Return_of_the_Dove_to_the_Ark,link,19
List_of_Pre-Raphaelite_paintings,Veronica_Veronese,link,19
List_of_Pre-Raphaelite_paintings,Work_(painting),link,19
List_of_compositions_by_Dmitri_Shostakovich,Suite_on_Verses_of_Michelangelo_Buonarroti,link,19
List_of_mixed_martial_artists_with_professional_boxing_records,Raphael_Butler,link,19
List_of_paintings_by_Raphael,Creation_of_the_World_(Raphael),link,19
List_of_paintings_by_Raphael,"Pinacoteca_Comunale,_Città_di_Castello",link,19
List_of_paintings_by_Raphael,Portrait_of_Doña_Isabel_de_Requesens_y_Enríquez_de_Cardona-Anglesola,link,19
List_of_paintings_by_Raphael,Portrait_of_Guidobaldo_da_Montefeltro,link,19
List_of_paintings_by_Raphael,The_Parnassus,link,19
List_of_works_by_Leonardo_da_Vinci,Giovanni_Ambrogio_de_Predis,link,19
List_of_works_by_Leonardo_da_Vinci,Lucretia,link,19
List_of_works_by_Leonardo_da_Vinci,Uffizi,link,19
List_of_works_by_Michelangelo,Italian_Renaissance,link,19
List_of_works_by_Michelangelo,Pitti_Tondo,link,19
List_of_works_by_Titian,La_Schiavona,link,19
List_of_works_by_Titian,Venus_and_Adonis_(Titian),link,19
"Lives_of_the_Most_Excellent_Painters,_Sculptors,_and_Architects",Leonardo_da_Vinci,link,19
Louvre,Michelangelo,link,19
Louvre,Raphael,link,19
Lucan_portrait_of_Leonardo_da_Vinci,Cristofano_dell'Altissimo,link,19
Lynne_Lipton,Gerrianne_Raphael,link,19
Madonna_Litta,Leonardo_da_Vinci,link,19
Madonna_of_the_Rabbit,Titian,link,19
Marvin_Shore,Raphael_Shore,link,19
Masaccio,"Santa_Maria_del_Carmine,_Florence",link,19
Matteo_Garrone,David_di_Donatello,link,19
May_Morris,Pre-Raphaelite_Brotherhood,link,19
Medusa,Leonardo_da_Vinci,link,19
Michelangelo,Agostino_di_Duccio,link,19
Michelangelo,Battle_of_Anghiari,link,19
Michelangelo,Jacopo_della_Quercia,link,19
Michelangelo_(Teenage_Mutant_Ninja_Turtles),Teenage_Mutant_Ninja_Turtles:_Mutant_Mayhem,link,19
Michelangelo_(computer_virus),Barrotes,link,19
Michelangelo_Rampulla,Angelo_Peruzzi,link,19
Monica_Vitti,David_di_Donatello_for_Best_Actress,link,19
Morris_&_Co.,Pre-Raphaelite_Brotherhood,link,19
Museo_Nazionale_Scienza_e_Tecnologia_Leonardo_da_Vinci,Thermal_power_station_Regina_Margherita,link,19
National_Gallery,Leonardo_da_Vinci,link,19
National_Gallery_of_Art,Saint_George_and_the_Dragon_(Raphael),link,19
National_Museum_in_Kraków,Portrait_of_a_Young_Man_(Raphael),link,19
Niccolò_Machiavelli,Michelangelo,other,19
Nickelodeon_Kart_Racers_3:_Slime_Speedway,Raphael_(Teenage_Mutant_Ninja_Turtles),link,19
Once_Upon_a_Time_season_7,Raphael_Sbarge,link,19
Pacification_of_Algeria,Raphael_Lemkin,link,19
Palace_of_Whitehall,Michelangelo,link,19
Palazzo_Medici_Riccardi,Judith_and_Holofernes_(Donatello),link,19
Personal_life_of_Leonardo_da_Vinci,A_Treatise_on_Painting,link,19
Perspective_(graphical),Holy_Trinity_(Masaccio),link,19
Poland,Leonardo_da_Vinci,link,19
Pre-Raphaelite_Brotherhood,Atalanta,link,19
Pre-Raphaelite_Brotherhood,Gustave_Moreau,link,19
Rai_1,David_di_Donatello,link,19
Raphael,Couplet,link,19
Raphael,Paris_de_Grassis,link,19
Raphael,Teenage_Mutant_Ninja_Turtles,other,19
Raphael,Three_Graces_(Raphael),link,19
Raphael_(Teenage_Mutant_Ninja_Turtles),Omar_Benson_Miller,link,19
Raphael_(archangel),Angel,link,19
Raphael_(archangel),Eastern_Orthodox_Church,link,19
Raphael_(archangel),Lucifer,link,19
Raphael_(archangel),Main_Page,other,19
Raphael_(archangel),Shema,link,19
Raphael_Assunção,Rob_Font,link,19
Raphael_Evers,Theo_van_Gogh_(film_director),link,19
Raphael_Lemkin,Hersch_Lauterpacht,link,19
Raphael_Maitimo,PS_Lampung_Sakti,link,19
Raphael_Patai,The_Arab_Mind,link,19
Raphael_Rooms,Liberation_of_Saint_Peter_(Raphael),link,19
Raphael_Rooms,Michelangelo,link,19
Raphael_Rooms,Urbino,link,19
Raphael_Saadiq,Dance_Tonight_(Lucy_Pearl_song),link,19
Raphael_Saadiq,Jill_Scott_(singer),link,19
Raphael_Saadiq_production_discography,Introducing_Joss_Stone,link,19
Raphael_Silva,Al_Faisaly_FC,link,19
Raphael_Veiga,SC_Corinthians_Paulista_(youth),link,19
Raphael_Warnock,Allie_Beth_Stuckey,link,19
Raphael_Warnock,Juneteenth,link,19
Raphael_Warnock,Respect_for_Marriage_Act,link,19
Raphael_of_Brooklyn,Exclusivism,link,19
Republic_of_Venice,Titian,link,19
"Risen_Christ_(Michelangelo,_Santa_Maria_sopra_Minerva)",Brutus_(Michelangelo),link,19
Robert_J._Flaherty,The_Titan:_Story_of_Michelangelo,link,19
Ross_King_(author),Michelangelo_and_the_Pope's_Ceiling,link,19
SS_Michelangelo,SS_United_States,link,19
"Saint_George_(Raphael,_Louvre)",Saint_Michael_(Raphael),link,19
"Salome_(Titian,_Rome)",Titian,link,19
Satan,Raphael,link,19
Sebastiano_del_Piombo,Michelangelo,link,19
Second_Battle_of_Saorgio,Michelangelo_Alessandro_Colli-Marchi,link,19
Separation_of_Light_from_Darkness,Michelangelo,link,19
Stella_Barey,Arabelle_Raphael,other,19
Stone_Rollin',Raphael_Saadiq,link,19
Tacumbú_prison,Raphael_Rowe,link,19
Teenage_Mutant_Ninja_Turtles_III,Michelangelo_(Teenage_Mutant_Ninja_Turtles),link,19
Terrace_Martin,Raphael_Saadiq,link,19
The_Agony_and_the_Ecstasy_(novel),Michelangelo_and_the_Medici,link,19
The_Associate_(1996_film),Sally_Jessy_Raphael,link,19
The_Conversion_of_Saul_(Michelangelo),Cappella_Paolina,link,19
The_Deposition_(Raphael),Raphael,link,19
The_Fall_of_Man_(Titian),The_Fall_of_Man_(Rubens),link,19
The_Last_Judgment_(Michelangelo),Altar,link,19
The_Last_Judgment_(Michelangelo),Camposanto_Monumentale,link,19
The_Last_Supper_(Leonardo),Michelangelo,link,19
The_Martyrdom_of_Saint_Matthew_(Caravaggio),The_Assassination_of_Saint_Peter_Martyr_(Titian),link,19
The_Phil_Donahue_Show,Sally_Jessy_Raphael,link,19
The_Renaissance_(Q-Tip_album),Raphael_Saadiq,link,19
The_Virgin_and_Child_with_Saint_Anne_(Leonardo),"Leonardo_da_Vinci,_A_Memory_of_His_Childhood",link,19
Thomas_Tharayil_(archbishop_of_Changanassery),Raphael_Thattil,link,19
Titian,Anne_of_Green_Gables,link,19
Titian,Philip_II_of_Spain,link,19
Tobias_and_the_Angel,The_Archangel_Raphael_and_Tobias_(Titian),link,19
Townsend_Coleman,Michelangelo_(Teenage_Mutant_Ninja_Turtles),link,19
Valeria_Golino,David_di_Donatello,link,19
Venus_Anadyomene_(Titian),Crouching_Venus,link,19
Zaphkiel,Raphael_(archangel),link,19
Zorro_Ranch,Raphael_(archangel),link,19
other-empty,Edwin_Raphael,external,19
other-empty,Jacob_Raphael_Cohen,external,19
other-empty,Lenore_Raphael,external,19
other-empty,Leonardo_da_Vinci_(Stanley_book),external,19
other-empty,Michelangelo_Simonetti,external,19
other-empty,Raphael_Blau,external,19
other-empty,Raphael_Bronstein,external,19
other-empty,Raphael_Draccon,external,19
other-empty,Raphael_Duarte,external,19
other-empty,Raphael_Ohin,external,19
other-empty,Steven_Raphael,external,19
other-external,Andrea_del_Sarto,external,19
other-external,List_of_Pre-Raphaelite_paintings,external,19
other-external,Michelangelo_Pistoletto,external,19
other-internal,Cultural_references_to_Leonardo_da_Vinci,external,19
other-internal,Dana_Raphael,external,19
other-internal,La_Perla_(Raphael),external,19
other-internal,Striped_Raphael_catfish,external,19
other-internal,Vision_of_a_Knight_(Raphael),external,19
other-other,Science_and_inventions_of_Leonardo_da_Vinci,external,19
other-other,Transfiguration_(Raphael),external,19
other-search,Claire_Raphael_Reis,external,19
other-search,"Feast_of_Saint_Raphael,_Ollur",external,19
other-search,Jean-Claude_Raphael,external,19
other-search,Lennox_Raphael,external,19
other-search,Leonardo_da_Vinci_Gymnasium,external,19
other-search,Raphael_Berdugo,external,19
other-search,Raphael_Eduard_Liesegang,external,19
other-search,Raphael_Friedeberg,external,19
other-search,Raphael_Haaser,external,19
other-search,Raphael_Reis,external,19
other-search,Raphael_Sonenshein,external,19
other-search,The_Titan:_Story_of_Michelangelo,external,19
other-search,Università_Leonardo_da_Vinci,external,19
67th_Academy_Awards,Michelangelo_Antonioni,link,18
A*_search_algorithm,Bertram_Raphael,link,18
A_Treatise_on_Painting,Leonardo_da_Vinci,link,18
Accademia_del_Cinema_Italiano,David_di_Donatello,link,18
Altarpiece,Assumption_of_the_Virgin_(Titian),link,18
Andrea_del_Sarto,Raphael,link,18
Andrea_del_Sarto,The_Disputation_on_the_Trinity,link,18
Anton_Raphael_Mengs,Maria_Luisa_of_Spain,link,18
April_O'Neil,Raphael_(Teenage_Mutant_Ninja_Turtles),link,18
August_28,Raphael_Matos,link,18
Azariah,Raphael_(archangel),link,18
BETASOM,Italian_submarine_Leonardo_da_Vinci_(1939),link,18
Bacchus_(Leonardo),Leonardo_da_Vinci,link,18
Battle_of_the_Centaurs_(Michelangelo),Lapiths,link,18
Benois_Madonna,Leonardo_da_Vinci,link,18
Brancacci_Chapel,The_Tribute_Money_(Masaccio),link,18
Caravaggio,Raphael,link,18
Carrara_marble,Michelangelo,link,18
Carrara_marble,Pietà_(Michelangelo),link,18
Children_of_Men,David_(Michelangelo),link,18
Chris_Rokos,Diana_and_Actaeon_(Titian),link,18
Claudia_Cardinale,David_di_Donatello_for_Best_Actress,link,18
Codex_Leicester,Michelangelo,link,18
Crouching_Boy,Apollo_(Michelangelo),link,18
Da_Vinci_(disambiguation),Leonardo_da_Vinci,link,18
Daniel_Hugh_Kelly,Raphael_Sbarge,other,18
David_(Michelangelo),Arte_della_Lana,link,18
David_(Michelangelo),Miseglia,link,18
David_di_Donatello,Sophia_Loren,link,18
David_di_Donatello_for_Best_Actress,Valeria_Golino,link,18
David_di_Donatello_for_Best_Film,Perfect_Strangers_(2016_film),link,18
Demi-lancer,Titian,link,18
Diana_and_Actaeon,Diana_and_Actaeon_(Titian),link,18
Donatello,Cosimo_de'_Medici,link,18
Donatello,Nanni_di_Bartolo,link,18
Donatello_(Teenage_Mutant_Ninja_Turtles),Sam_Riegel,link,18
Donatello_(Teenage_Mutant_Ninja_Turtles),Tales_of_the_Teenage_Mutant_Ninja_Turtles_(TV_series),link,18
Donatello_(Teenage_Mutant_Ninja_Turtles),Teenage_Mutant_Ninja_Turtles_(1987_TV_series),link,18
Engineering,Leonardo_da_Vinci,link,18
Frederick_Sandys,List_of_Pre-Raphaelite_paintings,link,18
Galatea_(Raphael),Nereids,link,18
Galatea_(Raphael),Polyphemus,link,18
Gentile_Bellini,Titian,link,18
Get_Involved_(Raphael_Saadiq_and_Q-Tip_song),Tasha_Taylor,link,18
Girlfriend's_Day,June_Diane_Raphael,link,18
Gordon_Raphael,Pinc_Louds,link,18
Gordon_Raphael,Sky_Cries_Mary,link,18
Guidobaldo_II_della_Rovere,Titian,link,18
Henry_Tate,Pre-Raphaelite_Brotherhood,link,18
Henry_Wallis,Pre-Raphaelite_Brotherhood,link,18
History_of_the_Jews_in_Kolkata,Emanuel_Raphael_Belilios,link,18
Itchy_&_Scratchy_&_Marge,David_(Michelangelo),link,18
Jeffrey_Archer,Adam_Raphael,link,18
Joan_Sebastian,Raphael_(singer),other,18
June_Diane_Raphael,Marry_Me_(American_TV_series),link,18
K_Beerschot_VA,Raphael_Holzhauser,link,18
La_Belle_Dame_sans_Merci,Pre-Raphaelite_Brotherhood,link,18
Largest_known_prime_number,Raphael_M._Robinson,link,18
Last_Supper,Leonardo_da_Vinci,link,18
Leda_and_the_Swan,Michelangelo,link,18
Leda_and_the_Swan_(Leonardo),List_of_works_by_Leonardo_da_Vinci,link,18
Leonardo_da_Vinci,Emanuele_Repetti,link,18
Leonardo_da_Vinci,Nicolaus_Copernicus,other,18
Leonardo_da_Vinci,Nikola_Tesla,other,18
Leonardo_da_Vinci,Viola_organista,link,18
Leonardo_da_Vinci_Medal,John_Krige,link,18
List_of_Islamic_State_members,Raphael_Hostey,link,18
List_of_Pre-Raphaelite_paintings,"Cromwell,_Protector_of_the_Vaudois",link,18
List_of_Pre-Raphaelite_paintings,Frederick_Sandys,link,18
List_of_Pre-Raphaelite_paintings,Hylas_and_the_Nymphs_(painting),link,18
List_of_Pre-Raphaelite_paintings,Venus_Verticordia_(Rossetti),link,18
List_of_Prison_Break_characters,Raphael_Sbarge,link,18
List_of_Renaissance_figures,Raphael,link,18
List_of_Rise_of_the_Teenage_Mutant_Ninja_Turtles_characters,Raphael_(Teenage_Mutant_Ninja_Turtles),link,18
List_of_Vertigo_Comics_publications,Chiaroscuro:_The_Private_Lives_of_Leonardo_da_Vinci,link,18
List_of_companies_of_Mauritius,Raphael_Fishing_Company,link,18
List_of_monuments_and_memorials_removed_during_the_George_Floyd_protests,Statue_of_Raphael_Semmes,link,18
List_of_paintings_by_Raphael,Ezekiel's_Vision_(Raphael),link,18
List_of_paintings_by_Raphael,Galatea_(Raphael),link,18
List_of_paintings_by_Raphael,La_Perla_(Raphael),link,18
List_of_paintings_by_Raphael,The_Marriage_of_the_Virgin_(Raphael),link,18
List_of_people_from_Milan,Michelangelo_Antonioni,link,18
List_of_stolen_paintings,Rest_on_the_Flight_into_Egypt_(Titian),link,18
List_of_works_by_Leonardo_da_Vinci,"Giuliano_de'_Medici,_Duke_of_Nemours",link,18
List_of_works_by_Leonardo_da_Vinci,Louvre,link,18
List_of_works_by_Leonardo_da_Vinci,Pentimento,link,18
List_of_works_by_Michelangelo,Cappella_Paolina,link,18
List_of_works_by_Michelangelo,Importuno_di_Michelangelo,link,18
List_of_works_by_Michelangelo,Palazzo_Farnese,link,18
List_of_works_by_Titian,Miracle_of_the_Jealous_Husband,link,18
Living_creatures_(Bible),Raphael_(archangel),link,18
Lost_artworks,Titian,link,18
Madonna_of_the_Stairs,Michelangelo,link,18
Madonna_of_the_Yarnwinder,Leonardo_da_Vinci,link,18
Main_Page,Yuval_Raphael,other,18
Mannerism,The_Last_Judgment_(Michelangelo),link,18
Manning_Marable,Raphael_Patai,link,18
Margaret_Cilento,Raphael_Cilento,link,18
Maria_Luisa_of_Spain,Anton_Raphael_Mengs,link,18
Masaccio,Gentile_da_Fabriano,link,18
Masaccio,Vanishing_point,link,18
Masolino_da_Panicale,Masaccio,link,18
Matilda_De_Angelis,David_di_Donatello_for_Best_Supporting_Actress,link,18
Medici_Madonna,Michelangelo,link,18
Michael_Recanati,Raphael_Recanati,link,18
Michelangelo,Banister_Fletcher,link,18
Michelangelo,Bartholomew_the_Apostle,link,18
Michelangelo,"Santa_Maria_di_Loreto,_Rome",link,18
Michelangelo,The_Prophet_Isaiah_(Raphael),link,18
Michelangelo_(Teenage_Mutant_Ninja_Turtles),Noel_Fisher,link,18
Michelangelo_(Teenage_Mutant_Ninja_Turtles),Okinawan_kobudō,link,18
Michelangelo_(Teenage_Mutant_Ninja_Turtles),Qigong,link,18
Michelangelo_Alessandro_Colli-Marchi,First_Battle_of_Saorgio,link,18
Michelangelo_Antonioni,Jean-Luc_Godard,link,18
Michelangelo_Pistoletto,Venus_of_the_Rags,link,18
Michelangelo_Signorile,Liz_Smith_(journalist),link,18
Mona_Lisa,Michelangelo,link,18
Moses_(Michelangelo),Book_of_Exodus,link,18
Museo_dell'Opera_del_Duomo_(Florence),Penitent_Magdalene_(Donatello),link,18
My_Man_Adam,Raphael_Sbarge,link,18
Naked_News,Sally_Jessy_Raphael,link,18
Nassim_Nicholas_Taleb,Raphael_Douady,link,18
New_Girl_season_2,June_Diane_Raphael,link,18
Penitent_Magdalene_(Caravaggio),"Penitent_Magdalene_(Titian,_1531)",link,18
Percy_the_Park_Keeper,Raphael_Park,link,18
Personal_life_of_Leonardo_da_Vinci,The_Life_of_Leonardo_da_Vinci,link,18
Petals_of_Reincarnation,Leonardo_da_Vinci,link,18
Philippe_Leroy,The_Life_of_Leonardo_da_Vinci,link,18
Photography,Leonardo_da_Vinci,link,18
Pietro_Boselli,David_(Michelangelo),link,18
Portrait_of_a_Man_in_Red_Chalk,List_of_works_by_Leonardo_da_Vinci,link,18
Portrait_of_a_Musician,List_of_works_by_Leonardo_da_Vinci,link,18
Pre-Raphaelite_Brotherhood,The_Day_Dream_(Rossetti),link,18
Pre-Raphaelite_Brotherhood,William_Dyce,link,18
Prison_Break_season_4,Raphael_Sbarge,link,18
Putto,Donatello,link,18
Raffael,Raphael,link,18
Rape,Titian,link,18
Raphael,Oddi_Altarpiece_(Raphael),link,18
Raphael,Painting,link,18
Raphael_(archangel),General_Roman_Calendar,link,18
Raphael_Assunção,Erik_Koch,link,18
Raphael_Assunção,Jorge_Masvidal,link,18
Raphael_Bocco,JKT_Tanzania,link,18
Raphael_Demos,Martin_Luther_King_Jr.,link,18
Raphael_Lea'i,Honiara,link,18
Raphael_Nathan,Ono_Academic_College,link,18
Raphael_Ravenscroft,Lyricon,link,18
Raphael_Ravenscroft,Stoke-on-Trent,link,18
Raphael_Ravenscroft,The_Pros_and_Cons_of_Hitch_Hiking,link,18
Raphael_Rooms,The_Fire_in_the_Borgo,link,18
Raphael_Rowe,Camino_de_Santiago,link,18
Raphael_Rowe,Kenneth_Noye,other,18
Raphael_Saadiq,Predator:_Hunting_Grounds,link,18
Raphael_Saadiq,Untitled_(How_Does_It_Feel),link,18
Raphael_Sbarge,Star_Wars:_Republic_Commando,link,18
Raphael_Semmes,Battle_of_Sailor's_Creek,link,18
Raphael_Semmes,"Catholic_Cemetery_(Mobile,_Alabama)",link,18
Raphael_Semmes,Statue_of_Raphael_Semmes,link,18
Raphael_Soyer,Isaac_Soyer,link,18
Raphael_Thattil,Thrissur,link,18
Raphael_Warnock,Bernie_Sanders,link,18
Raphael_Warnock,Joe_Biden,link,18
Raphael_Warnock,Kamala_Harris,link,18
Raphael_Warnock,Sic,link,18
Raphaelle_Standell-Preston,Blue_Hawaii_(band),link,18
Renaissance_sculpture,David_(Michelangelo),link,18
SS_Michelangelo,SS_France_(1960),link,18
Saint_Catherine_of_Alexandria_(Raphael),Raphael,link,18
Saint_Matthew_(Michelangelo),List_of_works_by_Michelangelo,link,18
Saint_Proculus_(Michelangelo),Michelangelo,link,18
Samson_Raphael_Hirsch,Isaac_Bernays,link,18
Sauro-class_submarine,Italian_submarine_Leonardo_da_Vinci_(S_520),link,18
Science_and_inventions_of_Leonardo_da_Vinci,Leonardo's_fighting_vehicle,link,18
Science_and_inventions_of_Leonardo_da_Vinci,Mirror_writing,link,18
Self-Portrait_with_a_Friend,Raphael,link,18
Seraph,Raphael_(archangel),link,18
Sfumato,Leonardo_da_Vinci,link,18
Shotgun_Willie,Mickey_Raphael,link,18
Sibyls_(Raphael),Phrygian_Sibyl,link,18
Sibyls_(Raphael),Tiburtine_Sibyl,link,18
Sky_Cries_Mary,Gordon_Raphael,link,18
Sleeper_hit,Raphael_Saadiq,link,18
Sons_of_Soul,Raphael_Saadiq,link,18
Statistical_hypothesis_test,Raphael_Weldon,link,18
Tabloid_talk_show,Sally_Jessy_Raphael,link,18
Talmud,Samson_Raphael_Hirsch,link,18
Teenage_Mutant_Ninja_Turtles_III,Raphael_(Teenage_Mutant_Ninja_Turtles),link,18
The_Battle_of_Anghiari_(Leonardo),List_of_works_by_Leonardo_da_Vinci,link,18
The_Beguiling_of_Merlin,Pre-Raphaelite_Brotherhood,link,18
The_Conversion_of_Saul_(Michelangelo),Paul_the_Apostle,link,18
"The_Creation_of_the_Sun,_Moon,_and_Plants",List_of_works_by_Michelangelo,link,18
The_Crucifixion_of_Saint_Peter_(Michelangelo),Michelangelo,link,18
The_Knight_Errant_(painting),Pre-Raphaelite_Brotherhood,link,18
The_Last_Judgment_(Michelangelo),Christ_in_Majesty,link,18
The_Last_Judgment_(Michelangelo),War_in_Heaven,link,18
The_Mass_at_Bolsena,Raphael_Rooms,link,18
The_Michelangelo,Starhotels,link,18
The_Mystery_of_Oberwald,Michelangelo_Antonioni,link,18
Titian,Art_of_Europe,link,18
Titian,Leonardo_da_Vinci,link,18
"United_States_Senate_Committee_on_Banking,_Housing,_and_Urban_Affairs",Raphael_Warnock,link,18
United_States_Senate_Special_Committee_on_Aging,Raphael_Warnock,link,18
Venus_Anadyomene_(Titian),Titian,link,18
Wake_Island,Titian_Peale,link,18
William_Blake,Pre-Raphaelite_Brotherhood,link,18
other-empty,52nd_David_di_Donatello,external,18
other-empty,Alan_Raphael,external,18
other-empty,David_di_Donatello_for_Best_Editing,external,18
other-empty,David_di_Donatello_for_Best_Visual_Effects,external,18
other-empty,Michelangelo_and_the_Pope's_Ceiling,external,18
other-empty,Raphael_Haaser,external,18
other-empty,Raphael_Mello,external,18
other-empty,Raphael_Morscher,external,18
other-empty,Raphael_Ritz,external,18
other-empty,Shaun_Raphael_Mena,external,18
other-empty,Vanity_(Titian),external,18
other-empty,Yedidyah_Raphael_Chai_Abulafiya,external,18
other-external,Raphael_de_Mercatellis,external,18
other-internal,Battle_of_the_Centaurs_(Michelangelo),external,18
other-internal,"Leonardo_da_Vinci,_A_Memory_of_His_Childhood",external,18
other-internal,"Raphael,_or_The_Debauched_One",external,18
other-internal,Samson_Raphaelson,external,18
other-internal,Sisyphus_(Titian),external,18
other-internal,The_Life_of_Leonardo_da_Vinci,external,18
other-search,David_di_Donatello_for_Best_Foreign_Actor,external,18
other-search,Dorothy_Wegman_Raphaelson,external,18
other-search,Geela_Rayzel_Raphael,external,18
other-search,Guild_of_St_Raphael,external,18
other-search,Landscape_with_Tobias_and_Raphael,external,18
other-search,Lenore_Raphael,external,18
other-search,Raphael_Aflalo,external,18
other-search,Raphael_Botsyo_Nkegbe,external,18
other-search,Raphael_Luz,external,18
other-search,Raphael_Sealey,external,18
other-search,Raphael_Wong,external,18
other-search,"St._Raphael's_College,_Loughrea",external,18
2012_AFF_Championship,Raphael_Maitimo,link,17
2012–13_West_Ham_United_F.C._season,Raphael_Spiegel,link,17
23rd_Academy_Awards,The_Titan:_Story_of_Michelangelo,link,17
Agostino_Chigi,Galatea_(Raphael),link,17
Airplane,Leonardo_da_Vinci,link,17
Alessandro_Moreschi,Titian,link,17
Anne_Wiazemsky,"Raphael,_or_The_Debauched_One",link,17
Anthony_Padilla,Raphael,link,17
Atrocities_in_the_Congo_Free_State,Raphael_Lemkin,link,17
Auguste_Rodin,Michelangelo,link,17
Baby_Einstein,Leonardo_da_Vinci,link,17
Basilicata,Lucan_portrait_of_Leonardo_da_Vinci,link,17
Battle_of_Cascina_(Michelangelo),Bastiano_da_Sangallo,link,17
Beatrice_Portinari,Pre-Raphaelite_Brotherhood,link,17
Better_Days_(TV_series),Raphael_Sbarge,link,17
Brigitte_Fossey,"Raphael,_or_The_Debauched_One",link,17
Brunelleschi_Crucifix,Santa_Croce_Crucifix_(Donatello),link,17
Cappella_Paolina,Michelangelo,link,17
Catharism,Raphael_Lemkin,link,17
Catherine_of_Alexandria,Saint_Catherine_of_Alexandria_(Raphael),link,17
Charles_Willson_Peale,Titian_Peale,link,17
Cleaner_fish,Striped_Raphael_catfish,link,17
Communist_Party_Historians_Group,Raphael_Samuel,link,17
Cristofano_dell'Altissimo,Titian,link,17
Daniele_da_Volterra,The_Deposition_(Michelangelo),link,17
David_(disambiguation),Replicas_of_Michelangelo's_David,link,17
David_di_Donatello_for_Best_Actress,Gina_Lollobrigida,link,17
Decadent_movement,Pre-Raphaelite_Brotherhood,link,17
Dexter_season_5,Raphael_Sbarge,link,17
Divina_proportione,Leonardo_da_Vinci,link,17
Domus_Aurea,Michelangelo,link,17
Donatello,International_Gothic,link,17
Donatello,Main_Page,other,17
Donatello,Saint_Louis_of_Toulouse_(Donatello),link,17
Donatello_(Teenage_Mutant_Ninja_Turtles),Josh_Brener,link,17
Donatello_(Teenage_Mutant_Ninja_Turtles),Teenage_Mutant_Ninja_Turtles_(2014_film),link,17
Dubrovnik_Cathedral,Assumption_of_the_Virgin_(Titian),link,17
Ecce_Homo_(disambiguation),"Ecce_Homo_(Titian,_Vienna)",link,17
Eden_Golan,Yuval_Raphael,link,17
El_Greco,Michelangelo,link,17
El_Greco,Raphael,link,17
Eurovision_Song_Contest_1967,Raphael_(singer),link,17
Fanny_Eaton,Pre-Raphaelite_Brotherhood,link,17
Financial_Review_Rich_List_2025,Raphael_Geminder,link,17
Flaying_of_Marsyas_(Titian),Kroměříž,link,17
Flora_(Titian),Woman_with_a_Mirror,link,17
Fresco,Raphael_Rooms,link,17
Frick_Collection,Titian,link,17
Galatea_(Raphael),List_of_paintings_by_Raphael,link,17
Gallerie_dell'Accademia,Leonardo_da_Vinci,link,17
Glückel_of_Hameln,Samson_Raphael_Hirsch,link,17
God_the_Father,Ezekiel's_Vision_(Raphael),link,17
Golden_Wind_(manga),David_(Michelangelo),link,17
Grand_Duchess_Olga_Nikolaevna_of_Russia,David_(Michelangelo),link,17
Greek_mythology,Raphael,link,17
Halki_seminary,Raphael_of_Brooklyn,link,17
Happy_Together_(1997_film),Michelangelo_Antonioni,link,17
Henna,Pre-Raphaelite_Brotherhood,link,17
High_Renaissance,Andrea_del_Sarto,link,17
History_of_art,Leonardo_da_Vinci,link,17
Isabella_Stewart_Gardner_Museum,Titian,link,17
Isabella_Stewart_Gardner_Museum_theft,Raphael,link,17
Italian_campaigns_of_the_French_Revolutionary_Wars,Michelangelo_Alessandro_Colli-Marchi,link,17
Italian_submarine_Leonardo_da_Vinci_(1939),SS_Lulworth_Hill,link,17
Jacopo_Saltarelli,Personal_life_of_Leonardo_da_Vinci,link,17
Jargon_File,Raphael_Finkel,link,17
June_Diane_Raphael,Bajillion_Dollar_Propertie$,link,17
June_Diane_Raphael,Home_Economics_(TV_series),link,17
Justice_League_Unlimited,Raphael_Sbarge,link,17
Kristin_Lavransdatter,Pre-Raphaelite_Brotherhood,link,17
L.H.O.O.Q.,Leonardo_da_Vinci,link,17
La_Bella,Titian,link,17
La_chimera,69th_David_di_Donatello,link,17
Lauryn_Hill,Raphael_Saadiq,link,17
Leonardo_da_Vinci,Equestrian_statue_of_Gattamelata,link,17
Leonardo_da_Vinci,Italian_Renaissance,link,17
Leonardo_da_Vinci,Marcantonio_della_Torre,link,17
Leonardo_da_Vinci,Phrenology,link,17
Leonardo_da_Vinci,The_Virgin_and_Child_with_Saint_Anne_(cartoon),link,17
Lewis_Mumford,Leonardo_da_Vinci_Medal,link,17
Life_expectancy,Michelangelo,link,17
Lifebuoy,Leonardo_da_Vinci,link,17
Lisa_Simone,Raphael_(singer),link,17
List_of_21st-century_religious_leaders,Raphael_Thattil,link,17
List_of_American_Civil_War_generals_(Confederate),Raphael_Semmes,link,17
List_of_Assassin's_Creed_characters,Leonardo_da_Vinci,link,17
List_of_Chennaiyin_FC_players,Raphael_Augusto,link,17
List_of_Irish_Nobel_laureates_and_nominees,Raphael_Armattoe,link,17
List_of_Pre-Raphaelite_paintings,Bocca_Baciata,link,17
List_of_Pre-Raphaelite_paintings,Chill_October,link,17
List_of_Pre-Raphaelite_paintings,Circe_Invidiosa,link,17
List_of_Pre-Raphaelite_paintings,In_Time_of_Peril,link,17
List_of_Pre-Raphaelite_paintings,List_of_paintings_by_Dante_Gabriel_Rossetti,link,17
List_of_Pre-Raphaelite_paintings,Mrs_Campbell_McInnes_(painting),link,17
List_of_Pre-Raphaelite_paintings,The_Black_Brunswicker,link,17
List_of_Pre-Raphaelite_paintings,The_Eve_of_St._Agnes,link,17
List_of_Pre-Raphaelite_paintings,The_Vale_of_Rest,link,17
List_of_current_Christian_leaders,Raphael_Thattil,link,17
List_of_last_words,Leonardo_da_Vinci,link,17
List_of_paintings_by_Edward_Burne-Jones,List_of_Pre-Raphaelite_paintings,link,17
List_of_paintings_by_Raphael,La_belle_jardinière,link,17
List_of_paintings_by_Raphael,Madonna_della_Seggiola,link,17
List_of_paintings_by_Raphael,Portrait_of_a_Young_Woman_(La_Muta),link,17
List_of_people_from_Milan,Leonardo_da_Vinci,link,17
List_of_statues_of_Jesus,Crucifix_(Michelangelo),link,17
List_of_works_by_Leonardo_da_Vinci,Cesare_da_Sesto,link,17
List_of_works_by_Leonardo_da_Vinci,Michelangelo,other,17
List_of_works_by_Leonardo_da_Vinci,Sforza_Castle,link,17
List_of_works_by_Leonardo_da_Vinci,Unfinished_creative_work,link,17
List_of_works_by_Michelangelo,Castel_Sant'Angelo,link,17
List_of_works_by_Michelangelo,Pope_Julius_II,link,17
List_of_works_by_Titian,The_Bacchanal_of_the_Andrians,link,17
List_of_works_by_Titian,Vanity_(Titian),link,17
Lucretia,Titian,link,17
Luke_Brugnara,List_of_works_by_Leonardo_da_Vinci,link,17
Madonna_and_Child_with_the_Book,Raphael,link,17
Madonna_del_Prato_(Raphael),Madonna_del_Prato_(Bellini),link,17
Major_archbishop,Raphael_Thattil,link,17
Mannerism,Titian,link,17
Mary_Magdalene,The_Deposition_(Raphael),link,17
Masaccio,Donatello,link,17
Masaccio,Italian_Renaissance,link,17
Masaccio,The_Death_of_Masaccio,link,17
Melina_Mercouri,David_di_Donatello,link,17
Michelangelo,Andrea_del_Verrocchio,link,17
Michelangelo,Giant_order,link,17
Michelangelo,Italian_scudo,link,17
Michelangelo,Lorenzo_di_Pierfrancesco_de'_Medici,link,17
Michelangelo_(Teenage_Mutant_Ninja_Turtles),Teenage_Mutant_Ninja_Turtles_(1990_film),link,17
Michelangelo_(Teenage_Mutant_Ninja_Turtles),Wayne_Grayson,link,17
Michelangelo_(computer_virus),John_McAfee,link,17
Michelangelo_Antonioni,Modernism,link,17
Michelangelo_Antonioni_filmography,Tempest_(1958_film),link,17
Michelangelo_Dying,Valentina_Magaletti,link,17
Mickey_Raphael,Hillcrest_High_School_(Dallas),link,17
Morgan_le_Fay_(painting),Pre-Raphaelite_Brotherhood,link,17
Morris_Raphael_Cohen,Ernest_Nagel,link,17
National_Gallery_of_Art,Raphael,link,17
National_Gallery_of_Art,Titian,link,17
National_Power_Corporation,Raphael_Lotilla,link,17
Naturism,Leonardo_da_Vinci,link,17
Palme_d'Or,Michelangelo_Antonioni,link,17
Perseus_and_Andromeda_(Titian),The_Death_of_Actaeon,link,17
Perseus_and_Andromeda_(disambiguation),Perseus_and_Andromeda_(Titian),link,17
Personal_life_of_Leonardo_da_Vinci,Francis_I_of_France,link,17
Petrarch,Michelangelo,link,17
Pinacoteca_di_Brera,The_Marriage_of_the_Virgin_(Raphael),link,17
Platydoras,Striped_Raphael_catfish,link,17
Portrait_of_a_Young_Man_(Raphael),Sieniawa,link,17
Pre-Raphaelite_Brotherhood,Flaming_June,link,17
Pre-Raphaelite_Brotherhood,Florence_Claxton,link,17
Pre-Raphaelite_Brotherhood,Impressionism,link,17
Pre-Raphaelite_Brotherhood,Pia_de'_Tolomei_(Rossetti),link,17
Raphael,Alizarin,link,17
Raphael,Architecture,link,17
Raphael,Donato_Bramante,link,17
Raphael,Le_Déjeuner_sur_l'herbe,link,17
Raphael,Madonna_(art),link,17
Raphael,Ochre,link,17
Raphael,The_Expulsion_of_Heliodorus_from_the_Temple,link,17
Raphael_(Teenage_Mutant_Ninja_Turtles),Tales_of_the_Teenage_Mutant_Ninja_Turtles_(TV_series),link,17
Raphael_(archangel),Sodom_and_Gomorrah,link,17
Raphael_(disambiguation),Raphael_(surname),link,17
Raphael_(singer),Latin_ballad,link,17
Raphael_(singer),List_of_best-selling_Latin_music_artists,link,17
Raphael_Assunção,Ricky_Simón,link,17
Raphael_Borges_Rodrigues,Denis_Genreau,other,17
Raphael_Cormack,Umm_Kulthum,link,17
Raphael_De_Niro,Luis_D._Ortiz,other,17
Raphael_De_Niro,Tribeca_Film_Institute,link,17
Raphael_Hadane,Kahen,link,17
Raphael_Hadane,Yosef_Hadane,link,17
Raphael_Israeli,Bat_Ye'or,link,17
Raphael_Lea'i,Calvin_Harris_(footballer),link,17
Raphael_Lemkin,Pacification_of_Algeria,link,17
Raphael_Lemkin,The_Holocaust,link,17
Raphael_M._Robinson,Robinson_arithmetic,link,17
Raphael_Nathan,Nefesh_B'Nefesh,link,17
Raphael_Saadiq,Total_(group),link,17
Raphael_Sbarge,Babes_in_Toyland_(1997_film),link,17
Raphael_Semmes,Tangier_Difficulty,link,17
Raphael_Spiegel,FC_Winterthur,link,17
Raphael_Warnock,Congressional_Black_Caucus,link,17
Raphael_Warnock,List_of_Christian_clergy_in_politics,link,17
Raphael_Warnock,"Waycross,_Georgia",link,17
Raphael_Warnock,William_Barber_II,link,17
Raphael_of_Brooklyn,1860_civil_conflict_in_Mount_Lebanon_and_Damascus,link,17
Rebellious_Slave,Michelangelo,link,17
Richard_Wright_(musician),Raphael_Ravenscroft,link,17
Rome,Raphael,link,17
SS_Michelangelo,Ansaldo_(1853–1993),link,17
Saint_George_(Donatello),Donatello,link,17
SallyAnn_Salsano,Sally_Jessy_Raphael,link,17
St_Raphael's_Estate,George_the_Poet,link,17
Striped_Raphael_catfish,Platydoras,link,17
Suicide_of_Nicola_Ann_Raphael,Goth_subculture,link,17
Sumut_United_F.C.,Raphael_Rossi,link,17
Supernatural_season_6,Raphael_(archangel),link,17
Tanzania_national_football_team,Raphael_Bocco,link,17
Teenage_Renaissance!_David,David_(Michelangelo),link,17
The_Birth_of_Venus_(Bouguereau),Venus_Anadyomene_(Titian),other,17
The_High_Note,June_Diane_Raphael,link,17
The_Last_Judgment_(Michelangelo),Jupiter_(god),link,17
The_Last_Judgment_(Michelangelo),Perspective_(graphical),link,17
The_Life_of_Leonardo_da_Vinci,Philippe_Leroy,link,17
The_Martyrdom_of_Saint_Lawrence_(Titian),Saint_Lawrence,link,17
The_Rape_of_Europa_(Titian),Diana_and_Callisto,link,17
Titian,Anne_Shirley,link,17
Titian,The_Battle_of_the_Milvian_Bridge_(Giulio_Romano),link,17
Tityos,Tityus_(Titian),other,17
Tonino_Guerra,Michelangelo_Antonioni,link,17
Ursula_Hirschmann,Raphael_Abramovitch,link,17
Venus_Anadyomene_(Titian),Aphrodite_of_Knidos,link,17
Wendy_Carlos,St._Raphael_Academy,link,17
other-empty,68th_David_di_Donatello,external,17
other-empty,Gordon_Raphael_(RAF_officer),external,17
other-empty,"""International_Italian_School_\""Leonardo_da_Vinci\""""",external,17
other-empty,Loral_Raphael,external,17
other-empty,Marilyn_Raphael,external,17
other-empty,Michelangelo_Cerruti,external,17
other-empty,Michelangelo_Faggioli,external,17
other-empty,Raphael_Coxie,external,17
other-empty,"Raphael_Guerreiro_(footballer,_born_1968)",external,17
other-empty,Raphael_M._Littauer,external,17
other-empty,Raphael_Michael_Fliss,external,17
other-empty,Raphael_Owor,external,17
other-empty,Raphael_Utzig,external,17
other-empty,Raphael_Wolf,external,17
other-empty,Raphael_Wressnig,external,17
other-empty,Raphael_de_Oliveira,external,17
other-empty,The_Lovers_(Titian),external,17
other-empty,Tim_Raphael,external,17
other-empty,Titus_Flavius_Titianus_(consul),external,17
other-external,Saint_George_(Donatello),external,17
other-external,Samson_Raphaelson,external,17
other-internal,Raphael_Dwamena,external,17
other-internal,Raphael_Gualazzi,external,17
other-search,Alexander_Raphael,external,17
other-search,Holy_Family_(Andrea_del_Sarto),external,17
other-search,Lamentation_over_the_Dead_Christ_(Donatello),external,17
other-search,Lucius_Salvius_Otho_Titianus,external,17
other-search,Michelangelo_Unterberger,external,17
other-search,Raphael_Strauss,external,17
other-search,Raphael_de_Mercatellis,external,17
other-search,Raphael_von_Koeber,external,17
other-search,"Saint_Jerome_in_Penitence_(Titian,_1531)",external,17
other-search,"Salome_(Titian,_Madrid)",external,17
other-search,Titian_of_Oderzo,external,17
15th_century,Leonardo_da_Vinci,link,16
2000_African_Cup_of_Nations,Raphael_Chukwu,link,16
2019_World_Athletics_Championships_–_Men's_pole_vault,Raphael_Holzdeppe,link,16
2025_Copa_Libertadores_final,Raphael_Veiga,link,16
2026_SE_Palmeiras_season,Raphael_Veiga,link,16
Actaeon,Titian,link,16
Age_of_Aquarius,Leonardo_da_Vinci,link,16
Albert_Einstein,Leonardo_da_Vinci,other,16
American_Pre-Raphaelites,William_Trost_Richards,link,16
Andrea_del_Sarto,Julius_Caesar,link,16
Andromeda_(mythology),Perseus_and_Andromeda_(Titian),link,16
Angel,Raphael_(given_name),link,16
Angelo_Incarnato,Leonardo_da_Vinci,link,16
Anna_Zak,Yuval_Raphael,other,16
Another_Toothpick,Sally_Jessy_Raphael,link,16
Ansaldo_(1853–1993),SS_Leonardo_da_Vinci_(1958),link,16
Anthony_van_Dyck,Titian,link,16
Anton_Raphael_Mengs,Neoclassicism,link,16
ArmaLite_AR-50,David_(Michelangelo),link,16
Bader_bin_Farhan_Al_Saud,Leonardo_da_Vinci,link,16
Bargello,Brutus_(Michelangelo),link,16
Batman_vs._Teenage_Mutant_Ninja_Turtles,Donatello_(Teenage_Mutant_Ninja_Turtles),link,16
Bertoldo_di_Giovanni,Donatello,link,16
Beyond_the_Clouds_(1995_film),Michelangelo_Antonioni_filmography,link,16
Biella,Michelangelo_Pistoletto,link,16
Bob_Cassilly,Pietà_(Michelangelo),link,16
BrainPop,Leonardo_da_Vinci,link,16
Bruno_Onyemaechi,Raphael_Onyedika,link,16
Cain_and_Abel_(Titian),Titian,link,16
Casa_Buonarroti,Crucifix_(Michelangelo),link,16
Catherine_Cornaro,Titian,link,16
Children_of_the_Underground,Sally_Jessy_Raphael,link,16
Christianity,Pietà_(Michelangelo),link,16
Codex_on_the_Flight_of_Birds,Leonardo_da_Vinci,link,16
Colonia_Roma,David_(Michelangelo),link,16
Contrapposto,Michelangelo,link,16
Crayola,Raphael,link,16
Daniel_Lapin,Raphael_Lapin,link,16
"David_(Donatello,_marble)",Bargello,link,16
David_(Michelangelo),Socle_(architecture),link,16
David_di_Donatello_for_Best_Actress,Elena_Sofia_Ricci,link,16
David_di_Donatello_for_Best_Actress,There's_Still_Tomorrow,link,16
Diana_and_Actaeon_(Titian),Nymph,link,16
Diana_and_Actaeon_(Titian),Perseus_and_Andromeda_(Titian),link,16
Diana_and_Callisto,Danaë_(Titian_paintings),link,16
Donatello,Madonna_of_the_Stairs,link,16
Donatello,Orsanmichele,link,16
Donatello_(Teenage_Mutant_Ninja_Turtles),Shredder_(Teenage_Mutant_Ninja_Turtles),link,16
Effie_Gray_(film),Pre-Raphaelite_Brotherhood,link,16
Emanuel_Raphael_Belilios,Port_Jew,link,16
Femininity,Titian,link,16
Flaying_of_Marsyas_(Titian),The_Death_of_Actaeon,link,16
Forbidden_City_(film),71st_David_di_Donatello,link,16
Foreign_government_advisors_in_Meiji_Japan,Raphael_von_Koeber,link,16
"Forest_Lawn_Memorial_Park_(Glendale,_California)",David_(Michelangelo),link,16
Frederic_George_Stephens,Pre-Raphaelite_Brotherhood,link,16
God_Shuffled_His_Feet,Titian,link,16
Gordon_Raphael,The_Libertines,link,16
Harris_Wittels,June_Diane_Raphael,link,16
Hieronymus_Bosch,Michelangelo,link,16
Highwayman_(The_Highwaymen_album),Mickey_Raphael,link,16
Human_body,Leonardo_da_Vinci,link,16
If_I_Had_No_Loot,Raphael_Saadiq,link,16
Italian_battleship_Leonardo_da_Vinci,305_mm/46_Model_1909,link,16
Italian_lira,Titian,link,16
Italians,Leonardo_da_Vinci,link,16
Jan_Steen,Tobias_and_Sarah_in_Prayer_with_the_Angel_Raphael_and_the_Demon,link,16
Jasenovac_concentration_camp,Raphael_Israeli,link,16
Jean-Michel_Basquiat,Leonardo_da_Vinci's_Greatest_Hits,link,16
Jerahmeel_(archangel),Raphael_(archangel),link,16
Jeremiah_Lamenting_the_Destruction_of_Jerusalem,Prophet_Jeremiah_(Michelangelo),other,16
John_Martin_(painter),Pre-Raphaelite_Brotherhood,link,16
John_Simmons_(painter),Pre-Raphaelite_Brotherhood,link,16
John_William_Godward,Pre-Raphaelite_Brotherhood,link,16
Judith_and_Holofernes_(Donatello),Piazza_della_Signoria,link,16
June_Diane_Raphael,Vincent_D'Onofrio,link,16
Keren_Peles,Yuval_Raphael,link,16
Kunsthistorisches_Museum,Raphael,link,16
Laura_Schlessinger,Sally_Jessy_Raphael,link,16
Lawrence_Alma-Tadema,Pre-Raphaelite_Brotherhood,link,16
Leda_(mythology),Leonardo_da_Vinci,link,16
Leda_and_the_Swan_(Michelangelo),Anne_of_Austria,link,16
Legally_Blonde_(franchise),June_Diane_Raphael,link,16
Leonardo_da_Vinci,Alessandro_Vezzosi,link,16
Leonardo_da_Vinci,Collegiate_church,link,16
Leonardo_da_Vinci,Laity,link,16
Leonardo_da_Vinci,Lorenzo_Ghiberti,link,16
Leonardo_da_Vinci,Medusa,link,16
Leonardo_da_Vinci,Sforza_Castle,link,16
List_of_Baby_Einstein_videos,Leonardo_da_Vinci,link,16
List_of_Big_Three_film_festivals_winners,Michelangelo_Antonioni,link,16
List_of_Epic_Rap_Battles_of_History_episodes,Donatello,link,16
List_of_Epic_Rap_Battles_of_History_episodes,Leonardo_da_Vinci,link,16
List_of_Pre-Raphaelite_paintings,James_Campbell_(artist),link,16
List_of_Pre-Raphaelite_paintings,"May,_in_the_Regent's_Park",link,16
List_of_Pre-Raphaelite_paintings,Peace_Concluded,link,16
List_of_Pre-Raphaelite_paintings,The_Hostage_(painting),link,16
List_of_Pre-Raphaelite_paintings,The_North-West_Passage,link,16
List_of_Pre-Raphaelite_paintings,The_Quarrel_of_Oberon_and_Titania,link,16
List_of_Pre-Raphaelite_paintings,Victory_O_Lord!,link,16
List_of_bishops_and_Ecumenical_Patriarchs_of_Constantinople,Raphael_I_of_Constantinople,link,16
List_of_fictional_autistic_characters,Donatello_(Teenage_Mutant_Ninja_Turtles),link,16
List_of_former_American_child_actors,Raphael_De_Niro,link,16
List_of_paintings_by_Raphael,Leonardo_da_Vinci,link,16
List_of_paintings_by_Raphael,Self-portrait_(Raphael),link,16
List_of_paintings_by_Raphael,Vision_of_a_Knight_(Raphael),link,16
List_of_people_from_the_Lehigh_Valley,Sally_Jessy_Raphael,link,16
List_of_works_by_Leonardo_da_Vinci,A_Treatise_on_Painting,link,16
List_of_works_by_Leonardo_da_Vinci,Horse_and_Rider_(wax_sculpture),link,16
List_of_works_by_Michelangelo,"San_Domenico,_Bologna",link,16
List_of_works_by_Titian,Bache_Madonna,link,16
List_of_works_by_Titian,Diana_and_Callisto,link,16
List_of_works_by_Titian,Portrait_of_a_Man_in_a_Red_Cap,link,16
List_of_works_by_Titian,Supper_at_Emmaus_(Titian),link,16
List_of_works_by_Titian,"The_Crowning_with_Thorns_(Titian,_Munich)",link,16
List_of_works_by_Titian,Woman_with_a_Mirror,link,16
Lost_artworks,Michelangelo,link,16
Lynne_Cooper_Harvey,Sally_Jessy_Raphael,other,16
Madonna–whore_complex,Titian,link,16
Maiya_Quansah-Breed,"Pop_Off,_Michelangelo!",link,16
Male_Mona_Lisa_theories,Leonardo_da_Vinci,link,16
March_6,Michelangelo,link,16
Melissa_Rauch,June_Diane_Raphael,link,16
Michelangelo,Apostles_in_the_New_Testament,link,16
Michelangelo,Filippino_Lippi,link,16
Michelangelo,Peter_Paul_Rubens,link,16
Michelangelo,Vincent_van_Gogh,other,16
Michelangelo_(Teenage_Mutant_Ninja_Turtles),Batman_vs._Teenage_Mutant_Ninja_Turtles,link,16
Michelangelo_(Teenage_Mutant_Ninja_Turtles),Renaissance,link,16
Michelangelo_Antonioni,Brian_De_Palma,link,16
Michelangelo_Antonioni,Maria_Schneider_(actress),link,16
Michelangelo_Antonioni_filmography,"Chung_Kuo,_Cina",link,16
Michelangelo_Cambiaso,Alerame_Maria_Pallavicini,link,16
Michelangelo_Signorile,Andrew_Dice_Clay,link,16
Michelangelo_and_the_Medici,Lorenzo_de'_Medici,link,16
Military_leadership_in_the_American_Civil_War,Raphael_Semmes,link,16
Military_uniforms_of_the_Confederate_States,Raphael_Semmes,link,16
Minstrel_show,Samson_Raphaelson,link,16
Museo_Nazionale_Scienza_e_Tecnologia_Leonardo_da_Vinci,Italian_submarine_Enrico_Toti_(S_506),link,16
"Nanjemoy,_Maryland",Raphael_Semmes,link,16
Neoclassicism,Anton_Raphael_Mengs,link,16
New_World,Leonardo_da_Vinci,link,16
Orsanmichele,Saint_George_(Donatello),link,16
Padishah,Titian,link,16
Papal_States,Michelangelo_Alessandro_Colli-Marchi,link,16
Pardo_Venus,Danaë_(Titian_paintings),link,16
Park_Chan-wook,Michelangelo_Antonioni,link,16
Patrick_Karegeya,Michelangelo_Towers,link,16
Pauly_Shore_Is_Dead,Sally_Jessy_Raphael,link,16
Peale_family,Titian_Peale,link,16
Personal_life_of_Leonardo_da_Vinci,Flicker_fusion_threshold,link,16
Piazzale_Michelangelo,Historic_Centre_of_Florence,other,16
Pietà_(Michelangelo),Cristoforo_Solari,link,16
Pietà_(Michelangelo),Pope_Urban_VIII,link,16
Players_(2010_TV_series),June_Diane_Raphael,link,16
Pope_Alexander_VI,Michelangelo,link,16
Pope_Clement_VII,Michelangelo_and_the_Medici,link,16
Pope_Paul_III,Portrait_of_Cardinal_Alessandro_Farnese_(Raphael),link,16
Portrait_of_Pope_Paul_III_(Titian),Portrait_of_Pope_Paul_III_with_Camauro,link,16
Pre-Raphaelite_Brotherhood,Galahad,link,16
Raphael,Carmine,link,16
Raphael,Gianfrancesco_Penni,link,16
Raphael,John_Shearman,link,16
Raphael,Mona_Lisa,link,16
Raphael_(Teenage_Mutant_Ninja_Turtles),Greg_Abbey,link,16
Raphael_(Teenage_Mutant_Ninja_Turtles),Michael_Gough_(voice_actor),link,16
Raphael_(Teenage_Mutant_Ninja_Turtles),Teenage_Mutant_Ninja_Turtles_(1987_TV_series),link,16
Raphael_(Teenage_Mutant_Ninja_Turtles),Teenage_Mutant_Ninja_Turtles_(2003_TV_series),link,16
Raphael_(archangel),New_Testament,link,16
Raphael_(archangel),Yogscast,link,16
Raphael_Augusto,Bangu_Atlético_Clube,link,16
Raphael_Bob-Waksberg,Archer_(2009_TV_series),link,16
Raphael_Cartoons,Ananias_and_Sapphira,link,16
Raphael_Duarte,FC_Jeunesse_Canach,link,16
Raphael_Lemkin,Quo_Vadis_(novel),link,16
Raphael_Lotilla,Secretary_of_Environment_and_Natural_Resources,link,16
Raphael_Onyedika,Anambra_State,link,16
Raphael_Ravenscroft,Your_Move,link,16
Raphael_Recanati,Overseas_Shipholding_Group,link,16
Raphael_Rooms,Pope_Alexander_VI,link,16
Raphael_Saadiq,Beyoncé,link,16
Raphael_Saadiq,Cranes_in_the_Sky,link,16
Raphael_Saadiq,John_Legend,link,16
Raphael_Saadiq,Whitney_Houston,link,16
Raphael_Samuel,Minna_Keal,link,16
Raphael_Sbarge,The_Duel_(2016_film),link,16
Raphael_Sbarge,There's_No_Such_Thing_as_Vampires,link,16
Raphael_Semmes,USS_Kearsarge_(1861),link,16
Raphael_Thattil,"Basilica_of_Our_Lady_of_Dolours,_Thrissur",link,16
Raphael_Thattil,Pontifical_Oriental_Institute,link,16
Raphael_Warnock,Cory_Booker,link,16
Raphael_Warnock,Valencia_Stovall,link,16
Raphaelle_Peale,Titian_Ramsay_Peale_I,link,16
Rhode_Island_Rams_baseball,Raphael_Cerrato,link,16
Rise_of_the_Teenage_Mutant_Ninja_Turtles:_The_Movie,Donatello_(Teenage_Mutant_Ninja_Turtles),link,16
Robert_Altman,David_di_Donatello,link,16
Roman_Renaissance,Michelangelo,link,16
SS_Michelangelo,Bandar_Abbas,link,16
SS_Raffaello,SS_Leonardo_da_Vinci_(1958),other,16
Saint_Eulalia_(Waterhouse_painting),Pre-Raphaelite_Brotherhood,link,16
Saint_John_the_Baptist_(Donatello),Santa_Maria_Gloriosa_dei_Frari,link,16
Saint_Mark_(Donatello),Orsanmichele,link,16
Saint_Michael_(Raphael),"Saint_George_(Raphael,_Louvre)",link,16
Sally_Jessy_Raphael,"Scarsdale,_New_York",link,16
Samson_Raphaelson,Al_Jolson,link,16
Samson_Raphaelson,Trouble_in_Paradise_(1932_film),link,16
"Santa_Croce,_Florence",Donatello,link,16
Santa_Maria_del_Popolo,Raphael,link,16
Scottish_National_Gallery,The_Three_Ages_of_Man_(Titian),link,16
Scylla,Pre-Raphaelite_Brotherhood,link,16
Secretary_of_Energy_(Philippines),Raphael_Lotilla,link,16
"Semmes,_Alabama",Raphael_Semmes,link,16
Sibyls_(Raphael),Santa_Maria_della_Pace,link,16
Sleeping_Venus_(Giorgione),Noli_me_tangere_(Titian),link,16
Slánský_trial,Raphael_Lemkin,link,16
Striped_Raphael_catfish,Orinocodoras_eigenmanni,link,16
Suicide_of_Nicola_Ann_Raphael,The_Fight_Song_(Marilyn_Manson_song),link,16
Sultanate_of_Women,Titian,link,16
Suso_(footballer),Michelangelo_Albertazzi,link,16
Sylvia_Raphael,Graaff-Reinet,link,16
Tasty_(Kelis_album),Raphael_Saadiq,link,16
The_Conversion_of_Saul_(Michelangelo),The_Last_Judgment_(Michelangelo),link,16
"The_Crowning_with_Thorns_(Titian,_Paris)",Titian,link,16
The_Death_of_Actaeon,Perseus_and_Andromeda_(Titian),link,16
The_Deposition_(Michelangelo),Pietà,other,16
The_Feast_of_Herod_(Donatello),Siena_Baptistery_of_San_Giovanni,link,16
The_Last_Judgment_(Michelangelo),Raphael,link,16
The_Lego_Movie_(franchise),Michelangelo,link,16
The_Marriage_of_the_Virgin_(Raphael),Pietro_Perugino,link,16
The_Nanny,Sally_Jessy_Raphael,link,16
The_Rape_of_Europa_(Titian),Isabella_Stewart_Gardner_Museum_theft,link,16
The_Rape_of_Europa_(Titian),Museo_del_Prado,link,16
The_Raphaels,Stuart_Adamson,link,16
Titian,Peter_Paul_Rubens,link,16
Titian,Tarquin_and_Lucretia,link,16
Tityus_(Titian),Tityos,link,16
Tommaso_Masini,Leonardo_da_Vinci,link,16
Tony_Hawk's_Pro_Skater_3_+_4,Michelangelo_(Teenage_Mutant_Ninja_Turtles),link,16
Tuscany,Michelangelo,link,16
UFC_Fight_Night:_Assunção_vs._Moraes_2,Raphael_Assunção,link,16
Unmoved_mover,Raphael,link,16
Venus_Anadyomene_(Titian),The_Birth_of_Venus,link,16
Virgin_(title),"Raphael,_Nicholas,_and_Irene_of_Lesbos",link,16
Wheellock,Leonardo_da_Vinci,link,16
William_Trost_Richards,American_Pre-Raphaelites,link,16
Yirrkala,Raphael_Clarke,link,16
other-empty,45th_David_di_Donatello,external,16
other-empty,Claire_Raphael_Reis,external,16
other-empty,David_di_Donatello_for_Best_Original_Screenplay,external,16
other-empty,David_di_Donatello_for_Best_Original_Song,external,16
other-empty,John_Raphael_Hagan,external,16
other-empty,Marcia_Raphael,external,16
other-empty,Max_Raphael_Hahn,external,16
other-empty,McLoughlin_v._Raphael_Tuck_&_Sons_Co.,external,16
other-empty,Michelangelo_(crater),external,16
other-empty,Michelangelo_Tilli,external,16
other-empty,"Portrait_of_a_Man_(Titian,_New_York)",external,16
other-empty,Raphael_Eduard_Liesegang,external,16
other-empty,Raphael_Hillyer,external,16
other-empty,Raphael_Pallitsch,external,16
other-empty,Raphael_Trotman,external,16
other-empty,Raphael_Zaborovsky,external,16
other-empty,Raphael_of_Bershad,external,16
other-empty,"St_Raphael's_Church,_Surbiton",external,16
other-external,Raphael_Rowe,external,16
other-external,St._Raphael_the_Archangel_Catholic_Church,external,16
other-external,The_Three_Ages_of_Man_(Titian),external,16
other-internal,Ezekiel's_Vision_(Raphael),external,16
other-internal,Leonardo_da_Vinci_Art_School,external,16
other-internal,Michelangelo_(given_name),external,16
other-internal,Penitent_Magdalene_(Donatello),external,16
other-internal,Raphael_Semmes,external,16
other-internal,SS_Leonardo_da_Vinci_(1958),external,16
other-internal,The_Crucifixion_of_Saint_Peter_(Michelangelo),external,16
other-other,Raphael_Lemkin,external,16
other-other,Raphael_Thattil,external,16
other-search,Charlie_Raphael,external,16
other-search,Herbert_Raphael,external,16
other-search,John_Raphael_Rodrigues_Brandon,external,16
other-search,Michelangelo_Ricci,external,16
other-search,Raphael_Cerrato,external,16
other-search,Raphael_Hamilton,external,16
other-search,Raphael_Hillyer,external,16
other-search,Raphael_Marcus,external,16
other-search,Raphael_Smith,external,16
other-search,Raphael_Stănescu,external,16
other-search,Raphael_Zengel,external,16
other-search,Raphael_Zuber,external,16
Élisabeth_Vigée_Le_Brun,The_Last_Judgment_(Michelangelo),link,16
100_Great_Paintings,Leonardo_da_Vinci,link,15
16th_century,David_(Michelangelo),link,15
1989_Football_League_Cup_final,Raphael_Meade,link,15
2009_AFL_Grand_Final,Raphael_Clarke,link,15
2021_FIFA_Club_World_Cup_final,Raphael_Veiga,link,15
2025–26_V.League_1,Raphael_Utzig,link,15
2026–27_FC_Red_Bull_Salzburg_season,Raphael_Duarte,link,15
70th_David_di_Donatello,Parthenope_(film),link,15
Abbott_Elementary_season_3,June_Diane_Raphael,link,15
Al_Jolson,Samson_Raphaelson,link,15
Algiers,Raphael_Zeror,link,15
Altarpiece,Holy_Trinity_(Masaccio),link,15
American_Pre-Raphaelites,Charles_Herbert_Moore,link,15
Anchiano,Leonardo_da_Vinci,link,15
Andrea_del_Sarto,Michelangelo,link,15
Apostolic_Palace,Michelangelo,link,15
Arabelle_Raphael,List_of_theatres_in_San_Francisco,link,15
Assumption_of_the_Virgin_(Titian),List_of_works_by_Titian,link,15
Assumption_of_the_Virgin_(Titian),Munificentissimus_Deus,link,15
Atlas_Slave,List_of_works_by_Michelangelo,link,15
August_Czartoryski,Raphael_Kalinowski,link,15
BFI_Top_100_British_films,Michelangelo_Antonioni,link,15
Battle_of_Cascina_(Michelangelo),Michelangelo,link,15
Battle_of_the_Centaurs_(Michelangelo),Bow_drill,link,15
Bernardino_Luini,Leonardo_da_Vinci,link,15
Bodyguard_(Beyoncé_song),Raphael_Saadiq,link,15
Bolzano,Raphael_Andergassen,link,15
Brutus_(Michelangelo),The_Deposition_(Michelangelo),link,15
Cain_and_Abel_(Titian),Cain_and_Abel,link,15
Caprese_Michelangelo,Michelangelo,link,15
Cardinal_and_Theological_Virtues_(Raphael),The_Parnassus,link,15
Casey_Jones_(Teenage_Mutant_Ninja_Turtles),Raphael_(Teenage_Mutant_Ninja_Turtles),link,15
Causes_of_the_Holodomor,Raphael_Lemkin,link,15
Charmed_season_1,Raphael_Sbarge,link,15
Christ_the_Redeemer,"Risen_Christ_(Michelangelo,_Santa_Maria_sopra_Minerva)",link,15
Constance_Reid,Raphael_M._Robinson,link,15
Crucifix_(Michelangelo),Michelangelo,link,15
Cupid_and_Psyche,Pre-Raphaelite_Brotherhood,link,15
Da_Vinci's_Demons,Personal_life_of_Leonardo_da_Vinci,link,15
Damaris_(biblical_figure),Raphael_Cartoons,link,15
Danaë_(Rembrandt),Danaë_(Titian_paintings),link,15
Dante_Alighieri,Leonardo_da_Vinci,other,15
Dark_Ages_(historiography),Raphael_Rooms,link,15
"David_(Donatello,_bronze)",David_(Verrocchio),link,15
David_(Michelangelo),Body_politic,link,15
David_(Michelangelo),Piazzale_Michelangelo,link,15
David_Price_(boxer),Raphael_Butler,link,15
David_and_Jonathan,"David_(Donatello,_bronze)",link,15
David_di_Donatello,David_di_Donatello_for_Best_Score,link,15
David_di_Donatello_for_Best_Actress,Claudia_Cardinale,link,15
David_di_Donatello_for_Best_Actress,Stefania_Sandrelli,link,15
David_di_Donatello_for_Best_Film,La_grazia,link,15
David_di_Donatello_for_Best_Film,The_Art_of_Joy_(TV_series),link,15
Death_Battle,Donatello_(Teenage_Mutant_Ninja_Turtles),link,15
Diego_Velázquez,Titian,link,15
Disputation_of_the_Holy_Sacrament,List_of_paintings_by_Raphael,link,15
Donatello,Buonaccorso_Pitti,link,15
Donatello,John_the_Evangelist,link,15
Donatello,San_Rossore_Reliquary,link,15
Donatello,Teenage_Mutant_Ninja_Turtles,other,15
Donatello_(Teenage_Mutant_Ninja_Turtles),Rise_of_the_Teenage_Mutant_Ninja_Turtles,link,15
Donatello_(Teenage_Mutant_Ninja_Turtles),Rob_Paulsen,link,15
Donatello_(Teenage_Mutant_Ninja_Turtles),Second-in-command,link,15
Donatello_(Teenage_Mutant_Ninja_Turtles),Teenage_Mutant_Ninja_Turtles:_Mutant_Mayhem,link,15
Ecce_Homo_(disambiguation),Christ_Carrying_the_Cross_(Titian),link,15
El_(deity),Raphael_(given_name),link,15
El_Greco,The_Last_Judgment_(Michelangelo),link,15
Ernő_Rubik,Michelangelo,link,15
Europe,Leonardo_da_Vinci,link,15
Film..._(TV_programme),Frederic_Raphael,link,15
Flora_(Titian),Laura_(Giorgione),link,15
Florinda_Bolkan,David_di_Donatello_for_Best_Actress,link,15
Francesco_Borromini,Michelangelo,link,15
Franklin_Delano_Roosevelt_High_School_(New_York_City),Dennis_Raphael,link,15
Frederic_Raphael,Oxbridge_Blues,link,15
Free_Association_of_German_Trade_Unions,Raphael_Friedeberg,link,15
Hans_Holbein_the_Younger,Titian,link,15
"Isabella,_or_the_Pot_of_Basil",Pre-Raphaelite_Brotherhood,link,15
James_H._Cone,Raphael_Warnock,link,15
Jeanne_Moreau,Michelangelo_Antonioni,link,15
Jeremy_Howard_(actor),Donatello_(Teenage_Mutant_Ninja_Turtles),link,15
Jesse_Jackson,Raphael_Warnock,link,15
Juilliard_String_Quartet,Raphael_Hillyer,link,15
June_Diane_Raphael,Alicia_Silverstone,link,15
June_Diane_Raphael,Curb_Your_Enthusiasm,link,15
June_Diane_Raphael,Splitting_Up_Together,link,15
King_Arthur,Pre-Raphaelite_Brotherhood,link,15
Kroll_Show,June_Diane_Raphael,link,15
La_grazia,71st_David_di_Donatello,link,15
Late_bloomer,Leonardo_da_Vinci,link,15
Leah,Michelangelo,link,15
Leonardo_da_Vinci,Doing_DaVinci,link,15
Leonardo_da_Vinci,Fresco,link,15
Leonardo_da_Vinci,Giovanni_Ambrogio_Figino,link,15
Leonardo_da_Vinci,Italian_scudo,link,15
Leonardo_da_Vinci,Pope_Leo_X,link,15
Leonardo_da_Vinci,Rembrandt,other,15
Leonardo_da_Vinci,Romorantin-Lanthenay,link,15
Leonardo_da_Vinci_(Isaacson_book),Andrew_Haigh,link,15
Life_Is_Beautiful,David_di_Donatello,link,15
List_of_Italian_film_directors,Michelangelo_Antonioni,link,15
List_of_Pre-Raphaelite_paintings,Flora_(De_Morgan),link,15
List_of_Pre-Raphaelite_paintings,Mrs_Coventry_Patmore_(Millais_painting),link,15
List_of_Pre-Raphaelite_paintings,Spring_(Millais_painting),link,15
List_of_Pre-Raphaelite_paintings,The_End_of_the_Song,link,15
List_of_Sephardi_chief_rabbis_of_the_Land_of_Israel,Raphael_Meir_Panigel,link,15
"List_of_erotica_by_George_Morland,_William_Ward_and_John_Raphael_Smith",George_Morland,link,15
"List_of_erotica_by_George_Morland,_William_Ward_and_John_Raphael_Smith",The_Victim_of_Lust,other,15
List_of_fictional_cars,Michelangelo_(Teenage_Mutant_Ninja_Turtles),link,15
List_of_paintings_by_Raphael,Alba_Madonna,link,15
List_of_paintings_by_Raphael,Holy_Family_under_an_Oak_Tree,link,15
List_of_paintings_by_Raphael,La_donna_gravida,link,15
List_of_paintings_by_Raphael,Madonna_with_the_Blue_Diadem,link,15
List_of_paintings_by_Raphael,Portrait_of_Agnolo_Doni,link,15
List_of_paintings_by_Raphael,Portrait_of_Pietro_Bembo_(Raphael),link,15
List_of_paintings_by_Raphael,"Portrait_of_a_Young_Woman_(Raphael,_Strasbourg)",link,15
List_of_paintings_by_Raphael,Saint_Catherine_of_Alexandria_(Raphael),link,15
List_of_paintings_by_Raphael,Saint_Sebastian_(Raphael),link,15
List_of_paintings_by_Raphael,Sistine_Madonna,link,15
List_of_statues,"David_(Donatello,_bronze)",link,15
List_of_transportation_fires,SS_Leonardo_da_Vinci_(1958),link,15
List_of_twins,Raphael_Soyer,link,15
List_of_works_by_Leonardo_da_Vinci,Alte_Pinakothek,link,15
List_of_works_by_Leonardo_da_Vinci,Main_Page,other,15
List_of_works_by_Michelangelo,Peter_Paul_Rubens,link,15
List_of_works_by_Titian,"Christ_and_the_Adulteress_(Titian,_Glasgow)",link,15
List_of_works_by_Titian,"Ecce_Homo_(Titian,_Vienna)",link,15
Luqa,Michelangelo_Sapiano,link,15
Madonna_(art),Leonardo_da_Vinci,link,15
Madonna_of_the_Pinks,Raphael,link,15
Main_Page,Andrea_del_Sarto,other,15
Main_Page,Donatello_(Teenage_Mutant_Ninja_Turtles),other,15
Major_archbishop_of_the_Syro-Malabar_Church,Raphael_Thattil,link,15
Marcello_Mastroianni,David_di_Donatello,link,15
Marilyn_Monroe,David_di_Donatello,link,15
Mass_Effect_3,Raphael_Sbarge,link,15
Matthew_II_of_Constantinople,Raphael_II_of_Constantinople,link,15
Maurice_Michael_Otunga,Raphael_S._Ndingi_Mwana_a'Nzeki,link,15
Michaelmas,Raphael_(archangel),link,15
Michelangelo,Florence_Cathedral,link,15
Michelangelo,Giotto,link,15
Michelangelo,Orsanmichele,link,15
Michelangelo,Sibyl,link,15
Michelangelo_Antonioni,Wim_Wenders,link,15
Michelangelo_Dying,Sharpie_Smile,link,15
Monument_to_Leonardo_da_Vinci,Leonardo_da_Vinci,link,15
Moses_(Michelangelo),Rome,link,15
Museo_Nazionale_Scienza_e_Tecnologia_Leonardo_da_Vinci,Leonardo_da_Vinci,link,15
National_Gallery,Michelangelo,link,15
Natural_selection,Leonardo_da_Vinci,link,15
Nazarene_movement,Raphael,link,15
Ninja_Turtles:_The_Next_Mutation,Michelangelo_(Teenage_Mutant_Ninja_Turtles),link,15
October_surprise,Raphael_Warnock,link,15
Old_Master,Anton_Raphael_Mengs,link,15
Orsanmichele,Saint_Louis_of_Toulouse_(Donatello),link,15
Palazzo_Farnese,Michelangelo,link,15
Palazzo_Pitti,"Penitent_Magdalene_(Titian,_1531)",link,15
Penitent_Magdalene_(Donatello),Populus_alba,link,15
Philip_Burne-Jones,Pre-Raphaelite_Brotherhood,link,15
Piazzale_Michelangelo,Sagrestia_Nuova,link,15
Pietà_(Michelangelo),Pyramid,link,15
Pioneer_plaque,Leonardo_da_Vinci,link,15
Populus_alba,Penitent_Magdalene_(Donatello),link,15
Portrait_of_Cardinal_Alessandro_Farnese_(Raphael),Pope_Paul_III,link,15
Portrait_of_Isabella_d'Este_(Titian),Titian,link,15
Portrait_of_a_Young_Man_(Raphael),Adam_Jerzy_Czartoryski,link,15
Portrait_of_a_Young_Man_(Raphael),Giorgio_Vasari,link,15
Pre-Raphaelite_Brotherhood,"Alfred,_Lord_Tennyson",link,15
Pre-Raphaelite_Brotherhood,"Gower_Street,_London",link,15
Pre-Raphaelite_Brotherhood,Joseph_Clare,link,15
Pre-Raphaelite_Brotherhood,Philip_Hermogenes_Calderon,link,15
Punisher:_War_Zone,June_Diane_Raphael,link,15
Quattrocento,Leonardo_da_Vinci,link,15
Ranuccio_Farnese_(cardinal),Titian,link,15
Raphael,Holy_Family_of_Francis_I,link,15
Raphael,Laocoön_and_His_Sons,link,15
Raphael,Lead-tin_yellow,link,15
Raphael,Lorenzetto,link,15
Raphael,Paubrasilia,link,15
Raphael,Polidoro_da_Caravaggio,link,15
Raphael,Ultramarine,link,15
Raphael,Vermilion,link,15
Raphael_(archangel),Catholic_Church,link,15
Raphael_(archangel),Mary_Frances_of_the_Five_Wounds,link,15
Raphael_(archangel),Tetramorph,link,15
Raphael_(archangel),The_Archangel_Raphael_and_Tobias_(Titian),link,15
Raphael_(archangel),The_Creation_(Haydn),link,15
Raphael_(archangel),Yahweh,link,15
Raphael_Assunção,Urijah_Faber,link,15
Raphael_Bob-Waksberg,Who_Framed_Roger_Rabbit,link,15
Raphael_Borges_Rodrigues,Melbourne_City_FC_Youth,link,15
Raphael_Botti,Army_United_F.C.,link,15
Raphael_Evers,Bloeme_Evers-Emden,link,15
Raphael_Falk_(geneticist),Ruma_Falk,link,15
Raphael_Lemkin,Invasion_of_Poland,link,15
Raphael_Lemkin,Siege_of_Carthage_(Third_Punic_War),link,15
Raphael_Lemkin,Untermensch,link,15
Raphael_Mechoulam,Anandamide,link,15
Raphael_Obermair,FC_Bayern_Munich_II,link,15
Raphael_Rossi,C.D._Mafra,link,15
Raphael_S._Ndingi_Mwana_a'Nzeki,John_Njue,link,15
Raphael_Saadiq,A_Seat_at_the_Table,link,15
Raphael_Saadiq,Prince_(musician),link,15
Raphael_Sbarge,Shiloh_2:_Shiloh_Season,link,15
Raphael_Semmes,Charlotte_Hall_Military_Academy,link,15
Raphael_Veiga,Associação_Portuguesa_de_Desportos,link,15
Raphael_Warnock,Alex_Padilla,link,15
Raphael_Warnock,Sam_Nunn,link,15
Raphael_of_Brooklyn,Brooklyn,link,15
Ravensbrück_concentration_camp,Michelangelo_in_Ravensbrück,link,15
Ray_Ray_(album),Raphael_Saadiq,link,15
Ready_Now,Raphael_Saadiq,link,15
Restoration_of_the_Sistine_Chapel_frescoes,Raphael_Cartoons,link,15
Rise_of_the_Teenage_Mutant_Ninja_Turtles:_The_Movie,Michelangelo_(Teenage_Mutant_Ninja_Turtles),link,15
Saint_Avangeline,Pre-Raphaelite_Brotherhood,link,15
Saint_George_and_the_Dragon_(Raphael),National_Gallery_of_Art,link,15
Sally_Jessy_Raphael,Carnegie_Mellon_University,link,15
Same-sex_relationship,Donatello,link,15
Same-sex_relationship,Michelangelo,link,15
Samson_Raphael_Hirsch,Rahel_Hirsch,link,15
Santa_Maria_Novella,Masaccio,link,15
"Santa_Maria_del_Carmine,_Florence",Masaccio,link,15
"Santo_Spirito,_Florence",Michelangelo,link,15
Satyajit_Ray,Michelangelo_Antonioni,link,15
Science_and_inventions_of_Leonardo_da_Vinci,Fluid_dynamics,link,15
Science_and_inventions_of_Leonardo_da_Vinci,Virgin_of_the_Rocks,link,15
Seven_heavens,Michelangelo_Caetani,link,15
Sigmund_Freud_bibliography,"Leonardo_da_Vinci,_A_Memory_of_His_Childhood",link,15
Situs_inversus,Leonardo_da_Vinci,link,15
Sleeping_Cupid_(Michelangelo),Lorenzo_di_Pierfrancesco_de'_Medici,link,15
Someday_(The_Strokes_song),Gordon_Raphael,link,15
Songwriter_(film),Mickey_Raphael,link,15
Sorbonne_University,Raphael_Armattoe,link,15
Soviet_sale_of_Hermitage_paintings,Saint_George_and_the_Dragon_(Raphael),link,15
Striped_Raphael_catfish,Platydoras_costatus,link,15
The_Death_of_Masaccio,Masaccio,link,15
The_Deposition_(Michelangelo),Joseph_of_Arimathea,link,15
The_Ecstasy_of_Saint_Cecilia,Raphael,link,15
The_Hireling_Shepherd,Pre-Raphaelite_Brotherhood,link,15
The_Lament_for_Icarus,Pre-Raphaelite_Brotherhood,link,15
The_Last_Judgment_(Michelangelo),Main_Page,other,15
The_Last_Judgment_(Michelangelo),Marcello_Venusti,link,15
The_Marriage_of_the_Virgin_(Raphael),Marriage_of_the_Virgin,link,15
The_Martyrdom_of_Saint_Lawrence_(Titian),Titian,link,15
The_Monuments_Men,Michelangelo,link,15
The_Rape_of_Proserpina,Michelangelo,link,15
The_School_of_Athens,Anton_Raphael_Mengs,link,15
The_Ten_Commandments_(1956_film),Moses_(Michelangelo),link,15
The_Virgin_and_Child_with_Saint_Anne_(Leonardo),List_of_works_by_Leonardo_da_Vinci,link,15
Titian,Mannerism,link,15
Titian,Venetian_Arsenal,link,15
Titian,Vermilion,link,15
Titian_Peale,Charles_Willson_Peale,link,15
Titian_hair,Brown,link,15
Tom_Hulce,David_di_Donatello_for_Best_Foreign_Actor,link,15
Tribology,Leonardo_da_Vinci,link,15
Uffizi,The_Tribute_Money_(Masaccio),link,15
Vincent_van_Gogh,Michelangelo,other,15
Vincenzo_Peruggia,Titian,link,15
Violet_(color),Pre-Raphaelite_Brotherhood,link,15
Vittoria_Colonna,Michelangelo,link,15
We_Are_the_World_25_for_Haiti,Raphael_Saadiq,link,15
Wedding_of_Mary_I_of_England_and_Philip_of_Spain,Titian,link,15
Western_world,Leonardo_da_Vinci,link,15
William_Shakespeare,Raphael_Holinshed,link,15
Yosef_Hadane,Raphael_Hadane,link,15
Yuval_Raphael,Noam_Bettan,link,15
Yuval_Raphael,October_7_attacks,link,15
other-empty,54th_David_di_Donatello,external,15
other-empty,David_di_Donatello_for_Best_Sound,external,15
other-empty,"Feast_of_Saint_Raphael,_Ollur",external,15
other-empty,Hayyim_ben_Isaac_Raphael_Alfandari,external,15
other-empty,Lamentation_over_the_Dead_Christ_(Donatello),external,15
other-empty,Michelangelo_Naccherino,external,15
other-empty,Michelangelo_Rucci,external,15
other-empty,Michelangelo_in_Ravensbrück,external,15
other-empty,Raphael_Cerrato,external,15
other-empty,Raphael_Cox,external,15
other-empty,Raphael_Maltinsky,external,15
other-empty,Raphael_Martinho,external,15
other-empty,Raphael_Popov,external,15
other-empty,Raphael_Sealey,external,15
other-empty,Raphaela_Lukudo,external,15
other-empty,St._Raphaela's_School,external,15
other-empty,Supper_at_Emmaus_(Titian),external,15
other-empty,The_Fall_of_Phaeton_(Michelangelo),external,15
other-empty,Venus_and_Cupid_(Titian),external,15
other-external,David_di_Donatello,external,15
other-external,Raphael_De_Niro,external,15
other-external,"Saint_George_(Raphael,_Louvre)",external,15
other-internal,Michelangelo_Antonioni_filmography,external,15
other-internal,The_Titan:_Story_of_Michelangelo,external,15
other-other,Michelangelo_phenomenon,external,15
other-other,Sleeping_Cupid_(Michelangelo),external,15
other-search,Leonardo_da_Vinci_Art_Institute,external,15
other-search,Mary_F._Raphael,external,15
other-search,"Penitent_Magdalene_(Titian,_1550)",external,15
other-search,Raphael_Chikukwa,external,15
other-search,Raphael_Draccon,external,15
other-search,Raphael_Nnanna_Igbokwe,external,15
other-search,"Saint_Raphael_Catholic_Church_(Koloa,_Hawaii)",external,15
other-search,Titian's_Mistress,external,15
12:51_(The_Strokes_song),Gordon_Raphael,link,14
1930_FIFA_World_Cup,Raphael_Tracey,link,14
1980_in_film,June_Diane_Raphael,link,14
2020_Copa_Libertadores_final,Raphael_Veiga,link,14
2021_Copa_Libertadores_final,Raphael_Veiga,link,14
2024_OFC_Men's_Nations_Cup_squads,Raphael_Lea'i,link,14
2026_FIFA_World_Cup_round_of_32,Raphael_Claus,link,14
3D_(TLC_album),Raphael_Saadiq,link,14
A_Man_with_a_Quilted_Sleeve,Titian,link,14
A_Treatise_on_Painting,List_of_works_by_Leonardo_da_Vinci,link,14
Abbott_Elementary_season_4,June_Diane_Raphael,link,14
Academic_art,Pre-Raphaelite_Brotherhood,link,14
Adam_Karol_Czartoryski,Portrait_of_a_Young_Man_(Raphael),link,14
Alberto_Brignoli,Michelangelo_Rampulla,link,14
Alfonso_I_d'Este,Titian,link,14
American_Pre-Raphaelites,Mary_Louise_Booth,link,14
Andrea_Gritti,Titian,link,14
Andrea_del_Sarto,Chiostro_dello_Scalzo,link,14
Angel_(Michelangelo),List_of_works_by_Michelangelo,link,14
Anton_Raphael_Mengs,William_Burton_Conyngham,link,14
Anton_Raphael_Mengs,Ústí_nad_Labem,link,14
Apollo_(Michelangelo),Leah_(sculpture),link,14
Arthur_Ruppin,Raphael_Falk_(geneticist),link,14
Bacchus_(disambiguation),Bacchus_(Michelangelo),link,14
Bargello,Saint_George_(Donatello),link,14
Battle_of_Anghiari,Leonardo_da_Vinci,link,14
Battle_of_Lepanto,Titian,link,14
Belle_Époque,Pre-Raphaelite_Brotherhood,link,14
Benvenuto_Cellini,Judith_and_Holofernes_(Donatello),link,14
Book_of_Esther,Michelangelo,link,14
Brian_Chesky,Leonardo_da_Vinci,link,14
Brutus_(Michelangelo),Michelangelo,link,14
Burial_of_Jesus,The_Deposition_(Raphael),link,14
Callisto_(mythology),Titian,link,14
Cardinal_and_Theological_Virtues_(Raphael),Putto,link,14
Chios_massacre,Raphael_Lemkin,link,14
Conservation-restoration_of_Leonardo_da_Vinci's_The_Last_Supper,Leonardo_da_Vinci,link,14
Construction_of_the_Egyptian_pyramids,Leonardo_da_Vinci,link,14
Crucifix_(Michelangelo),Battle_of_the_Centaurs_(Michelangelo),link,14
Cultural_references_to_Leonardo_da_Vinci,Leonardo_da_Vinci_(2024_film),link,14
Cupid,Sleeping_Cupid_(Michelangelo),link,14
DAVINCI,Leonardo_da_Vinci,link,14
Danaë_(Titian_paintings),The_Death_of_Actaeon,link,14
"David_(Donatello,_bronze)",Michelozzo,link,14
David_(Michelangelo),Drapery,link,14
David_di_Donatello_for_Best_Film,Parthenope_(film),link,14
Death_Battle,Michelangelo_(Teenage_Mutant_Ninja_Turtles),link,14
Distemper_(paint),Raphael_Cartoons,link,14
Donatello,"Basilica_of_San_Lorenzo,_Florence",link,14
Donatello,Brunelleschi_Crucifix,link,14
Donatello,"Madonna_and_Child_(Donatello,_Louvre)",link,14
Donatello,Piot_Madonna,link,14
Donatello_(Teenage_Mutant_Ninja_Turtles),Rise_of_the_Teenage_Mutant_Ninja_Turtles:_The_Movie,link,14
Dreadnought_hoax,Pre-Raphaelite_Brotherhood,link,14
Edgar_Degas,Titian,link,14
Edna_O'Brien,"St._Raphael's_College,_Loughrea",link,14
Elon_Musk_(Isaacson_book),Leonardo_da_Vinci,link,14
Eurydice,Titian,link,14
Florence_Baptistery,Donatello,link,14
Florentine_Renaissance_art,Leonardo_da_Vinci,link,14
Frederic_Raphael,Stanley_Kubrick,link,14
Galatea_(Raphael),Fresco,link,14
Gallery_of_the_Sistine_Chapel_ceiling,Michelangelo,link,14
Gherardo,Michelangelo,link,14
Giotto,Masaccio,link,14
Golden_Lion,Michelangelo_Antonioni,link,14
Guarani_FC,"Raphael_Rodrigues_(footballer,_born_1999)",link,14
Hampton_Court_Palace,Raphael_Cartoons,link,14
High_culture,Michelangelo,link,14
History_of_paleontology,Leonardo_da_Vinci,link,14
History_of_the_nude_in_art,Michelangelo,link,14
History_of_the_tank,Leonardo_da_Vinci,link,14
Holy_Trinity_(Masaccio),Trompe-l'œil,link,14
Home_Economics_(TV_series),June_Diane_Raphael,link,14
Identification_of_a_Woman,Michelangelo_Antonioni_filmography,link,14
Imperia_Cognati,Raphael,link,14
Indy_NXT,Raphael_Matos,link,14
Introducing_Joss_Stone,Raphael_Saadiq,link,14
Italian_Renaissance_painting,Donatello,link,14
Japanese_New_Wave,Michelangelo_Antonioni,link,14
John_Raphael_Smith,Mezzotint,link,14
Judith_and_Holofernes_(Donatello),Literary_topos,link,14
Julius_Shulman,Raphael_Soriano,link,14
June_Diane_Raphael,Danielle_Schneider,link,14
June_Diane_Raphael,Main_Page,other,14
June_Diane_Raphael,Players_(2010_TV_series),link,14
June_Diane_Raphael,Whitney_(TV_series),link,14
La_grazia,David_di_Donatello,link,14
Labour_and_Socialist_International,Raphael_Abramovitch,link,14
Laocoön_and_His_Sons,Raphael,link,14
Laurentian_Library,Michelangelo,link,14
Leonardo's_horse,List_of_works_by_Leonardo_da_Vinci,link,14
Leonardo_da_Vinci,Albert_Einstein,other,14
Leonardo_da_Vinci,Benjamin_Franklin,other,14
Leonardo_da_Vinci,Leon_Battista_Alberti,link,14
Leonardo_da_Vinci,Mercury_(element),link,14
Leonardo_da_Vinci,Sistine_Chapel,other,14
Leonardo_da_Vinci,Theotokos,link,14
Leonardo_da_Vinci,Vineyard,link,14
Leonardo_da_Vinci_(2024_film),Ken_Burns,link,14
Less_is_more,Andrea_del_Sarto_(poem),link,14
Lisa_del_Giocondo,Andrea_del_Sarto,link,14
List_of_Epic_Rap_Battles_of_History_episodes,Michelangelo,link,14
List_of_Epic_Rap_Battles_of_History_episodes,Raphael,link,14
List_of_Nailed_It!_episodes,June_Diane_Raphael,link,14
List_of_Pre-Raphaelite_paintings,"At_Binsey,_near_Oxford",link,14
List_of_Pre-Raphaelite_paintings,John_Melhuish_Strudwick,link,14
List_of_Pre-Raphaelite_paintings,Mariana_in_the_South,link,14
List_of_Pre-Raphaelite_paintings,Pia_de'_Tolomei_(Rossetti),link,14
List_of_Pre-Raphaelite_paintings,Roman_Widow_(Rossetti),link,14
List_of_Pre-Raphaelite_paintings,Sponsa_de_Libano,link,14
List_of_Pre-Raphaelite_paintings,The_Love_Potion,link,14
List_of_Pre-Raphaelite_paintings,The_Mill_(Burne-Jones),link,14
List_of_Roman_and_Byzantine_empresses,Flavia_Titiana,link,14
List_of_culture_heroes,Raphael_(archangel),link,14
List_of_diplomatic_missions_of_the_Philippines,Raphael_Lotilla,link,14
List_of_paintings_by_Raphael,Cardinal_and_Theological_Virtues_(Raphael),link,14
List_of_paintings_by_Raphael,Holy_Family_of_Francis_I,link,14
List_of_paintings_by_Raphael,Madonna_del_Prato_(Raphael),link,14
List_of_paintings_by_Raphael,Madonna_of_the_Pinks,link,14
List_of_paintings_by_Raphael,Raphael_Rooms,link,14
List_of_people_considered_father_or_mother_of_a_scientific_field,Leonardo_da_Vinci,link,14
List_of_people_from_Atlanta,Raphael_Warnock,link,14
List_of_popes,The_Last_Judgment_(Michelangelo),link,14
List_of_stolen_paintings,Raphael,link,14
List_of_things_named_after_Leonardo_da_Vinci,Rome_Fiumicino_Airport,link,14
List_of_works_by_Leonardo_da_Vinci,Czartoryski_Museum,link,14
List_of_works_by_Leonardo_da_Vinci,Francesco_di_Giorgio_Martini,link,14
List_of_works_by_Titian,Lucretia_and_her_Husband_Lucius_Tarquinius_Collatinus,link,14
List_of_works_by_Titian,"Penitent_Magdalene_(Titian,_1531)",link,14
List_of_works_by_Titian,Perseus_and_Andromeda_(Titian),link,14
List_of_works_by_Titian,"Portrait_of_a_Lady_(Titian,_Chicago)",link,14
List_of_works_in_the_Louvre,Titian,link,14
Loyal_to_the_Game,Raphael_Saadiq,link,14
Luca_della_Robbia,Giovanni_della_Robbia,link,14
Madonna_del_Prato_(Raphael),Madonna_del_Cardellino,link,14
Madonna_of_the_Stairs,List_of_works_by_Michelangelo,link,14
Main_Page,The_Last_Judgment_(Michelangelo),other,14
Man,Michelangelo,link,14
Marconi-class_submarine,Italian_submarine_Leonardo_da_Vinci_(1939),link,14
Marina_Raphael,Daniel_Swarovski,link,14
Martin_Scorsese,Michelangelo_Antonioni,link,14
Marvin_Minsky,Bertram_Raphael,link,14
Mellon_Collie_and_the_Infinite_Sadness,Raphael,link,14
Michael_Eisner,Raphael_Bob-Waksberg,link,14
Michel_Deville,"Raphael,_or_The_Debauched_One",link,14
Michelangelo,Andrei_Konchalovsky,link,14
Michelangelo,Fall_of_man,link,14
Michelangelo,Genealogy_of_Jesus,link,14
Michelangelo,Rembrandt,other,14
Michelangelo,Santa_Maria_Novella,link,14
Michelangelo,Shakespeare's_sonnets,link,14
Michelangelo_(Teenage_Mutant_Ninja_Turtles),Peter_Laird,link,14
Michelangelo_(Teenage_Mutant_Ninja_Turtles),Teenage_Mutant_Ninja_Turtles:_Shredder's_Revenge,link,14
Michelangelo_Alessandro_Colli-Marchi,Battle_of_Mondovì,link,14
Michelangelo_Antonioni,Composition_(visual_arts),link,14
Michelangelo_Antonioni,Federico_Fellini,link,14
Michelangelo_Antonioni,Martin_Scorsese,link,14
Michelangelo_Antonioni,Miklós_Jancsó,link,14
Michelangelo_Antonioni_filmography,The_White_Sheik,link,14
Michelangelo_Rampulla,ASD_HSL_Derthona,link,14
Michelangelo_Rampulla,Massimiliano_Maddaloni,link,14
Modern_Style_(British_Art_Nouveau_style),Pre-Raphaelite_Brotherhood,link,14
Mona_Lisa_replicas_and_reinterpretations,Cultural_references_to_Leonardo_da_Vinci,link,14
Mona_Lisa_replicas_and_reinterpretations,Leonardo_da_Vinci,link,14
Moses_(Michelangelo),13,other,14
Murder_of_Ahmaud_Arbery,Raphael_Warnock,link,14
Museo_Nazionale_Scienza_e_Tecnologia_Leonardo_da_Vinci,List_of_museums_in_Milan,link,14
Never_Enough_(Daniel_Caesar_album),Raphael_Saadiq,link,14
Nidhe_Israel_Synagogue,Raphael_Hayyim_Isaac_Carregal,link,14
Obed_(biblical_figure),Michelangelo,link,14
Ophelia_(Heyser),Pre-Raphaelite_Brotherhood,link,14
Order_of_the_Golden_Spur,Raphael,link,14
Orsanmichele,Donatello,link,14
Orthodox_Judaism,Raphael_Cohen,link,14
Pareidolia,Leonardo_da_Vinci,link,14
Paul_Gauguin,Raphael,link,14
Peach,Raphaelle_Peale,link,14
Perseus_and_Andromeda_(Titian),Andromeda_(mythology),link,14
Personal_life_of_Leonardo_da_Vinci,Isabella_d'Este,link,14
Personal_life_of_Leonardo_da_Vinci,Virgin_of_the_Rocks,link,14
Pesaro_Madonna,Titian,link,14
Peter_Paul_Rubens,Raphael,link,14
Photorealism,Raphaella_Spence,link,14
Pierre-Auguste_Renoir,Raphael,link,14
Pietà_(Michelangelo),SS_Cristoforo_Colombo,link,14
Po_(river),Leonardo_da_Vinci,link,14
Pope_Paul_III,The_Last_Judgment_(Michelangelo),link,14
Portrait,Leonardo_da_Vinci,link,14
Portrait_of_Pope_Paul_III_(Titian),Pope_Paul_III,link,14
Portrait_of_a_Young_Man_(Raphael),Plenipotentiary,link,14
Portrait_of_a_Young_Man_(Raphael),Raging_Abe_Simpson_and_His_Grumbling_Grandson_in_'The_Curse_of_the_Flying_Hellfish',link,14
"Portrait_of_a_Young_Woman_(Raphael,_Strasbourg)",La_Fornarina,link,14
Portsmouth_jihadists,Raphael_Hostey,link,14
Pre-Raphaelite_Brotherhood,Benjamin_Robert_Haydon,link,14
Pre-Raphaelite_Brotherhood,David_Wilkie_(artist),link,14
Q-Tip_discography,Get_Involved_(Raphael_Saadiq_and_Q-Tip_song),link,14
Raffaello,Raphael,link,14
Raphael,Bismuth,link,14
Raphael,Elegiac,link,14
Raphael,Hierarchy_of_genres,link,14
Raphael,La_belle_jardinière,link,14
Raphael,Old_Master,link,14
Raphael,Sandro_Botticelli,other,14
Raphael,Sistine_Chapel_ceiling,link,14
Raphael_(archangel),Cape_of_Good_Hope,link,14
Raphael_(archangel),Haninah_ben_Teradion,link,14
Raphael_(archangel),Judaism,link,14
Raphael_(archangel),Life_of_Adam_and_Eve,link,14
Raphael_(archangel),"Saint-Raphaël,_Var",link,14
Raphael_Abramovitch,Mensheviks,link,14
Raphael_Akpejiori,Glen_Johnson_(boxer),link,14
Raphael_Assunção,UFC_200,link,14
Raphael_Bob-Waksberg,The_Lego_Movie_2:_The_Second_Part,link,14
Raphael_Cartoons,Parthenon,link,14
Raphael_Clarke,Xavier_Clarke,link,14
Raphael_Cormack,Durham_University,link,14
Raphael_Gualazzi,Urbino,link,14
Raphael_Honigstein,Julien_Laurens,link,14
Raphael_II_of_Constantinople,Neophytus_II_of_Constantinople,link,14
Raphael_Lemkin,Hayim_Nahman_Bialik,link,14
Raphael_Nathan,Purim,link,14
Raphael_Netz,Jessica_von_Bredow-Werndl,link,14
Raphael_Patai,The_Hebrew_Goddess,link,14
Raphael_Saadiq,J_Dilla,link,14
Raphael_Saadiq_production_discography,Cuff_It,link,14
Raphael_Sbarge,Carnosaur_(film),link,14
Raphael_Sbarge,My_Man_Adam,link,14
Raphael_Sbarge,Talking_Cricket,link,14
Raphael_Semmes,Commerce_raiding,link,14
Raphael_Thattil,Eminence_(style),link,14
Raphael_Utzig,Cong_An_Ho_Chi_Minh_City_FC,link,14
Raphael_Utzig,Zira_FK,link,14
Raphael_Wallfisch,Maya_Lasker-Wallfisch,link,14
Raphael_Warnock,Nathan_Deal,link,14
Raphael_Warnock,Republican_Party_(United_States),link,14
Raphael_Warnock,Richard_Dien_Winfield,link,14
Raphael_of_Brooklyn,Nepotism,link,14
Raphael_of_Brooklyn,Platon_Rozhdestvensky,link,14
Recoilless_rifle,Leonardo_da_Vinci,link,14
Renaissance_art,The_Last_Judgment_(Michelangelo),link,14
Replicas_of_Michelangelo's_David,Cast_Courts,link,14
Reptilia_(song),Gordon_Raphael,link,14
Republic_of_Venice,Donatello,link,14
Restoration_of_the_Sistine_Chapel_frescoes,Michelangelo,link,14
Restoration_of_the_Sistine_Chapel_frescoes,The_Last_Judgment_(Michelangelo),link,14
Rome,Michelangelo,link,14
SS_Conte_Biancamano,Museo_Nazionale_Scienza_e_Tecnologia_Leonardo_da_Vinci,link,14
SS_Leonardo_da_Vinci_(1958),MS_Giulio_Cesare,other,14
SS_Michelangelo,Ocean_liner,link,14
Sally_Jessy_Raphael,Logo_TV,link,14
Sally_Jessy_Raphael,The_Equalizer_(1985_TV_series),link,14
Samson_Raphael_Hirsch,Abraham_Geiger,link,14
Samson_Raphaelson,Rayna_Prohme,link,14
"San_Domenico,_Bologna",Saint_Proculus_(Michelangelo),link,14
Santa_Maria_sopra_Minerva,Michelangelo,link,14
Saturn_(Rubens),Michelangelo,link,14
Schmalkaldic_War,Titian,link,14
Science_and_inventions_of_Leonardo_da_Vinci,Adoration_of_the_Magi_(Leonardo),link,14
Science_and_inventions_of_Leonardo_da_Vinci,Pyrotechnics,link,14
Scott_Menville,Donatello_(Teenage_Mutant_Ninja_Turtles),link,14
Second_Coming,Michelangelo,link,14
Sforza_Castle,Michelangelo,link,14
Sibyls_(Raphael),Sibyl,link,14
Sistine_Chapel,Leonardo_da_Vinci,other,14
Sons_of_Raphael,Étoile_(TV_series),link,14
Splash_Waterfalls,Raphael_Saadiq,link,14
Starhotels,The_Michelangelo,link,14
Stendhal_syndrome,Michelangelo,link,14
Stink_bomb,Leonardo_da_Vinci,link,14
Teenage_Mutant_Ninja_Turtles:_Smash-Up,Raphael_(Teenage_Mutant_Ninja_Turtles),link,14
The_Apotheosis_of_Homer_(Ingres),Raphael,link,14
The_Coronation_of_Charlemagne,Raphael,link,14
The_Death_of_Actaeon,Danaë_(Titian_paintings),link,14
The_Feast_of_the_Gods,Titian,link,14
The_Last_Judgment_(Michelangelo),Last_Supper,link,14
The_Marriage_of_the_Virgin_(Raphael),"San_Francesco,_Città_di_Castello",link,14
The_Mass_at_Bolsena,Raphael,link,14
The_Michelangelo,Roxy_Theatre_(New_York_City),link,14
The_Raising_of_Lazarus_(Sebastiano_del_Piombo),Transfiguration_(Raphael),link,14
The_Rape_of_Europa_(Titian),Metamorphoses,link,14
The_Romance_of_Leonardo_da_Vinci,The_Death_of_the_Gods,link,14
The_Virgin_and_Child_with_Saint_Anne_and_Saint_John_the_Baptist,List_of_works_by_Leonardo_da_Vinci,link,14
Threshold_(Star_Trek:_Voyager),Raphael_Sbarge,link,14
Tintoretto,Michelangelo,link,14
Titian,Flora_(Titian),link,14
Titian,The_Bacchanal_of_the_Andrians,link,14
Titian_hair,Bache_Madonna,link,14
Trabzon,Titian,link,14
Ulyanovsk,Raphael_Zon,link,14
Unicorn,Leonardo_da_Vinci,link,14
Venus_with_a_Mirror,Perseus_and_Andromeda_(Titian),link,14
Vila_(fairy),Raphael_(archangel),link,14
Vinny_Magalhães,Raphael_Davis,link,14
Viriconium,Pre-Raphaelite_Brotherhood,link,14
W._Somerset_Maugham,Frederic_Raphael,link,14
Waterloo_(1970_film),David_di_Donatello,link,14
Wright_Flyer,Leonardo_da_Vinci,link,14
Yahweh,Raphael_(archangel),link,14
Yaya_DaCosta,Raphael_Saadiq,link,14
Yuval_Raphael,Israel_in_the_Eurovision_Song_Contest_2025,link,14
other-empty,61st_David_di_Donatello,external,14
other-empty,Benjamin_Raphael,external,14
other-empty,Colégio_Anglo_Leonardo_da_Vinci,external,14
other-empty,Dinner_with_Raphael,external,14
other-empty,Donatello_(singer),external,14
other-empty,Geela_Rayzel_Raphael,external,14
other-empty,Justice_(Titian),external,14
other-empty,List_of_awards_and_nominations_received_by_Raphael,external,14
other-empty,Michelangelo_Cambiaso,external,14
other-empty,Michelangelo_Palloni,external,14
other-empty,Otuekong_Raphael_Bassey,external,14
other-empty,"Pop_Off,_Michelangelo!",external,14
other-empty,Raphael_Beck_(artist),external,14
other-empty,Raphael_Fernandes,external,14
other-empty,Raphael_Girard,external,14
other-empty,Raphael_Lanier,external,14
other-empty,Raphael_Macebo_Mabuza_Ncube,external,14
other-empty,Raphael_Mackeller_Stores,external,14
other-empty,Raphael_Regius,external,14
other-empty,Raphael_Urweider,external,14
other-empty,The_Electric_Michelangelo,external,14
other-empty,The_Virgin_and_Child_(school_of_Donatello),external,14
other-empty,Titian_(disambiguation),external,14
other-empty,"Virgin_and_Child_with_Saints_Stephen,_Jerome_and_Maurice_(Titian,_Vienna)",external,14
other-external,Danaë_(Titian_paintings),external,14
other-external,Portrait_of_a_Young_Man_(Raphael),external,14
other-external,Replicas_of_Michelangelo's_David,external,14
other-external,The_Marriage_of_the_Virgin_(Raphael),external,14
other-internal,David_and_Goliath_(Titian),external,14
other-internal,Italian_submarine_Leonardo_da_Vinci_(1939),external,14
other-internal,Michelangelo_Alessandro_Colli-Marchi,external,14
other-internal,Raphael_Silva,external,14
other-internal,Saint_Catherine_of_Alexandria_(Raphael),external,14
other-internal,The_Conversion_of_Saul_(Michelangelo),external,14
other-internal,Venus_Anadyomene_(Titian),external,14
other-other,Pre-Raphaelite_Brotherhood,external,14
other-search,67th_David_di_Donatello,external,14
other-search,Baptism_of_Christ_(Titian),external,14
other-search,"""International_Italian_School_\""Leonardo_da_Vinci\""""",external,14
other-search,Leonce_Raphael_Agbodjelou,external,14
other-search,Lucretia_(Raphael),external,14
other-search,Madonna_and_Child_with_Four_Saints_(Titian),external,14
other-search,Marilyn_Raphael,external,14
other-search,Raphael_Bronstein,external,14
other-search,Raphael_Eristavi,external,14
other-search,Raphael_Mello,external,14
other-search,Raphael_Michael_Fliss,external,14
other-search,Raphael_Regius,external,14
other-search,Raphael_Trotman,external,14
other-search,Saint_Raphael_Lake,external,14
other-search,St._Raphael_the_Archangel_Church_(Montreal),external,14
2015_Indian_Super_League,Raphael_Augusto,link,13
2015–16_West_Ham_United_F.C._season,Raphael_Spiegel,link,13
2016–17_West_Ham_United_F.C._season,Raphael_Spiegel,link,13
2025_Africa_Cup_of_Nations_squads,Raphael_Onyedika,link,13
2025_Philippine_gubernatorial_elections,Raphaelle_Ortega-David,link,13
2026_Vietnamese_Cup_final,Raphael_Utzig,link,13
2026–27_Liga_MX_season,Raphael_Veiga,link,13
A_Problem_from_Hell,Raphael_Lemkin,link,13
Alba_Madonna,Raphael,link,13
Andrea_Mantegna,Donatello,link,13
April_O'Neil,Michelangelo_(Teenage_Mutant_Ninja_Turtles),link,13
Arabelle_Raphael,France,link,13
Arrigo_Sacchi,Michelangelo,link,13
Assumption_of_the_Virgin_(Titian),Transfiguration_(Raphael),link,13
Atlas_Slave,Michelangelo,link,13
BRS_Kash,Raphael_Warnock,link,13
Bacchus_(Michelangelo),List_of_works_by_Michelangelo,link,13
Baseball,Morris_Raphael_Cohen,link,13
Basilica_of_Saint_Anthony_of_Padua,Donatello,link,13
Battle_of_Bedriacum,Lucius_Salvius_Otho_Titianus,link,13
Battle_of_the_Caribbean,Italian_submarine_Leonardo_da_Vinci_(1939),link,13
Battle_of_the_Centaurs_(Michelangelo),Poliziano,link,13
Bee_Nguyen,Raphael_Warnock,link,13
Brotherhood_(Six_Feet_Under),Raphael_Sbarge,link,13
CS_Minaur_Baia_Mare_(football),Raphael_Stănescu,link,13
Cadore,Titian,link,13
Cardinal_and_Theological_Virtues_(Raphael),Cardinal_virtues,link,13
Cardinal_and_Theological_Virtues_(Raphael),Disputation_of_the_Holy_Sacrament,link,13
Cardinal_and_Theological_Virtues_(Raphael),Stanza_della_Segnatura,link,13
Castlemont_High_School,Raphael_Saadiq,link,13
Catherine_de'_Medici,Leonardo_da_Vinci,link,13
Centripetal_Catmull–Rom_spline,Raphael_Rom,link,13
Charites,Three_Graces_(Raphael),link,13
Charon,Michelangelo,link,13
Chris_and_Patrick_Vörös,Leonardo_da_Vinci,link,13
Christian_demonology,Michelangelo,link,13
Chronological_list_of_saints_and_blesseds_in_the_20th_century,Raphael_Kalinowski,link,13
Congregation_Emanu-El_(San_Francisco),Raphael_Peixotto,link,13
David_(Michelangelo),Leopold_II_of_Tuscany,link,13
David_Gilmour_Live_1984,Raphael_Ravenscroft,link,13
David_and_Goliath_(Titian),Goliath,link,13
David_di_Donatello_for_Best_Actor,The_Great_Ambition,link,13
David_di_Donatello_for_Best_Actress,Anna_Ferzetti,link,13
David_di_Donatello_for_Best_Film,Black_Souls,link,13
David_di_Donatello_for_Best_Film,Like_Crazy_(2016_film),link,13
David_di_Donatello_for_Best_Film,The_Great_Ambition,link,13
David_di_Donatello_for_Best_Film,The_Time_It_Takes_(film),link,13
David_di_Donatello_for_Best_Film,The_Traitor_(2019_film),link,13
Death_Battle,Raphael_(Teenage_Mutant_Ninja_Turtles),link,13
Demon,Michelangelo,link,13
Diana_(mythology),Diana_and_Actaeon_(Titian),link,13
Diana_and_Actaeon_(Titian),National_Gallery,link,13
Diana_and_Actaeon_(Titian),The_Rape_of_Europa_(Titian),link,13
Divine_judgment,The_Last_Judgment_(Michelangelo),link,13
Donatello_(Teenage_Mutant_Ninja_Turtles),Jeremy_Howard_(actor),link,13
Donatello_(Teenage_Mutant_Ninja_Turtles),Ninja_Turtles:_The_Next_Mutation,link,13
Donatello_(disambiguation),Donatello,link,13
Driving_to_Damascus,The_Raphaels,link,13
Early_Netherlandish_painting,Raphael_Cartoons,link,13
East_Bergholt,Sarah_Raphael,link,13
Echo_and_Narcissus,Pre-Raphaelite_Brotherhood,link,13
Eliyahu_Elyashar,Raphael_Meir_Panigel,link,13
Elizabeth_Macneal,Pre-Raphaelite_Brotherhood,link,13
Emanuel_Raphael_Belilios,Benjamin_Disraeli,link,13
"Embassy_of_the_Philippines,_Holy_See",Raphael_Lotilla,link,13
Emmett_Till_Antilynching_Act,Raphael_Warnock,link,13
Epyc,Raphael,link,13
Ernő_Rubik,Leonardo_da_Vinci,link,13
Esterhazy_Madonna,Raphael,link,13
Eurovision_Song_Contest_2026,Yuval_Raphael,link,13
Everything_You_Always_Wanted_to_Know_About_Sex*_(*But_Were_Afraid_to_Ask)_(film),Michelangelo_Antonioni,link,13
Ezekiel's_Vision_(Raphael),Palazzo_Pitti,link,13
FC_Santa_Claus,Raphael_Edereho,link,13
Fake_or_Fortune?,Raphael_Coxie,link,13
Federal_List_of_Extremist_Materials,Raphael_Lemkin,link,13
Flora_(Titian),"Salome_(Titian,_Rome)",link,13
Francis_III_of_Brittany,Leonardo_da_Vinci,link,13
Frederic_Raphael,D._M._Marshman_Jr.,link,13
Gabriele_Ferzetti,Michelangelo_Antonioni,link,13
Galatea,Galatea_(Raphael),link,13
Gerard_Manley_Hopkins,Pre-Raphaelite_Brotherhood,link,13
Gianfranco_Gazzana-Priaroggia,Italian_submarine_Leonardo_da_Vinci_(1939),link,13
Giovanni_Battista_Salvi_da_Sassoferrato,Raphael,link,13
Gretchen_Whitmer,Raphael_Warnock,link,13
H._Craig_Severance,The_Michelangelo,link,13
History_of_anatomy,Leonardo_da_Vinci,link,13
"History_of_the_World,_Part_I",Leonardo_da_Vinci,link,13
Homer_Badman,Sally_Jessy_Raphael,link,13
Hot_metal_typesetting,John_Raphael_Rogers,link,13
Hygrometer,Leonardo_da_Vinci,link,13
Indian_Ocean_in_World_War_II,Italian_submarine_Leonardo_da_Vinci_(1939),link,13
Invention_of_the_telephone,Museo_Nazionale_Scienza_e_Tecnologia_Leonardo_da_Vinci,link,13
Isaac_Bernays,Samson_Raphael_Hirsch,link,13
Italian_Renaissance_painting,The_Tribute_Money_(Masaccio),link,13
Italian_battleship_Leonardo_da_Vinci,Italian_battleship_Dante_Alighieri,link,13
John_Raphael_Smith,Thomas_Smith_(English_painter),link,13
Jonathan_Bailey,Leonardo_da_Vinci,link,13
June_Diane_Raphael,Michael_Ian_Black,link,13
Kamala_Harris,Raphael_Warnock,link,13
La_Défense,Leonardo_da_Vinci_University_Center,link,13
Leda_and_the_Swan_(Michelangelo),Leda_(mythology),link,13
Leda_and_the_Swan_(Michelangelo),National_Gallery,link,13
Leda_and_the_Swan_(Rubens),Leda_and_the_Swan_(Michelangelo),link,13
Legacy_Walk,Leonardo_da_Vinci,link,13
Leonardo_da_Vinci,Bartolomeo_Colleoni,link,13
Leonardo_da_Vinci,Czartoryski_Museum,link,13
Leonardo_da_Vinci,Dante_Alighieri,other,13
Leonardo_da_Vinci,Fra_Angelico,link,13
Leonardo_da_Vinci,"Giuliano_de'_Medici,_Duke_of_Nemours",link,13
Leonardo_da_Vinci,Human_body,link,13
Leonardo_da_Vinci,Leonardo,other,13
Leonardo_da_Vinci,Louise_of_Savoy,link,13
Leonardo_da_Vinci,Oil_painting,link,13
Leonardo_da_Vinci,Pope_Sixtus_IV,other,13
Leonardo_da_Vinci,Regisole,link,13
Leonardo_da_Vinci,Vaprio_d'Adda,link,13
"Leonardo_da_Vinci,_A_Memory_of_His_Childhood",Sigmund_Freud,link,13
List_of_Israeli_Ethiopian_Jews,Raphael_Hadane,link,13
"List_of_Murder,_She_Wrote_episodes",Raphael_Sbarge,link,13
List_of_Pre-Raphaelite_paintings,Circe_Offering_the_Cup_to_Ulysses,link,13
List_of_Pre-Raphaelite_paintings,Frank_Cadogan_Cowper,link,13
List_of_Pre-Raphaelite_paintings,Georgiana_Burne-Jones,link,13
List_of_Pre-Raphaelite_paintings,Glen_Birnam,link,13
List_of_Pre-Raphaelite_paintings,La_Ghirlandata,link,13
List_of_Pre-Raphaelite_paintings,List_of_works_by_Edward_Robert_Hughes,link,13
List_of_Pre-Raphaelite_paintings,Love_and_the_Maiden,link,13
List_of_Pre-Raphaelite_paintings,Pope_Urban_VI,link,13
List_of_Pre-Raphaelite_paintings,The_Gilded_Cage_(De_Morgan),link,13
List_of_Pre-Raphaelite_paintings,The_Siren_(Waterhouse_painting),link,13
List_of_Pre-Raphaelite_paintings,William_Lindsay_Windus,link,13
List_of_Roman_consuls,Lucius_Salvius_Otho_Titianus,link,13
List_of_autodidacts,Leonardo_da_Vinci,link,13
List_of_film_auteurs,Michelangelo_Antonioni,link,13
List_of_historic_mansions_in_the_United_States,Joseph_Raphael_De_Lamar_House,link,13
List_of_last_words,Michelangelo,link,13
List_of_museums_in_Milan,Museo_Nazionale_Scienza_e_Tecnologia_Leonardo_da_Vinci,link,13
List_of_paintings_by_Raphael,Diotallevi_Madonna,link,13
List_of_paintings_by_Raphael,Madonna_dell'Impannata,link,13
List_of_paintings_by_Raphael,Madonna_of_the_Rose_(Raphael),link,13
List_of_paintings_by_Raphael,Portrait_of_Emilia_Pia_da_Montefeltro,link,13
List_of_statues,David_(Michelangelo),link,13
List_of_statues_of_Jesus,The_Deposition_(Michelangelo),link,13
List_of_winners_and_nominated_authors_of_the_Booker_Prize,The_Electric_Michelangelo,link,13
List_of_works_by_Leonardo_da_Vinci,Hermitage_Museum,link,13
List_of_works_by_Michelangelo,Laurentian_Library,link,13
List_of_works_by_Michelangelo,Leonardo_da_Vinci,link,13
List_of_works_by_Titian,Assumption_of_the_Virgin_(Titian),link,13
List_of_works_by_Titian,Christ_Carrying_the_Cross_(Titian),link,13
List_of_works_by_Titian,David_and_Goliath_(Titian),link,13
List_of_works_by_Titian,"Salome_(Titian,_Rome)",link,13
List_of_works_by_Titian,Tarquin_and_Lucretia,link,13
List_of_works_by_Titian,Violante_(Titian),link,13
List_of_works_by_Titian,Woman_Holding_an_Apple,link,13
MacArthur_Fellows_Program,Raphael_Carl_Lee,link,13
Madonna_(art),Raphael,link,13
Madonna_of_the_Carnation,Leonardo_da_Vinci,link,13
Maes_Titianus,Daqin,link,13
Manchester_Art_Gallery,Pre-Raphaelite_Brotherhood,link,13
Mandaeism,Titian,link,13
Marian_art_in_the_Catholic_Church,Pietà_(Michelangelo),link,13
Masaccio,San_Giovanni_Valdarno,link,13
Medical_Renaissance,Science_and_inventions_of_Leonardo_da_Vinci,link,13
Michael_Lewis,Donatello,link,13
Michelangelo,Florence,link,13
Michelangelo,Mona_Lisa,link,13
Michelangelo,Nanni_di_Banco,link,13
Michelangelo,Niccolò_Machiavelli,other,13
Michelangelo,Petrarch,other,13
Michelangelo,Piero_Soderini,link,13
Michelangelo,Pope_Adrian_VI,link,13
Michelangelo,Trinity,link,13
Michelangelo_(Teenage_Mutant_Ninja_Turtles),Teenage_Mutant_Ninja_Turtles:_Out_of_the_Shadows_(video_game),link,13
Michelangelo_(given_name),Michael_(archangel),link,13
Michelangelo_Alessandro_Colli-Marchi,Battle_of_Borghetto,link,13
Michelangelo_Anselmi,Michelangelo,link,13
Michelangelo_Antonioni_filmography,A_Pilot_Returns,link,13
Michelangelo_Antonioni_filmography,Zabriskie_Point,link,13
Michelangelo_Dying,John_Cale,link,13
Michelangelo_Rampulla,Emil_Audero,other,13
Michelangelo_Signorile,Malcolm_Forbes,link,13
Michelangelo_and_the_Medici,The_Last_Judgment_(Michelangelo),link,13
Michele,Michelangelo_(given_name),link,13
Mimar_Sinan,Leonardo_da_Vinci,link,13
Mimar_Sinan,Michelangelo,link,13
Moses,Michelangelo,link,13
Moses_(Michelangelo),Dying_Slave,link,13
Moses_(Michelangelo),High_Renaissance,link,13
Moses_(Michelangelo),Main_Page,other,13
Moses_Soyer,Raphael_Soyer,link,13
Museo_Ideale_Leonardo_da_Vinci,Museo_leonardiano_di_Vinci,link,13
Museo_Nazionale_Scienza_e_Tecnologia_Leonardo_da_Vinci,IBM_704,link,13
Museo_leonardiano_di_Vinci,Leonardo_da_Vinci,link,13
Neil_El_Aynaoui,Raphael_Onyedika,other,13
Nelson_Mandela_Square,Michelangelo_Towers,link,13
Nikola_Tesla,Leonardo_da_Vinci,other,13
Oil_painting,Raphael,link,13
Olive_Thomas,Raphael_Kirchner,link,13
Penitent_Magdalene_(Donatello),Saint_John_the_Baptist_(Donatello),link,13
"Peregrine_Cavendish,_12th_Duke_of_Devonshire",Raphael,link,13
Personal_life_of_Leonardo_da_Vinci,Château_d'Amboise,link,13
Personal_life_of_Leonardo_da_Vinci,Mona_Lisa,link,13
Peter_Paul_Rubens,Leonardo_da_Vinci,link,13
Peterson_Racing,Raphael_Matos,link,13
Piazzale_Michelangelo,Florence_Baptistery,link,13
Pietà_(Michelangelo),Donato_Bramante,link,13
Pietà_(Titian),Palma_il_Giovane,link,13
Pitti_Tondo,Michelangelo,link,13
Poetry_of_Joseph_Stalin,Raphael_Eristavi,link,13
Population_transfer_in_the_Soviet_Union,Raphael_Lemkin,link,13
Porta_Pia,Michelangelo,link,13
Practically_Perfect_(Dexter),Raphael_Sbarge,link,13
Pre-Raphaelite_Brotherhood,Alexander_Munro_(sculptor),link,13
Pre-Raphaelite_Brotherhood,Artistic_symbol,link,13
Pre-Raphaelite_Brotherhood,Birmingham_Group_(artists),link,13
Pre-Raphaelite_Brotherhood,Paula_Modersohn-Becker,link,13
Rafi_(name),Raphael_(given_name),link,13
Raphael,Borgo_Nuovo_(Rome),link,13
Raphael,Caravaggio,other,13
Raphael,Florence,link,13
Raphael,Pope_Alexander_VI,link,13
Raphael,Sistine_Chapel,link,13
Raphael,The_Mass_at_Bolsena,link,13
Raphael,Verdigris,link,13
Raphael_(archangel),Mission_San_Rafael_Arcángel,link,13
Raphael_(archangel),Tzaraath,link,13
Raphael_(given_name),Raphael_of_Brooklyn,link,13
Raphael_Assunção,Matthew_Lopez_(fighter),link,13
Raphael_Augusto,Abahani_Limited_Dhaka,link,13
Raphael_Bob-Waksberg,Brand_New_Couch,link,13
Raphael_Bob-Waksberg,"Palo_Alto,_California",link,13
Raphael_Dwamena,Kategoria_Superiore,link,13
Raphael_Dwamena,Red_Bull_Ghana,link,13
Raphael_Guzzo,CF_Reus_Deportiu,link,13
Raphael_Holinshed,Llŷr,link,13
Raphael_Honigstein,James_Horncastle,link,13
Raphael_Lemkin,Axis_powers,link,13
Raphael_Lemkin,Main_Page,other,13
Raphael_Maitimo,Beijing_Institute_of_Technology_F.C.,link,13
Raphael_Maitimo,Canada_men's_national_under-17_soccer_team,link,13
Raphael_Michael_Fliss,Peter_F._Christensen,link,13
Raphael_Odogwu,Virtus_Verona,link,13
Raphael_Ravenscroft,Chipping_Norton_Recording_Studios,link,13
Raphael_Ravenscroft,In_Our_Lifetime_(Marvin_Gaye_album),link,13
Raphael_Ravenscroft,Pictures_at_Eleven,link,13
Raphael_Saadiq,I_Lied_to_You,link,13
Raphael_Saadiq,"Oakland,_California",link,13
Raphael_Saadiq,Progressive_soul,link,13
Raphael_Saadiq,Robert_Christgau,link,13
Raphael_Saadiq_production_discography,Freaky_Tales_(film),link,13
Raphael_Sbarge,1883_(TV_series),link,13
Raphael_Sbarge,BASEketball,link,13
Raphael_Sbarge,Monday_Mornings,link,13
Raphael_Sbarge,Pearl_Harbor_(film),link,13
Raphael_Sbarge,The_Hidden_II,link,13
Raphael_Sbarge,Željko_Ivanek,other,13
Raphael_Semmes,Battle_of_Cherbourg_(1864),link,13
Raphael_Warnock,South_West_Africa,link,13
Raphaelle_Standell-Preston,Braids_(band),link,13
Red_hair,Pre-Raphaelite_Brotherhood,link,13
Rembrandt,The_Archangel_Raphael_Leaving_Tobias'_Family,link,13
"Risen_Christ_(Michelangelo,_Santa_Maria_sopra_Minerva)",List_of_works_by_Michelangelo,link,13
Roller_chain,Leonardo_da_Vinci,link,13
Rorschach_test,Leonardo_da_Vinci,link,13
S.H.I.E.L.D._(2010_series),Leonardo_da_Vinci,link,13
Saint_Catherine_of_Alexandria_(Raphael),Leda_and_the_Swan_(Leonardo),link,13
Saint_George_(TV_series),Tobit_Raphael,link,13
Saint_George_and_the_Dragon_(Raphael),List_of_paintings_by_Raphael,link,13
Samson_Raphael_Hirsch,Conservative_Judaism,link,13
Samson_Raphaelson,Heaven_Can_Wait_(1943_film),link,13
Saturday_Nights_&_Sunday_Mornings,When_I_Dream_of_Michelangelo,link,13
Science_and_inventions_of_Leonardo_da_Vinci,Anamorphosis,link,13
Science_and_inventions_of_Leonardo_da_Vinci,Solar_power,link,13
Science_and_inventions_of_Leonardo_da_Vinci,Vebjørn_Sand_Da_Vinci_Project,link,13
Scipio_Africanus,Vision_of_a_Knight_(Raphael),link,13
Scottish_National_Gallery,Leonardo_da_Vinci,link,13
Self-portrait,Masaccio,link,13
Siege,Leonardo_da_Vinci,link,13
Silk_Road,Maes_Titianus,link,13
Skeleton,Leonardo_da_Vinci,link,13
Sleeping_Cupid_(Michelangelo),Michelangelo,link,13
Social_Democratic_Bund,Raphael_Abramovitch,link,13
Sophie_Gray,Pre-Raphaelite_Brotherhood,link,13
Sprezzatura,The_Marriage_of_the_Virgin_(Raphael),link,13
St._Raphael_(aircraft),Princess_Anne_of_Löwenstein-Wertheim-Freudenberg,link,13
St_Raphael's_Estate,Neasden,link,13
Striped_Raphael_catfish,Doradidae,link,13
Susan_Sontag,Raphael_Demos,link,13
Teenage_Mutant_Ninja_Turtles:_Splintered_Fate,Raphael_(Teenage_Mutant_Ninja_Turtles),link,13
The_Archangel_Raphael_and_Tobias_(Titian),Tobias_and_the_Angel,link,13
The_Art_of_Joy_(TV_series),David_di_Donatello,link,13
The_Best_Offer,David_di_Donatello,link,13
The_Conversion_of_Saul_(Michelangelo),Michelangelo,link,13
The_Death_of_Actaeon,The_Rape_of_Europa_(Titian),link,13
The_Entombment_(Michelangelo),Rondanini_Pietà,link,13
The_Expulsion_of_Heliodorus_from_the_Temple,Raphael_Rooms,link,13
The_Feast_of_Herod_(Donatello),Donatello,link,13
The_Genius_of_Victory,Michelangelo,link,13
The_Gunner's_Dream,Raphael_Ravenscroft,link,13
The_Lord_of_the_Rings,Michelangelo_Antonioni,link,13
The_Other_Side_of_the_Wind,Michelangelo_Antonioni,link,13
The_Polymath,Science_and_inventions_of_Leonardo_da_Vinci,other,13
The_Rape_of_Europa_(Titian),Leucippe_and_Clitophon,link,13
The_Shadow_(painting),Pre-Raphaelite_Brotherhood,link,13
The_Totally_Football_Show,Raphael_Honigstein,link,13
Titian,Bartolomé_Esteban_Murillo,link,13
Titian,"Charles_V,_Holy_Roman_Emperor",link,13
Titian,Francesco_Vecellio,link,13
Titian,Portrait_of_Pope_Paul_III_(Titian),link,13
Titian_Peale,Titian_Ramsay_Peale_I,link,13
Tom_Conti,David_di_Donatello,link,13
Toni_Servillo,David_di_Donatello_for_Best_Actor,link,13
Trigger_(guitar),Mickey_Raphael,link,13
Unfinished_creative_work,Donatello,link,13
Vatican_Museums,Leonardo_da_Vinci,link,13
Venus_and_Adonis_(Titian),The_Rape_of_Europa_(Titian),link,13
Venus_and_Adonis_(Titian),Titian,link,13
Virgin_and_Child_with_Saint_Anne_(Masaccio),List_of_major_paintings_by_Masaccio,link,13
Visualization_(graphics),Leonardo_da_Vinci,link,13
Vitruvius,Michelangelo,link,13
Wayne_Grayson,Michelangelo_(Teenage_Mutant_Ninja_Turtles),link,13
William_Shakespeare,Pre-Raphaelite_Brotherhood,link,13
Yolande_de_Polastron,Raphael,link,13
Yuval_Raphael,Pedaya,link,13
other-empty,59th_David_di_Donatello,external,13
other-empty,67th_David_di_Donatello,external,13
other-empty,Carioca_(Raphael_Gualazzi_song),external,13
other-empty,Haim_Raphael_HaLevi_ben_Aaron_of_Staroselye,external,13
other-empty,Holy_Family_(Andrea_del_Sarto),external,13
other-empty,Lawrence_Raphael,external,13
other-empty,Lucretia_(Raphael),external,13
other-empty,Mary_F._Raphael,external,13
other-empty,Michelangelo_Baracchi_Bonvicini,external,13
other-empty,Michelangelo_quadrangle,external,13
other-empty,Mystic_Marriage_of_Saint_Catherine_(Andrea_del_Sarto),external,13
